word;relative_frequency;corpus_commonality
toothbrush;15.0000;45
brush;75.0000;63
banana;175.0000;63
flower;107.8571;63
represent;5.0000;9
noise;161.4286;63
Daddy;1364.3750;72
spoon;120.0000;63
cot;52.0000;45
door;575.1429;42
pig;330.0000;63
nose;186.4286;63
chair;319.7143;42
mouth;130.0000;63
paper;128.5714;56
byebye;312.5000;36
plane;107.1429;63
cow;734.8393;56
meow;34.0000;45
boy;335.8000;35
ball;269.2857;21
bus;253.3333;54
shoe;483.2857;42
teddy;403.5714;63
pram;80.0000;63
mug;11.0000;45
gate;183.3333;54
cake;429.2321;56
biscuit;222.1429;63
light;133.4792;48
baby;1422.7500;32
fish;375.3878;49
hat;514.2245;49
down;1968.7500;32
milk;343.5714;56
pencil;36.4286;63
rain;157.1429;63
tea;510.0000;63
woman;17.0000;45
doggy;105.0000;63
comb;44.0000;45
pear;123.0000;45
apple;260.2041;49
piggy;105.0000;54
lady;416.6667;54
horse;541.0536;56
puppy;51.4286;63
water;429.5357;28
duck;301.6429;56
mummie;425.7143;63
stair;46.8750;72
key;120.0000;63
tongue;16.0000;45
bed;503.3061;49
jam;56.2500;36
nail;83.7500;36
sun;77.2500;48
table;160.9048;42
tree;244.5357;56
bird;102.3673;49
rabbit;231.9107;56
cup;302.3750;48
bath;204.7500;56
bag;265.7143;63
seesaw;116.6667;54
egg;637.1429;49
man;741.0000;42
letter;97.0000;45
road;165.7143;63
all_gone;283.3333;54
eye;312.4898;49
bib;67.0000;45
birdie;76.6667;54
girl;287.7429;35
sheep;198.5714;63
sweetie;83.5714;63
Sandy;8.3333;27
jug;11.2500;36
Ribena;50.0000;36
scarf;18.0000;45
book;370.2857;28
sock;190.7755;49
pen;124.3000;40
tell;130.0938;32
car;3562.8571;28
of;833.7500;8
no;18998.0000;8
boat;378.9375;48
train;1819.4375;48
kiss;122.0000;45
ring;166.0000;45
bucket;77.0000;45
orange;723.8333;48
chocolate;165.8333;54
Marmite;33.3333;27
medicine;48.0000;45
bottle;177.0000;45
mouse;114.1667;54
cotton;10.0000;18
lap;25.0000;36
story;177.6250;48
cardigan;8.7500;36
parcel;23.3333;27
lunch;54.2500;24
balloon;105.8333;54
please;959.0000;24
toast;125.0000;54
crispies;17.5000;18
lounge;11.6667;27
crocodile;42.5000;54
supper;21.6667;27
ready;220.8333;36
pepper;77.0000;45
beer;65.0000;36
Mummy;3743.3036;56
Mini;22.5000;36
pocket;76.5000;32
Sally;57.0000;45
yellow;635.7857;56
way;740.0000;30
toe;172.5000;54
away;892.5000;28
kakaka;5.0000;9
nice;306.8571;42
other;597.0000;28
bike;135.8333;54
glass;112.5000;54
Jenny;98.7500;36
another;1776.6667;36
buy;292.2857;49
grape;310.8333;54
piece;233.1875;48
more;1795.8095;21
bread;125.0000;54
work;364.5714;42
lion;288.3333;54
ups_a_daisy;33.3333;27
wipe;118.7500;36
reindeer;41.6667;27
behind;75.8333;54
Suki;45.0000;18
where;3543.7500;28
pottie;96.2500;36
bear;188.0000;42
onion;59.0000;45
kitchen;71.5000;42
back;975.6190;21
top;464.2857;42
hello;627.6111;36
curler;32.5000;18
quack;68.0000;45
bacon;15.0000;45
Kipper;15.0000;9
bone;74.0000;45
prune;15.0000;9
God;15.7500;32
bless;28.7500;36
swim;188.3333;54
dummy;31.2500;36
night_night;122.5000;36
give;271.7619;21
hand;419.1250;24
pudding;47.5000;36
run;254.9444;36
bum;34.1250;48
night;93.7500;48
umbrella;34.1667;54
clinic;5.0000;9
lawn;7.5000;18
grass;177.5000;54
wine;24.0000;45
rhubarb;10.0000;27
dress;237.5000;54
gown;16.2500;36
doo;5.0000;9
cannot;1998.5714;49
Maria;7.5000;18
Lulu;116.6667;27
bottom;155.1875;48
sunny;17.0000;45
mind;75.8333;54
sore;92.5000;54
map;12.5000;18
chin;27.5000;36
finish;227.7778;36
cushion;61.0000;45
John;180.0000;54
sugar;73.0000;45
window;182.5000;54
cry;225.7500;48
sick;94.5000;48
again;1433.6000;30
look;3165.7500;28
Tim;8.3333;27
wait;174.0556;36
naughty;344.5000;48
spider;217.5952;42
climb;130.0000;54
belt;13.3333;27
fly;169.8571;56
turn;352.6250;24
lorry;297.5000;36
library;18.3333;27
boot;73.3333;54
cough;37.5000;36
upstairs;137.5000;54
tie;63.3333;54
moo;182.5000;54
dirty;153.3333;54
leaf;25.6250;24
finger;175.1042;48
leg;266.6667;42
seat;75.5625;48
ear;153.3333;54
chicken;307.0000;45
kettle;26.6667;27
lolly;37.5000;54
tart;28.3333;27
doctor;178.5208;48
dark;120.0000;45
oh;8404.8000;35
sure;33.0286;35
boo;95.4062;32
hi;57.8571;35
handkerchief;10.0000;9
doggie;115.0000;54
dolly;1047.0000;45
wireless;10.0000;9
truck;653.3333;54
bunny;50.8750;48
fire;283.2143;42
Jaffa;10.0000;18
dustbin;21.2500;36
button;102.5000;54
right;713.2500;28
holly;25.0000;45
gorilla;23.7500;36
pinkie;5.0000;9
break;718.7755;49
pink;300.0000;63
red;765.0000;42
Lucy;68.0000;45
sleep;798.8750;48
own;85.0000;54
cuddle;127.5000;36
knife;78.3333;54
peg;15.0000;27
ride;159.2381;42
blue;871.5306;49
tit;20.0000;9
butter;53.7500;40
animal;307.5000;48
basket;121.0000;45
polar;62.5000;36
shy;10.0000;27
busy;51.0000;45
fight;56.0000;45
leave;229.6667;36
alone;33.7500;36
wear;117.7500;48
enough;72.5000;54
curtain;49.0000;45
heavy;153.0000;45
tin;115.0000;45
Lockett;5.0000;9
bark;13.3333;27
careful;63.3333;54
hot;418.0833;36
clip;39.1667;54
hair;411.3571;42
cupboard;30.0000;45
he;2345.5714;14
com;5.0000;9
course;68.0000;45
mine;1107.5556;18
Easter;7.7083;24
better;313.3333;42
pip;18.3333;27
thank_you;326.4286;63
macaroni;7.5000;18
thumb;41.2500;36
tricycle;5.0000;9
new;112.0000;24
peepo;27.5000;18
jump;312.7500;36
off;1900.4444;18
floor;240.0000;54
inside;114.9048;42
starling;12.5000;18
two;2034.5000;18
robin;10.0000;36
jelly;65.0000;36
boil;7.5000;36
around;56.1200;25
cream;122.5000;54
poof;5.0000;9
goosie;7.5000;18
gander;5.0000;18
crumb;6.6667;27
those;601.1250;24
round;779.1667;54
slipper;83.3333;54
Chandley;5.0000;18
foal;11.6667;27
drink;624.8889;36
crust;17.5000;18
cheese;223.2000;40
carrot;109.0000;45
Jack;29.1667;54
last;104.0000;36
slide;177.5000;54
afternoon;16.2500;36
ice;400.8333;54
bite;1048.4571;35
clean;164.8333;48
nappie;50.0000;45
cornflakes;55.0000;27
nearly;93.3333;54
never;97.8286;35
cut;265.0000;36
wake;157.5000;54
cook;148.5000;48
first;142.2778;18
drop;219.0000;45
none;34.0000;45
him;824.2500;28
stop;550.3750;24
mend;127.0000;45
little;1073.9444;18
wash;285.0000;30
yet;218.2143;42
tick;73.7500;36
fancy;7.5000;36
downstairs;108.3333;54
fit;625.0000;54
push;292.5000;36
Anne;905.0000;27
choo;805.0000;54
tip;180.8333;54
sweep;25.0000;36
mess;95.4000;40
yeah;9561.0857;35
baa;112.0000;45
spade;43.3333;27
strawberry;212.5000;54
tummy;141.0000;45
teeth;65.8333;54
else;142.4000;30
stick;565.1020;49
peekaboo;236.6667;27
juice;288.5143;35
reach;75.0000;45
mhm;3333.3333;54
who;438.7500;28
Ellie;53.3333;27
Alistair;25.0000;18
Davey;5.0000;9
lid;247.0000;45
open;558.0000;28
pussy;51.0000;45
cat;743.1111;36
shirt;44.1000;40
pant;113.4000;40
head;386.6667;36
trouser;135.0000;54
quickly;15.0000;45
clothe;186.6667;54
these;960.0000;28
sit;1349.2500;24
Jill;17.5000;36
James;356.2500;36
whose;24.0000;45
cover;190.0000;36
ta;46.2500;36
whoop;420.1458;48
miss;123.3333;42
um;1474.5714;42
lose;197.4762;42
tissue;60.0000;45
bin;104.0000;48
tower;413.0000;45
step;115.3750;48
fishy;33.7500;36
ah;115.1429;42
Grandad;41.0000;45
Grandma;176.4000;40
whoops_a_daisy;93.3333;27
next;101.8286;35
sky;102.5000;54
toy;662.2857;49
late;196.6667;54
take;864.1667;24
hooray;80.0000;27
Humpty;28.3333;27
t;100.8333;54
move;268.0000;30
Humpty_Dumpty;63.3333;27
Dumpty;26.6667;27
help;364.4444;18
okay;572.5000;30
comfy;8.3333;27
swing;68.3333;48
clever;38.7500;36
funny;145.0000;42
wee;702.8571;63
toilet;70.8333;54
happy;127.2857;42
sleepy;34.0000;45
hiya;109.0000;45
paddle;17.5000;36
pool;55.5000;48
face;126.4762;42
Pooh_Bear;131.6667;27
poly;5.0000;18
tiger;427.5000;54
whoopsie;25.0000;27
fishie;61.2500;36
whale;186.2500;36
yummy;61.4250;40
giraffe;230.0000;54
uhoh;363.7500;36
penguin;198.3333;54
hippo;246.6667;27
soup;116.0000;45
chip;262.5000;48
tuck;30.0000;27
real;58.2857;42
tomato;242.0000;45
yum;207.6750;40
sausage;186.6667;54
melon;46.0000;45
try;242.1429;42
alright;153.7500;48
elephant;340.8333;54
hey;171.8889;36
pickle;33.3333;27
bean;111.4688;32
pick;117.6190;42
tellie;80.0000;27
Thomas;1014.0000;45
tidy;75.8333;54
sorry;195.7143;42
morning;54.7500;48
pardon;25.0000;54
three;1027.2500;24
beepbeep;30.0000;27
hurt;216.7500;56
let;869.7500;24
land;28.0000;45
helicopter;108.3333;54
Mum;780.4082;49
whee;265.8333;54
pop;119.0000;45
monkey;400.8333;54
lie;205.0000;54
box;566.3125;48
tire;169.0500;40
chase;53.3333;54
gently;46.6667;27
quiet;61.0000;45
tasty;14.0000;45
err;48.3333;27
crisp;90.0000;54
fork;81.0000;45
horrid;15.0000;27
show;136.8000;30
garden;86.6667;54
wrong;126.7500;48
fence;168.7750;40
wall;136.0000;45
bench;10.0000;18
clipclop;10.0000;27
happen;126.0000;48
tunnel;387.0000;45
brilliant;11.6667;54
brumm;953.3333;27
panda;503.7500;36
squeaky;13.3333;27
squeaksqueak;5.0000;9
Caroline;1201.2500;36
pretend;130.8333;54
meat;49.5000;40
pinch;61.2500;36
hide;344.0000;48
five;376.0000;30
tickle;144.2292;48
fat;29.1667;54
bang;340.0000;63
muddle;5.0000;18
parrot;58.3333;27
snake;235.0000;36
tail;135.0000;54
horsie;282.5000;54
Carl;410.0000;27
Ryan;5.0000;18
nursery;58.3333;54
asleep;120.8333;54
dance;68.0000;45
frog;78.0000;42
settee;22.5000;54
set;49.0000;45
pajama;79.1667;54
breakfast;69.1250;48
bridge;670.8333;54
crash;594.1667;54
mieow;118.3333;27
wing;33.0000;45
atechoo;10.0000;18
pull;325.8333;54
quick;37.3750;48
hmm;228.3333;27
smarties;32.5000;36
pan;66.6667;54
spill;51.2500;36
yep;82.0625;48
catch;209.4444;36
throw;249.1667;36
Paddington;25.0000;18
cart;10.0000;27
stand;433.5833;48
ow;245.8333;54
coke;20.0000;54
shoulder;73.3333;27
quackquack;6.6667;27
why;1026.0000;28
Duplo;98.7500;36
shark;55.8333;54
space;40.0000;54
wow;44.2500;48
cob;35.0000;27
celery;28.3333;27
pineapple;57.5000;36
zoo;73.3333;54
shall;364.5000;40
brum;231.6667;27
steady;55.0000;27
say;362.1429;14
seaside;40.0000;36
town;29.0000;45
goodness;17.5000;18
sneeze;24.0000;45
Granddad;181.2500;36
further;8.3333;27
Kirsty;15.0000;18
Emily;10.0000;27
Gran;10.0000;9
page;141.0000;45
Momma;5.0000;18
snail;52.0000;45
cold;210.5714;42
snow;70.0000;54
splash;75.8333;54
sand;84.5714;42
sandwich;80.8333;54
shush;60.0000;36
blow;131.6667;54
weed;23.7500;36
poo;163.5000;48
bubble;50.0000;54
present;94.0000;45
silly;165.8333;54
Mum_Mum;10.0000;18
closer;6.6667;27
Rachel;99.0000;45
close;146.9286;42
press;94.5000;48
lovely;66.6667;54
Da_bear;15.0000;9
music;48.3000;40
Ring_roses;20.0000;9
walk;174.4286;42
bit;112.9333;30
cheeky;28.3333;54
mannie;25.0000;9
seven;160.0000;42
nine;146.2500;48
ahem;5.0000;9
brick;600.0000;54
hold;259.2653;49
an;227.3333;36
bibbie;6.6667;27
hole;158.4375;48
penny;155.0000;45
tractor;302.5000;54
driver;260.0000;45
ss;28.7500;36
green;756.2500;36
dong;18.3333;27
wet;202.5000;54
ham;20.0000;45
Minny;10.0000;9
din;33.7500;36
dodo;27.5000;18
lip;16.0000;45
poster;7.5000;36
wheel;376.6667;54
er;256.2500;36
stone;48.7500;36
coat;94.5000;40
keep;130.0000;42
bow;52.5000;36
doll;235.3750;48
hoop;36.6667;27
cheek;13.3333;27
share;29.1667;54
Mary;57.5000;36
stack;11.0000;45
line;99.5714;42
six;239.2500;48
pound;98.0000;45
draw;468.7500;48
carpet;46.0000;45
peach;86.6667;27
van;136.6667;54
rat;22.5000;36
nut;96.0000;45
bee;64.0000;45
neigh;67.5000;36
dead;55.0000;54
kick;75.0000;42
sack;10.0000;9
pay;49.0000;45
bump;320.0000;54
greenie;5.0000;9
Toby;233.7500;36
knick;38.3333;27
wave;35.0000;36
choochoo;38.3333;27
whoo;78.0000;45
smoke;67.5000;54
coal;52.5000;36
ticket;30.0000;36
need;1176.8750;24
Worzel;10.0000;9
knock;246.6667;54
monster;138.3333;54
polish;10.0000;27
Ted;111.6667;27
Percy;768.3333;27
keeper;5.0000;18
string;21.2500;36
hen;103.3333;54
plate;200.0000;45
porridge;31.0000;45
hammer;149.1667;54
armband;28.7500;36
under;311.5000;48
jungle;17.0000;45
song;69.0000;48
peek;5.0000;9
Pingu;181.6667;54
Ian;15.0000;27
cross;109.1667;54
paint;247.0000;42
party;90.4792;48
birthday;129.1667;42
sad;77.7000;40
Bert;58.3333;27
phone;120.8333;54
aeroplane;99.1667;54
nana;326.0000;45
moon;58.0000;45
star;180.0000;36
grr;111.6667;27
Symber;40.0000;9
peep;208.0000;45
Thomas_Engine;5.0000;9
bounce;30.0000;36
bouncy;14.0000;45
gribbet;16.6667;27
Spot;121.0000;45
spout;15.0000;36
fee;45.8333;54
nee;270.0000;27
dig;47.7750;40
fast;164.2500;48
burny;6.2500;36
noisy;60.8333;54
shape;64.8000;40
Zita;150.0000;18
screwdriver;53.3333;27
fix;387.7917;48
tv;18.3750;48
tortoise;40.0000;45
ugh;43.3333;27
ooo;8.3333;27
clock;59.2500;48
Wayne;15.0000;9
Gordon;771.2500;36
Henry;408.7500;36
straw;27.5000;36
fox;27.5000;36
ambulance;92.0000;45
tap;34.1667;54
build;419.1667;54
side;94.4762;42
eh;45.7143;63
grrr;132.5000;36
croc;52.5000;18
rid;61.2500;36
fell;153.2143;56
tight;59.1667;54
circus;13.0000;45
castle;129.0000;45
poor;213.7500;36
pa;21.6667;27
bad;91.1429;42
handle;15.0000;36
everybody;58.3333;42
poorly;198.7500;36
Amy;29.0000;45
rainbow;68.7500;36
four;497.7778;36
eight;150.7500;48
ten;120.7500;48
lemon;148.7500;36
cheer;15.0000;36
only;180.1429;42
beep;300.0000;45
Charles;5.0000;9
bat;28.7500;36
jumper;48.0000;45
Thom;12.5000;18
ribbet;21.6667;27
froggie;41.6667;27
shin;7.5000;18
ouch;167.5000;36
already;40.0000;36
Tiggie;25.0000;9
Pooh;41.6667;27
Piglet;31.2500;36
Eeyore;11.6667;27
Kanga;10.0000;9
Roo;10.0000;9
Anna;1773.3333;24
oo;50.7143;63
squeak;66.2500;36
tennis;7.5000;18
air;34.0000;45
nanas;68.3333;27
kite;48.3333;54
Berthorse;15.0000;9
huh;763.4286;49
hungry;118.1250;48
thirsty;11.5500;40
thank;100.3810;42
smile;44.0000;45
rocket;37.5000;36
Fat_Controller;98.3333;27
Clara;20.0000;9
Th;50.0000;45
poop;31.2500;36
Pat;64.0000;45
Jess;48.7500;36
Goggins;12.5000;18
Edward;311.6667;27
woof;87.0000;45
its;37.5000;54
achoo;118.3333;27
digger;202.5000;54
sweet;74.1667;54
king;50.0000;54
white;336.3214;56
c;80.0000;54
Berton;5.0000;9
into;111.8333;36
Bertthe;5.0000;18
Jane;16.2500;36
cluck;20.0000;27
butterfly;63.3333;54
bumble;10.0000;36
Mickey_Mouse;15.0000;27
Granny;108.3333;54
sticky;112.5000;36
color;246.3542;48
engine;171.6667;54
Thomas_the_Tank;46.6667;27
track;255.0000;45
Thomas_Tank;30.0000;18
cockpit;5.0000;9
as_well;190.0000;54
number;151.5000;48
upset;20.0000;18
Tank;85.0000;45
fireman;66.2500;36
The_Tank;10.0000;9
Thomas_and_the_Tank;5.0000;9
booby;15.0000;18
out_of;127.8571;63
ladder;94.1667;54
mane;7.5000;18
Daddys;7.5000;18
stay;195.8333;30
Postman_Pat;206.6667;27
knickers;101.6667;27
ding;42.5000;36
knee;185.7143;63
sunshine;41.6667;27
through;204.1458;48
squirrel;47.0000;45
D;90.7143;63
snowman;75.0000;54
whistle;90.0000;36
neeow;5.0000;9
hard;126.6429;56
yours;192.8333;36
purple;162.0000;45
plant;16.6667;54
black;305.5000;42
Diesel;138.3333;27
puff;141.6667;27
Thomas_the_Tank_Engine;55.0000;18
Thomas_Tank_Engine;18.3333;27
same;108.9524;42
matter;63.0000;45
backwards;78.7500;36
station;201.0000;45
owl;27.5000;36
twit;10.0000;9
lollipop;51.6667;27
slow;42.5000;36
empty;110.0000;27
beak;12.5000;18
somewhere;47.8333;48
garage;143.5000;48
Paddington_Bear;7.5000;18
aerial;5.0000;9
person;73.3333;27
Dominic;143.3333;27
bake;31.0000;45
doughnut;29.0000;45
crane;131.2500;36
dish;18.3333;54
burger;68.0000;45
cheeseburger;8.3333;27
uhhuh;168.3333;54
large;15.0000;9
small;147.0000;48
chalk;75.0000;27
puzzle;58.3333;54
o;384.2857;63
v;8.3333;54
y;30.8333;54
r;35.0000;54
x;19.1667;54
brown;115.6250;48
dolphin;71.6667;54
block;53.3333;54
goat;136.0000;45
beef;23.3333;27
bun;58.7500;36
skittle;8.7500;36
papa;5.0000;9
h;46.6667;54
k;27.0000;45
l;27.5000;54
f;30.0000;45
s;99.1667;54
stage;7.5000;18
darling;28.3333;27
motorbike;48.7500;36
radio;14.1667;54
Frank;20.0000;27
lamb;100.0000;36
apart;21.6667;27
tanker;17.5000;36
instead;24.0000;45
glue;26.7143;42
fetch;36.6667;27
radish;15.0000;9
Andy;486.6667;27
milkman;35.0000;27
nothing;144.7500;48
rhino;31.6667;27
tiny;109.1667;54
rolly_pollies;8.3333;27
Gail;416.6667;27
Little_Miss_Magic;5.0000;9
trick;28.7500;36
Abra_ca_dabra_cottage;5.0000;9
sleeve;5.0000;36
Olwin;18.3333;27
candle;62.0000;45
thirty;36.0000;40
thirteen;34.8750;32
Kathy;23.3333;27
Lewis;5.0000;9
remember;64.2778;36
poke;23.3333;27
Pass_the_parcel;5.0000;9
popper;25.0000;18
dungaree;50.0000;27
blouse;15.0000;36
blob;6.6667;27
Chris;21.6667;27
rest;65.0000;54
Fudge;25.0000;27
horsies;14.1667;54
billy;37.0000;45
beard;23.3333;27
cock_a_doodle_doo;71.6667;27
farmer;72.0000;45
courgette;7.5000;18
burglar;26.6667;27
Josie;20.0000;9
mi;5.0000;9
Bethany;31.6667;27
Kirsten;31.6667;27
Grandpa_Pete;25.0000;18
Sid;10.0000;9
mama;1651.6667;27
Joan;12.5000;18
Gregory;10.0000;18
cricket;20.0000;9
ant;49.5417;24
tata;12.5000;18
Martin;26.6667;27
Joel;60.0000;27
goal;24.0000;24
controller;37.5000;36
oh_dear;18.3333;27
Tony;10.0000;18
Sophie;48.7500;36
pizza;68.3333;54
seal;46.2500;36
soggy;6.6667;27
battery;27.0000;45
caterpillar;85.0000;36
Meg;33.0000;45
la;108.3333;27
turtle;31.6042;48
dryer;5.0000;18
short;37.5000;54
Bethany_Bethany;5.0000;9
skip;23.3333;27
gravy;11.6667;27
bruise;22.5000;36
towel;55.0000;45
cooker;17.5000;36
touch;75.6000;40
than;16.6111;36
sticker;70.0000;45
peeky;10.0000;9
Row_row_boat;10.0000;9
row;261.6667;27
stream;30.0000;27
semolina;8.3333;27
soldier;49.0000;45
Michael;21.2500;36
jade;15.0000;27
Bryany;5.0000;18
feather;11.0000;45
shifter;5.0000;9
Tigger;28.3333;27
sledge;6.6667;27
Grandpa_Sid;5.0000;27
boogie;5.0000;9
Axel;10.0000;9
Emma;18.7500;36
nenaw;65.0000;27
neenaw;13.7500;36
bi;15.0000;9
dear_dear;5.0000;9
squash;84.0000;45
bo;5.0000;9
zip;25.0000;36
Andy_Cole;5.0000;18
Peter;81.6667;54
Schmeichel;5.0000;18
Peter_Schmeichel;10.0000;18
Schumacher;5.0000;9
Damon_Hill;5.0000;9
Gazza;5.0000;9
Alan;25.0000;36
Cantona;5.0000;27
Ella;35.0000;18
boob;10.0000;18
grubby;5.0000;9
m;56.6667;54
pow;5.0000;18
lighthouse;5.0000;9
Glennis;5.0000;18
suitcase;11.0000;45
Errol;5.0000;9
Sharon;8.3333;27
Grandma_Peggy;20.0000;27
pillow;34.0000;45
okey_dokey;7.5000;18
Row_row_row_the_boat;5.0000;9
neck;53.7500;36
chest;13.7500;36
Row_row_the_boat;5.0000;9
crayon;117.5000;36
tatty;12.5000;36
fridge;70.0000;45
twinkle;41.2500;36
starfish;67.5000;36
crab;30.0000;36
shut;135.3000;40
pot;52.0000;45
fiddly;25.0000;27
willie;36.6667;27
ing;5.0000;18
c_d;15.0000;27
c_ds;5.0000;9
Liz;543.3333;27
roller;31.0000;45
dumper;47.0000;45
sign;9.0000;56
farm;188.1250;48
Weetabix;10.0000;36
dipper;15.0000;18
bolt;18.3333;27
soil;15.0000;27
trunk;35.8333;54
swish;22.5000;18
fishies;21.2500;36
forklift;5.0000;18
apricot;15.0000;9
junk;12.5000;18
honk;10.0000;18
duckie;5.0000;27
whisker;25.0000;27
Kangaroo;56.6667;27
camel;35.0000;27
hedgehog;35.0000;36
chick;78.7500;36
Squonk;10.0000;9
pest;5.0000;18
ripe;16.6667;27
hug;70.0000;24
safe;19.0000;45
post;97.5000;36
pooed;31.6667;27
knicker;5.0000;18
see_saw_marjorie_;11.6667;27
master;6.6667;27
minute;208.5000;48
ladybird;95.0000;27
body;25.8333;54
sir;12.5000;36
load;34.0000;45
any;200.7143;42
Cath;16.6667;27
Morris;20.0000;9
burn;34.0000;45
pee;16.2500;36
market;31.6667;27
blanket;140.0000;27
wellies;16.6667;27
welly;27.5000;36
brolly;10.0000;27
chuck;17.5000;18
pond;52.0000;45
wiggle;35.0000;27
Sqounky;5.0000;9
baba;1056.6667;27
Dada;163.0000;45
ssh;47.5000;36
e;61.4286;63
click;43.0000;45
Mo;15.0000;27
oink;75.0000;54
oy;20.0000;36
count;47.5000;54
Warren;801.6667;27
front;62.5000;54
bash;113.7500;36
dot;13.7500;36
Annie;113.0000;45
trailer;331.6667;27
lick;97.5000;36
plum;111.6667;27
hotdog;8.3333;27
oblong;15.0000;18
cheat;11.2500;36
airport;18.7500;36
plan;6.0000;45
kid;15.3000;40
Mike;8.3333;27
cave;6.6667;27
clop;7.5000;18
spin;53.3333;27
pass;24.0000;48
farmyard;25.0000;27
dream;21.2500;36
snap;110.8333;54
police;102.5000;36
motor;27.0000;45
lift;78.5833;48
scoop;25.0000;36
thin;5.0000;9
rectangle;4.5000;8
triangle;56.7000;40
plastic;10.0000;36
hospital;36.6667;54
past;122.5000;36
halo;5.0000;9
creature;11.6667;27
ramp;40.0000;27
arch;16.6667;27
Rex;10.0000;27
rip;56.0000;45
cloud;24.0000;45
steam;50.0000;45
brew;5.0000;9
brewery;5.0000;9
hundred;4.5000;24
wobble;49.0000;45
wibble;15.0000;27
flavor;5.0000;27
aubergine;33.3333;27
cheesy;10.0000;27
cock;41.2500;36
cheep;11.6667;27
hay;88.3333;27
bail;7.5000;18
shop;512.4167;48
kind;18.0833;24
dear;998.2500;48
Lucky;179.6667;24
love;68.8000;30
carry;133.8333;48
bye;260.0000;30
corner;92.5833;48
Grandpa;218.1786;28
outside;157.0286;35
slip;25.3000;40
change;67.8333;48
read;447.1111;36
bowl;76.0833;48
dinner;277.2381;42
write;105.8333;42
football;50.8750;32
drive;378.7619;42
field;118.2857;42
well;291.4286;35
arm;147.5833;48
high;97.2778;36
long;124.8611;36
from;152.0476;42
race;75.9000;40
park;169.5833;48
men;217.2500;48
pie;118.8000;40
dust;69.6667;24
rock;55.0000;42
picture;139.0714;56
end;74.2500;48
very;347.2857;28
sea;44.7857;56
hill;41.9048;42
day;134.7143;35
call;284.1667;36
much;74.0556;36
together;111.4286;42
roll;180.0476;42
Forest;22.0000;32
people;171.8889;18
soon;75.1667;48
potato;60.0000;35
mat;51.7000;40
chew;52.8000;40
circle;138.6000;40
square;63.3333;21
foot;399.0000;36
fall;939.6000;30
find;1147.1250;24
name;184.0000;24
lot;180.2500;24
money;267.0000;42
or;120.9714;35
middle;45.3889;36
a;10274.2857;7
now;2787.4286;28
food;294.0000;30
think;669.4286;28
Dad;112.5000;12
up;2272.8571;7
time;323.0000;12
one;8765.0000;7
there;12524.2857;7
can;2540.5714;14
like;2407.1429;7
come;2892.0000;14
we;2019.4286;14
good;434.0000;12
me;3876.8571;14
your;1314.2857;21
do;9133.5714;7
get;7278.5714;7
big;2135.1429;14
over;1089.0000;12
too;1112.0000;12
all;1547.8571;7
and;7379.2857;7
not;7710.7143;7
to;4803.5714;7
at;725.7143;7
play;1606.2857;14
this;6450.0000;7
make;2294.0000;12
them;1713.4286;14
see;1925.0000;12
they;1617.8571;7
eat;1308.0000;14
put;3393.4286;14
watch;462.2222;18
house;1087.0000;21
for;1482.1429;7
her;843.3333;6
just;1763.8095;21
she;815.8333;6
have;3950.0000;7
home;335.8333;6
so;416.0000;12
his;825.0000;6
thing;433.3333;21
will;1518.0000;14
something;376.6667;18
know;1300.7143;7
dog;551.5714;28
with;913.5714;7
then;534.2857;7
how;314.2857;21
ha;30.3333;18
by;133.2500;24
some;3221.0000;7
here;5828.7500;12
what;6903.2143;14
want;8438.0000;7
yes;5542.8571;7
clown;67.0000;45
caravan;58.3333;27
og;5.0000;9
Milky;7.5000;18
video;69.0000;45
nap;15.0000;18
swan;26.6667;27
brekkie;5.0000;9
bobble;36.0000;45
Tots;42.5000;18
Bangor;10.0000;9
morrow;10.0000;9
ho;22.5000;36
Mmn;5.0000;9
beside;42.0000;45
pacifier;47.5000;18
drawer;16.2500;36
sponge;15.0000;9
soap;30.0000;27
Ruth;165.0000;18
uh;129.1667;54
Bianca;22.5000;18
aye;52.5000;36
cause;328.8542;48
match;37.0000;45
Pingan;5.0000;9
aya;5.0000;9
vix;5.0000;9
Aunty;10.0000;36
Cathy;70.0000;36
bickie;22.5000;18
buggy;25.0000;18
hm;45.8333;54
grocery;12.5000;18
terrible;7.5000;18
smell;28.0000;45
husband;5.0000;9
oops;12.0000;45
Arthur;17.5000;18
tipper;17.5000;18
muck;26.2500;36
Sticklebricks;13.7500;36
ach;5.0000;36
Gung_gung;30.0000;9
chug;16.6667;27
whole;23.7714;35
hee;13.3333;27
haw;5.0000;9
piggie;28.3333;27
buzz;15.0000;36
Scott;5.0000;9
excavator;5.0000;9
dump;60.0000;27
lipstick;52.5000;36
cracker;14.7812;32
dollie;13.3333;27
Spain;20.0000;18
feets;42.5000;18
us;68.2500;20
Blobby;5.0000;18
Ernie;10.0000;9
dock;15.0000;9
hickory_dickory_dock;10.0000;18
Cinderella;16.6667;27
Godmother;5.0000;9
angel;37.5000;18
wand;5.3750;24
sing;180.9000;40
doydoydoy;5.0000;9
hang;43.7500;36
peck;50.0000;18
Peggy;15.0000;27
Patch;10.0000;18
Poppy;87.5000;18
Ben;165.0000;27
meringue;15.0000;18
sucker;65.0000;9
wood;24.0000;45
honey;30.0000;27
scooter;5.0000;9
Beryl;5.0000;9
gooseberry;10.0000;9
Sovereign;5.0000;9
sandal;20.0000;9
frighten;47.5000;18
cage;31.2500;36
Minor;5.0000;18
bring;224.2857;42
ache;42.5000;18
beat;12.6000;40
upside;35.0000;36
band;20.0000;27
cardi;5.0000;9
Smartie;17.5000;18
sparrow;5.0000;9
temper;5.0000;9
rosebud;5.0000;9
bicycle;36.6667;27
flag;31.6667;27
lavatory;5.0000;18
bare;33.3333;27
bot;27.5000;18
London;77.5000;18
wasp;16.6667;27
Manchester;62.5000;18
Stockport;15.0000;9
wont;21.6667;27
nanny;68.0000;45
Timothy;10.0000;9
Wendy;13.3333;27
while;19.4750;40
wheelbarrow;23.7500;36
across;16.6667;27
cuckoo;5.0000;9
Barbara;18.3333;27
goodbye;25.0000;27
Cambridge;20.0000;9
brand;5.0000;9
sew;5.0000;9
elastic;20.0000;18
needle;11.6667;27
guinea;35.0000;18
nightie;6.6667;27
heater;15.0000;9
hankie;7.5000;18
ribbon;42.5000;36
lend;5.0000;18
flannel;10.0000;9
Cape;5.0000;9
disgust;18.3333;27
Boaz;5.0000;9
Cynthia;15.0000;9
yesterday;68.6250;32
nest;20.0000;18
skin;46.6667;27
mantlepiece;5.0000;9
thunder;22.5000;18
rice;20.0000;27
lav;5.0000;9
coffee;98.7500;36
actually;57.6000;40
lots_of;119.0000;45
marmalade;20.0000;18
donkey;93.3333;27
briefcase;5.0000;18
Andrew;18.3333;27
room;213.6000;30
biscui;5.0000;9
bannister;5.0000;9
a_lot_of;45.0000;36
jar;5.0000;9
o'clock;48.3333;27
Wednesday;17.5000;18
rockery;10.0000;9
Bambi;12.5000;18
ankle;10.0000;9
cigarette;7.5000;18
Pam;15.0000;9
material;5.0000;9
rag;7.5000;18
calf;55.0000;18
Susan;10.0000;18
got_to;200.0000;45
licorice;5.0000;18
pin;35.0000;27
bright;35.0000;18
Africa;5.0000;9
bug;17.9375;32
warm;119.0000;45
fringe;12.5000;18
vest;6.6667;27
fry;6.2500;36
winter;22.5000;18
must;169.1250;40
scar;52.0000;45
forward;22.5000;36
teaspoon;5.0000;9
next_to;102.5000;36
couch;67.5000;18
Phil;12.5000;18
gum;6.0000;24
longer;21.6667;27
salt;60.0000;18
yolk;5.0000;9
waste;5.0000;9
packet;18.3333;27
muddy;20.0000;27
wiggly;33.3333;27
worm;82.5000;36
Caitlin;105.0000;18
super;16.0000;45
talk;151.2000;40
Tumble_town;5.0000;9
cloth;25.0000;27
hurry;12.0000;45
belly;31.0000;45
rascal;15.0000;18
pub;45.0000;18
myself;71.7500;40
stamp;80.0000;27
tot;5.0000;18
beam;5.0000;9
telephone;65.0000;27
Annes;5.0000;9
woofwoof;7.5000;18
Soppy_socks;40.0000;9
game;108.3333;30
saucepan;25.0000;18
chippie;5.0000;9
stroke;46.6667;27
near;43.0000;45
bedtime;70.0000;27
dice;20.0000;9
ba;15.0000;45
Happy_Birt;5.0000;9
happy_birthday;280.0000;18
tread;27.5000;18
sweetheart;25.0000;18
mushroom;50.0000;18
scarecrow;37.5000;18
tear;30.0000;18
barrow;12.5000;18
Margory;15.0000;9
Daw;180.0000;9
Asda;17.5000;18
yoghurt;26.6667;27
board;85.0000;18
steer;70.0000;18
smack;80.0000;36
pour;63.0000;45
have_to;429.1667;54
fair;39.0000;45
Goose_Fair;10.0000;9
taste;28.1250;32
Old_MacDonald;22.5000;18
ee_yay_;5.0000;9
Pb_bear;5.0000;18
trac;5.0000;9
somebody;106.0571;35
zebra;30.0000;36
breeze;5.0000;18
crawl;60.0000;18
upon;12.5000;36
pus;15.0000;9
ne;5.0000;9
unlock;10.0000;9
fuss;17.5000;18
snuggle;27.5000;18
properly;61.6667;27
Mister_Spider;5.0000;9
mud;85.0000;27
photo;20.0000;18
spaghetti;52.5000;36
wrap;55.0000;27
nicely;37.5000;18
kneel;22.5000;18
currant;22.5000;18
rub;38.3333;27
mean;67.8095;42
blur;5.0000;9
spinner;5.0000;18
plat;35.0000;27
snooze;40.0000;18
hoover;31.6667;27
sort;49.0000;45
ahhah;40.0000;36
picnic;76.0000;45
both;33.3125;48
different;97.3750;40
suppose;25.5000;28
wakie;85.0000;18
Father_Christmas;62.5000;18
pigeon;10.0000;18
trolley;30.0000;36
vroom;232.5000;36
tall;57.5000;36
spit;8.7500;36
railway;57.5000;18
curly;48.7500;36
wiper;5.0000;18
perhaps;20.0000;18
island;8.3333;27
pretty;30.6667;21
you_all;12.5000;36
loosen;5.0000;18
beach;46.0000;45
Rosie;61.6667;27
Jim;39.0000;45
yuck;46.2500;36
use;64.0000;30
which;111.8000;30
messy;11.9583;24
excuse;47.2500;32
should;43.0625;48
grind;20.0000;36
Martha;5.0000;9
pea;140.0000;36
dalmatian;53.3333;27
Roger;15.0000;9
Cruella_Deville;15.0000;9
mop;5.0000;18
shake;48.3333;27
psst;5.0000;9
shower;30.0000;27
dirt;50.0000;18
child;83.0000;45
saw;137.7000;30
good_night;60.0000;18
Jesus;43.3333;27
anywhere;25.0000;36
beautiful;31.6875;16
rocker;20.0000;9
Santa;76.0000;45
switch;20.0000;36
stock;47.5000;18
Ragdoll;5.0000;9
sleigh;11.6667;27
antler;10.0000;9
berry;17.5000;18
mistake;20.0000;9
mince;7.5000;18
stool;17.5000;18
dinnertime;27.5000;18
really;144.8000;30
tow;36.6667;27
wild;5.0000;27
damp;30.0000;9
pooey;15.0000;18
shampoo;32.5000;18
rail;37.5000;18
Santa_Claus;52.5000;18
Pongo;27.5000;18
piano;47.5000;18
television;30.0000;45
Sergeant_Tibbs;10.0000;9
Joseph;40.0000;9
Bethleham;5.0000;9
Bethlehem;10.0000;9
inn;10.0000;9
stable;15.0000;27
cottage;8.3333;27
manger;12.5000;18
shepherd;5.0000;9
crib;5.0000;9
lord;15.0000;9
lay;27.0000;45
Kings;5.0000;9
forget;47.7000;40
fireplace;5.0000;27
chimney;114.0000;45
toybox;35.0000;18
pattern;38.7500;36
trittrot;30.0000;9
slippy;20.0000;18
Friday;30.0000;18
witch;71.6667;27
point;16.8750;32
web;5.0000;18
teapot;111.6667;27
paintbrush;12.5000;18
tricky;35.0000;18
special;41.0000;45
gotta;179.1562;32
elf;5.0000;9
Tracy;5.0000;9
roar;38.7500;36
Rolly;15.0000;18
flip;31.6667;27
wonder;21.2500;36
floppy;12.5000;18
someone;35.4286;28
roundabout;26.2500;36
Babar;12.5000;18
whoosh;52.5000;18
brave;17.5000;18
ghost;28.3333;27
magic;26.6667;54
along;108.7500;36
horrible;95.0000;27
Daddy_Daddy;15.0000;18
shed;108.3333;27
awake;66.6667;27
wide;10.0000;27
feel;45.0000;48
marble;5.0000;18
oven;65.0000;18
molie;5.0000;9
deer;122.5000;18
steal;35.0000;27
hump;5.0000;9
anything;50.6250;32
wool;22.5000;18
sharp;21.0000;45
yourself;30.0000;45
highchair;10.0000;9
still;125.6667;30
beaker;11.6667;27
quite;83.3333;27
iron;30.0000;27
Wonderland;5.0000;9
Playdays;37.5000;18
crown;31.6667;27
scratch;23.0000;45
nibble;45.0000;18
quacky;5.0000;9
Notts_Tots;10.0000;18
Gos;15.0000;9
dip;11.6667;27
eleven;37.8000;40
twelve;43.8750;32
fourteen;37.5000;36
beetle;16.6667;27
Goldilocks;12.0000;45
Mister;26.0000;45
Mr_Penguin;10.0000;9
week;87.0000;45
second;6.0000;24
Joshua;10.0000;9
Billy_Blake;5.0000;9
Rusty;8.3333;27
Ears;5.0000;9
wallet;5.0000;18
mole;35.0000;18
sixteen;20.0000;36
glen;10.0000;18
strong;30.0000;45
sail;11.6667;27
Row_the_boat;5.0000;9
bubbly;30.0000;18
lemonade;60.0000;27
Tots_tv;52.5000;18
everything;44.8000;35
seatbelt;12.5000;18
Eve;35.0000;18
Daniel;45.0000;36
age;11.2500;36
igloo;27.5000;18
p;51.0000;45
May;27.4286;21
queen;22.5000;18
twoo;5.0000;9
Aran;30.0000;18
splat;12.5000;18
card;59.0000;45
flash;22.5000;18
replace;5.0000;9
pipe;25.0000;36
burst;58.3333;27
runaway;25.0000;18
eensie;43.3333;27
gun;39.0000;45
might;138.0000;45
hiccup;23.7500;36
cutter;45.0000;18
Goggle;7.5000;18
repair;35.0000;9
dingding;30.0000;9
hit;126.9000;40
shoot;92.2500;32
search;10.0000;9
hose;17.5000;36
Nicola;85.0000;18
send;23.7500;36
undo;36.6667;27
brace;10.0000;18
b;126.6667;54
drum;36.2500;36
Gumdrop;62.5000;18
knicks;5.0000;9
fruit;43.3333;27
lawnmower;30.0000;18
Mar_mar;5.0000;9
trip;9.2500;24
hook;66.6667;27
beanbag;22.5000;18
Syrup;17.5000;18
whack;20.0000;18
fortunately;5.0000;18
roof;80.0000;45
lock;53.0000;45
Ann;20.0000;9
Greeves;15.0000;9
kit;20.0000;18
clicclic;5.0000;9
underneath;31.6667;27
case;15.0000;45
bell;40.0714;28
answer;11.6667;27
pet;27.3333;24
ditch;37.5000;18
low;6.6667;27
Paul;50.0000;18
manage;22.5000;18
squirt;30.0000;18
guess;12.0000;24
checkout;10.0000;9
doodoo;20.0000;9
bank;52.5000;18
breakdown;130.0000;18
spanner;46.6667;27
hop;91.2500;36
Land_Rover;25.0000;18
archway;5.0000;9
honkhonk;5.0000;9
wag;37.5000;18
chop;56.6667;27
Donald;45.0000;27
main;20.0000;9
bulldozer;17.5000;18
church;43.7500;36
Bo_Peep;5.0000;9
ask;37.8000;40
sound;18.3333;27
haha;28.7500;36
rough;17.5000;18
flap;25.0000;18
wolf;47.5000;36
guitar;11.6667;27
Sarah;21.2500;36
bar;18.7500;36
windy;45.0000;27
bull;256.6667;27
ringading;7.5000;18
horn;35.0000;36
Saturday;16.2500;36
choc;15.0000;9
nurse;48.7500;36
rise;10.0000;18
carve;15.0000;9
mark;35.0000;36
purse;32.5000;18
cluckcluck;20.0000;18
belong;20.0000;27
dinosaur;135.8333;54
bend;13.3333;27
Becky;75.0000;18
Louise;15.0000;9
raisin;15.0000;18
postbox;10.0000;9
pussycat;28.3333;27
knot;27.5000;18
headlight;22.5000;18
tum;27.5000;18
tighten;50.0000;18
wind;60.0000;45
plier;47.5000;18
squeeze;53.7500;36
drill;38.3333;27
smash;43.8750;32
dive;22.5000;18
carriage;38.7500;36
sled;7.5000;18
half;36.0000;40
strange;12.5000;18
Fozzie_Bear;25.0000;9
tyre;21.6667;27
Drybones;5.0000;18
eeaw;40.0000;9
ketchup;22.5000;18
Dan_dog;37.5000;18
hut;50.0000;18
plea;5.0000;9
concrete;5.0000;9
cog;20.0000;9
mudguard;5.0000;9
teacup;8.3333;27
shout;35.0000;36
stout;5.0000;9
wagon;10.0000;18
toddler;8.3333;27
Bumbo;42.5000;18
rose;11.0000;45
Grand_Duke;5.0000;9
carwash;142.5000;18
sport;57.5000;18
sheet;12.5000;18
Blue_Peter;5.0000;9
Molly;78.3333;27
idea;32.5000;36
note;10.0000;18
Sarah_Greeves;12.5000;18
posh;6.2500;36
Maxine;20.0000;9
Dan_horse;5.0000;9
Dobbin_horse;5.0000;9
Neddy_horse;10.0000;9
toss;20.0000;9
Dan;12.5000;18
mischief;10.0000;27
harrow;5.0000;9
noone;20.0000;27
Jack_tractor;5.0000;9
seek;13.0000;45
hear;89.6000;35
Hotch_potch_house;10.0000;9
lake;10.0000;9
Billie;10.0000;18
policeman;66.5000;24
Harry;52.5000;18
rescue;22.5000;36
loud;35.0000;27
cassette;55.0000;9
word;22.5000;24
Winnie_the_Pooh;7.5000;18
beanstalk;12.5000;18
pullover;5.0000;9
Sesame_Street;5.0000;9
crack;9.0000;24
sink;22.0000;45
Rosa;5.0000;18
Mister_badger;25.0000;9
Mister_fox;35.0000;9
snowplow;12.5000;18
pillar;35.0000;9
Mister_mouse;5.0000;9
straight;112.5000;18
mousie;20.0000;18
Pippin;20.0000;9
choke;12.5000;18
Aunty_Meg;5.0000;9
snowball;25.0000;9
Jessie;10.0000;9
newspaper;13.3333;27
microphone;9.0000;16
Margery;180.0000;9
Sukie_Cat;42.5000;18
Sukie;587.5000;18
hattie;45.0000;9
uhhum;45.0000;18
pasta;48.3333;27
noi;10.0000;9
camera;16.6667;27
Tiny_Tears;45.0000;9
ab;15.0000;9
abc;17.5000;18
Dodson;7.5000;18
Noddy;98.0000;45
ducky;17.5000;18
dance_on_bed;5.0000;9
lettuce;83.7500;36
fluffy;38.7500;36
Baa_baa_black_sheep;50.0000;9
Polly;38.3333;27
Claud;5.0000;9
clap;23.3333;27
zap;10.0000;18
Dame;10.0000;18
easy;16.2000;40
cockatoo;50.0000;18
leek;5.0000;18
Heidi;107.5000;18
able;5.0000;18
panty;12.5000;18
Janet;15.0000;9
America;11.2500;36
sockies;10.0000;9
cherry;60.0000;18
dub;45.0000;9
fasten;17.5000;18
stirrup;5.0000;9
Andy_pandy;7.5000;18
Andy_panda;5.0000;9
pic;5.0000;18
lego;27.0000;45
comfort;15.0000;9
trumpet;60.0000;18
beaver;5.0000;9
gorgeous;8.3333;27
bore;25.0000;18
cockadoo;5.0000;18
Pingus;15.0000;18
rein;5.0000;9
pompom;15.0000;9
eyebrow;10.0000;18
brow;5.0000;18
Ducky_Ducky;30.0000;9
saucer;23.3333;27
though;21.0000;45
Minnie;15.0000;9
Wye_Bird;22.5000;18
collapse;10.0000;9
merrily;60.0000;9
purr;5.0000;18
best;28.9062;32
claw;10.0000;18
yogurt;5.0000;9
crunchies;25.0000;9
anchor;22.5000;18
France;10.0000;18
Micky_Mouse;5.0000;9
tape;170.4857;35
eskimo;10.0000;9
fairy;15.0000;18
Barnie;10.0000;9
g;36.6667;54
j;16.2500;36
juggler;5.0000;9
vase;10.0000;9
Cole;5.0000;9
merry;25.0000;18
soul;10.0000;9
diddle;15.0000;18
fiddle;25.0000;27
yucky;23.3333;27
Donald_Duck;5.0000;9
Goofy;7.5000;18
others;15.0000;27
poos;10.0000;27
cloudy;5.0000;9
Baloo;5.0000;9
stir;37.5000;18
until;78.7500;36
Misses;10.0000;9
well_done;30.0000;9
attention;5.0000;9
Kate;12.5000;18
speckle;90.0000;9
log;40.0000;9
most;22.8571;7
delicious;20.0000;36
cool;42.5333;30
dum;13.3333;27
dickey;30.0000;9
Uncle_Andrew;10.0000;9
clear;17.5000;18
paw;20.0000;18
Barney;35.0000;27
hockey;10.0000;9
plaster;34.0000;45
puppet;6.2500;36
salad;20.0000;27
difficult;33.3333;27
careless;5.0000;9
magnet;8.7500;36
Playbus;6.6667;27
firework;23.3333;27
Winne_Pooh;5.0000;9
Daisy_cat;5.0000;18
necklace;30.0000;36
Charlie;40.0000;27
Beeston;15.0000;18
wrist;10.0000;18
oil;20.0000;18
pig_pig;5.0000;9
goose;91.2500;36
chucky;17.5000;18
scramble;20.0000;18
raggedy;5.0000;9
probably;49.5000;24
Daisy;65.0000;27
curl;8.3333;27
Beckys;7.5000;18
Hop_hop_hop;5.0000;9
Noah_Ark;5.0000;9
Jingle_Bells_all_the_way;5.0000;9
Cradle_;10.0000;9
underwater;5.0000;9
pony;11.6667;27
Freddy_Farm;5.0000;9
seed;15.0000;36
cucumber;17.5000;18
cellotape;12.5000;36
helmet;20.0000;27
Robbie;18.3333;27
Sainsburys;22.5000;18
Pollykettle;5.0000;9
fold;10.0000;18
pack;21.2500;36
Charlie_Chalk;65.0000;18
Fox_Hound;5.0000;9
Farthing_Wood;5.0000;18
shatter;5.0000;9
William;10.0000;18
Fireman_Sam;97.5000;18
calm;5.0000;9
damage;10.0000;27
conker;10.0000;9
baabaa;5.0000;9
sheepdog;25.0000;18
tub;32.5000;18
cowboy;12.5000;36
gallop;42.5000;18
treasure;27.5000;18
Minnie_Mouse;22.5000;18
Little_Bo_Peep;5.0000;9
marry;12.0000;45
drip;23.3333;27
boing;63.0000;45
Adam;42.0000;45
Julian;25.0000;9
Twinkle_twinkle_little_star;5.0000;9
trump;45.0000;18
watermelon;15.0000;18
bedside;5.0000;9
record;4.5000;32
player;15.0000;9
pancake;28.3333;27
shell;18.7500;36
before;33.8250;40
Christmas_present;5.0000;9
pirate;21.0000;45
tat;15.0000;18
scissor;40.8500;40
squashy;10.0000;18
soft;13.0000;45
lunchtime;10.0000;18
tickly;52.5000;18
doink;15.0000;9
atop;5.0000;9
passenger;96.6667;27
bumpy;75.0000;18
Bertie;200.0000;9
Clarabell;120.0000;9
Liam;5.0000;9
listen;37.1250;32
hippopot;5.0000;9
tweet;30.0000;18
shoo;20.0000;27
Harold_the_Helicopter;5.0000;9
shh;25.0000;9
Harold;48.3333;27
coughy;5.0000;9
Duncan;67.5000;18
Bernie;7.5000;18
Scottish;5.0000;9
turntable;140.0000;18
Bill;15.0000;36
twin;25.0000;36
Terence;10.0000;18
Trevor;23.3333;27
Coby;35.0000;9
coach;210.0000;27
Ben_Tank_Engine;5.0000;9
early;13.7500;36
dawn;10.0000;9
blinkie;5.0000;9
Percy_the_Tank_Engine;5.0000;9
Toby_Tank_Engine;5.0000;9
James_the_Tank_Engine;5.0000;9
snore;10.0000;27
Sam;70.0000;27
Percy_Engine;5.0000;9
n;48.0000;45
weensie;42.5000;18
bouncer;20.0000;9
glug;230.0000;18
heart;15.0000;27
branch;22.5000;18
Clarabel;92.5000;18
Thomas_well;5.0000;9
speak;42.5000;18
Perc;5.0000;9
boinging;15.0000;9
boingie;10.0000;9
edge;23.3333;27
peel;60.0000;18
Wellington;5.0000;18
kitten;52.5000;36
Tom;130.0000;27
workman;7.5000;18
Tiggy;55.0000;9
oh_my_goodness;12.5000;18
rubble;22.5000;18
Little_Brumm;180.0000;9
petrol;265.0000;18
machine;17.5000;54
Boko;77.5000;18
deputation;10.0000;9
guard;35.0000;18
dragon;115.0000;27
carnival;5.0000;9
Lambchop;5.0000;9
salami;35.0000;9
feed;37.0000;45
Carol;5.0000;9
sister;118.4500;20
Ruby;10.0000;9
traction;5.0000;9
Bobby;67.1875;16
Dow;5.0000;9
Dinosaur_Rex;5.0000;9
brother;27.0667;30
Thomas_and_The_Tank_Engine;5.0000;9
Woody;31.6667;27
babe;20.0000;27
punch;52.5000;24
Tank_Engine;5.0000;9
crunch;151.6667;27
Thomased;5.0000;9
Mister_Tired;25.0000;9
cellar;5.0000;9
froggies;15.0000;18
cupcake;5.0000;9
cocoon;5.0000;9
measure;40.0000;36
anyone;10.0000;45
octopus;32.5000;18
goldfish;10.0000;36
follow;20.0000;18
Douglas;5.0000;18
boiler;20.0000;18
shunt;10.0000;18
worry;36.6667;27
huge;10.0000;18
rush;40.0000;18
believe;10.0000;18
Grandpa_Harris;5.0000;9
Uncle_Alex;5.0000;9
Aunty_Shirley;10.0000;9
Nana_Doris;5.0000;9
problem;25.0000;18
harbor;92.5000;18
udder;12.5000;18
toot;12.5000;18
Tram_Engine;10.0000;9
motorcycle;5.0000;9
plop;10.0000;18
Thomas_the_train;5.0000;9
runned;21.2500;36
dunk;60.0000;18
rubbish;45.0000;36
Wilma;25.0000;9
shoelace;37.5000;18
sofa;38.3333;27
upsidedown;20.0000;18
u;33.3333;27
squidgy;12.5000;18
oh_goodness;105.0000;9
Suzie;5.0000;9
Adele;35.0000;18
bluey;5.0000;18
jeep;15.0000;27
tar;5.0000;9
miserable;5.0000;9
Yolanda;125.0000;9
banish;5.0000;9
shelf;11.6667;27
straighten;10.0000;9
Blackpool;5.0000;9
fault;10.0000;18
silver;13.7500;36
Tuesday;30.0000;27
fluff;27.5000;18
Sunday;28.0000;45
cousin;5.7812;32
poppet;5.0000;9
slowly;22.5000;18
trough;20.0000;18
Bessy;5.0000;9
Porsche;25.0000;18
z;22.5000;36
gas;5.0000;9
warn;15.0000;9
honestly;5.0000;9
loft;5.0000;27
indeed;5.0000;18
Dominic_Spencer;5.0000;18
dam;7.5000;18
win;21.3750;32
mountain;35.0000;27
Frank_Cat;10.0000;9
auntie;17.0000;45
ink;35.0000;18
Mabel;5.0000;9
q;10.0000;36
wooden;5.0000;27
mad;23.6250;32
laugh;47.2500;32
moldy;7.5000;18
steamroller;50.0000;9
everywhere;25.0000;36
self;13.7500;36
Nina;550.0000;18
shift;7.5000;18
birth;5.0000;9
journey;5.0000;18
Teletubbies;20.0000;18
siren;45.0000;9
dome;47.5000;18
funnel;45.0000;18
cab;97.5000;18
rugby;5.0000;9
my_my;5.0000;9
Big_Edward;10.0000;9
clumsy;7.5000;18
loader;10.0000;9
doorbell;35.0000;9
grey;55.0000;36
policecar;30.0000;18
double;15.0000;18
Peter_Rabbit;23.3333;27
Pooh_Bears;15.0000;9
Peter_Sam;45.0000;9
Royal_Mail;7.5000;18
Royal;5.0000;9
signal;52.5000;18
borrow;33.3333;27
save;17.0000;45
Stepney;20.0000;9
daytime;5.0000;9
factory;5.0000;9
thingy;11.2500;36
snotty;35.0000;18
Gromit;37.5000;18
Kathy_Lewis;15.0000;18
Samson;47.5000;18
Carolines;5.0000;9
twist;30.0000;9
nostril;5.0000;9
phew;25.0000;18
cafe;28.3333;27
costume;50.0000;9
promise;6.6667;27
Alice;51.6667;27
plug;27.5000;36
exercise;18.3333;27
mirror;60.0000;36
skate;20.0000;27
thingies;10.0000;9
dribble;15.0000;9
Rag_Rag;5.0000;9
cord;5.0000;9
Angela;15.0000;9
Krakatoa;30.0000;9
woodpecker;10.0000;18
waggy;5.0000;9
Caiinie;5.0000;9
Babes;5.0000;9
bendy;7.5000;18
rufty;10.0000;9
rug;12.5000;18
fill;20.0000;36
hopeless;10.0000;9
Smason;5.0000;9
Winnie_Pooh;47.5000;18
Sonia;30.0000;9
Carolin;5.0000;9
minimilk;10.0000;9
Miffy;15.0000;9
crazy;27.5000;18
Lawrence;5.0000;9
Batman_copter;5.0000;9
Thomas_train;5.0000;9
Batman;48.7500;36
Spiderman;15.8438;32
queue;12.5000;18
Po;17.5000;18
Lala;20.0000;18
Dipsy;10.0000;18
squishy;10.0000;9
smelly;20.0000;27
healthy;8.3333;27
knob;7.5000;18
Gagi;12.5000;18
Norwich;5.0000;9
Jo;15.0000;18
flop;23.3333;27
whether;5.0000;9
Supernaturals;10.0000;9
Dady;5.0000;9
die;16.8750;32
Shaun;15.0000;18
Cassie;15.0000;9
Justin;16.6667;27
Oasis;5.0000;9
Leeds;10.0000;9
hotel;11.2500;36
Prince;45.0000;36
Farthing;5.0000;9
loo;25.0000;9
whisk;5.0000;9
computer;24.0000;45
Tubbies;10.0000;9
Duster;7.5000;18
bookshop;10.0000;9
nappy;8.3333;27
perfume;6.6667;27
Fergus;5.0000;9
MacDonalds;55.0000;18
croissant;12.5000;36
windmill;16.2500;36
trainer;20.0000;27
diver;10.0000;9
pilot;12.5000;18
solid;5.0000;9
Jonathan;5.0000;18
chameleon;10.0000;9
torch;20.0000;18
Rolf;25.0000;9
Wallace;37.5000;18
lonely;12.5000;18
Diana;10.0000;18
Centre_Parcs;20.0000;18
Ginger_Miller;5.0000;9
Get_Into_Bed;5.0000;9
label;5.0000;9
vet;37.5000;18
Calpol;7.5000;18
sometimes;58.4571;35
trampoline;10.0000;27
Ela;5.0000;9
Big_Ears;15.0000;9
Mr_Plod;27.5000;18
tent;41.2500;36
calculator;7.5000;18
Cainie;5.0000;18
Penguins;5.0000;9
Caine;5.0000;9
Eureka;7.5000;18
wobbly;70.0000;27
ship;23.7500;36
flush;22.5000;18
washer;12.5000;18
squish;7.5000;18
squis;5.0000;9
gym;7.5000;18
glove;36.6667;27
shiny;5.0000;27
splodge;5.0000;9
untie;10.0000;9
sip;15.0000;18
maker;5.0000;9
gingerbread;5.0000;27
poker;5.0000;9
Hercules;12.5000;18
discus;5.0000;18
Gail_Bentley_Grace;5.0000;9
felt;6.6667;27
binoculars;5.0000;18
Matey;10.0000;9
skirt;11.2500;36
bogey;5.0000;18
whizzy;20.0000;18
whiz;20.0000;36
spoil;25.0000;18
wonky;5.0000;18
hood;13.3333;27
fizz;10.0000;18
Mummys;10.0000;27
envelope;5.0000;18
powder;17.5000;18
daughter;17.5000;18
armor;20.0000;18
rollerskates;5.0000;18
ski;7.5000;18
explore;5.0000;9
waterfall;22.5000;18
alive;30.0000;45
spotty;10.0000;18
wed;22.5000;18
headstand;5.0000;9
club;5.0000;27
buckle;8.3333;27
snip;5.0000;18
clickety;20.0000;18
treat;10.0000;18
allow;45.0000;36
towards;5.0000;9
counter;17.5000;18
tiddlywinks;5.0000;9
Peter_Jo;5.0000;9
radiator;17.5000;18
mixture;25.0000;9
bother;10.0000;36
bonkers;5.0000;9
Hannah;22.5000;36
Talking_tree;5.0000;9
Mothercare_World;5.0000;9
catalogue;5.0000;9
arrive;10.0000;27
interest;12.5000;18
Timms;5.0000;9
Mrs_Goggins;15.0000;18
office;25.0000;27
tiptoe;5.0000;9
ballet;7.5000;18
dancer;5.0000;18
zapf;5.0000;9
creation;5.0000;9
margarine;15.0000;18
Uncle_John;5.0000;9
mash;16.6667;27
parsnip;5.0000;9
Sindy;5.0000;27
Barbie;33.0000;45
jacket;29.2500;16
street;10.0000;45
Chris_mouse;5.0000;9
Sundowne_Pets;10.0000;9
Little_Chef;5.0000;9
traffic;38.3333;27
trash;5.0000;9
minty;7.5000;18
cruise;5.0000;9
between;25.0000;9
via;15.0000;9
dove;10.0000;9
Mumy;5.0000;9
cartoon;12.5000;18
scary;31.0000;45
odd;10.0000;9
pedal;22.5000;18
scrub;5.0000;9
postcard;5.0000;9
vinegar;5.0000;18
boobie;5.0000;9
chatter;5.0000;9
adventure;5.0000;18
Chef;15.0000;9
disappear;11.2500;36
Big_Fesh;15.0000;9
sniffer;5.0000;18
drug;5.0000;9
cattie;12.5000;18
wriggle;5.0000;9
yawn;5.0000;9
gallopy;35.0000;9
Pudsy_Bear;50.0000;9
walkie;15.0000;9
Cruella;15.0000;9
Preston;17.5000;18
Wendoline;5.0000;9
Wendolines;5.0000;9
tights;22.5000;18
Cruella_de_Ville;5.0000;9
Jessica;5.0000;9
kennel;17.5000;18
Old_Bear;80.0000;18
tumble;12.5000;18
juggle;25.0000;27
stinky;17.5000;18
kebobs;5.0000;9
melt;12.5000;36
Joe_Snow;5.0000;9
Little_Fesh;5.0000;9
Jo_Peter_Anne;5.0000;9
Joanna;10.0000;9
size;21.2500;36
herself;15.0000;36
injection;25.0000;27
has_to;40.0000;45
desk;7.5000;18
stiff;30.0000;27
barbecue;7.5000;18
barn;18.3333;27
Tommy_tomato;5.0000;9
foul;20.0000;9
Hilary;10.0000;9
Leslie;10.0000;9
Mr_Todd;5.0000;9
Christmas_quiz;5.0000;9
sixty;10.1250;32
delicate;10.0000;9
burp;25.0000;36
jack_in_a_box;25.0000;18
Rebecca;7.5000;18
Joel_Smith;5.0000;18
foggy;10.0000;9
badge;32.5000;18
gosh;7.5000;18
Mama_Mama;5.0000;9
bob;14.0000;45
Declan;10.0000;9
Mog;27.5000;18
Nicky;5.0000;27
Debbie;13.3333;27
robot;14.0000;45
Mama_Doris;7.5000;18
Reverand_Timms;10.0000;9
Hubbard;5.0000;9
George;30.0000;27
Pringle;10.0000;9
Pringles;7.5000;18
peacock;17.5000;18
Norman;15.0000;27
Rufford_Park;10.0000;9
Mister_Muscles;10.0000;9
broccoli;32.5000;36
hamburger;7.5000;18
Corn_Pops;10.0000;9
magazine;11.6667;27
Tilly;50.0000;27
w;63.3333;54
buzzy;15.0000;9
olympics;5.0000;9
breath;6.6667;27
postman;30.0000;45
Liberal_Democrats;5.0000;9
rolly_polly;22.5000;18
Miss_Hubbard;20.0000;9
spy;5.0000;9
Mister_Bucket_Head;10.0000;9
soak;5.0000;27
Suzanne;15.0000;9
surf;5.0000;9
dizzy;16.6667;27
custard;20.0000;18
hers;8.7500;36
Tilly_Tiny;5.0000;9
Mamma;5.0000;18
trouble;12.0000;45
wowie;15.0000;9
detector;5.0000;9
Pavarotti;205.0000;9
life;6.6667;27
vegetable;20.0000;18
Mr_Dustbin_Man;5.0000;9
few;35.0000;18
hippopotamus;42.5000;18
piccalilli;10.0000;9
dill;15.0000;9
throat;7.5000;36
holi;5.0000;9
pair;5.0000;18
itch;5.0000;18
there_there;10.0000;9
girlie;5.0000;9
Cheerful_Charlie;10.0000;9
miaow;5.0000;9
oi;5.0000;9
Wendolene;5.0000;9
Grommit;15.0000;9
purpose;20.0000;18
squeek;5.0000;9
alligator;17.5000;18
Mcgregor;20.0000;9
blimey;5.0000;9
MacDonald;15.0000;27
pump;35.0000;18
Budgie;72.5000;18
le;5.0000;18
million;11.6667;27
Andrew_pants;10.0000;9
Max;10.0000;18
cheap;5.0000;9
Tom_and_Jerry;5.0000;9
boom;18.0000;45
Budgie_helicopter;12.5000;18
nude;10.0000;9
deep;10.0000;27
brrr;5.0000;9
Hoverfairy;10.0000;9
Jones;5.0000;18
Arnold;35.0000;18
yippee;5.0000;9
Captain;18.7500;36
Mildred;5.0000;9
Burt;15.0000;9
sardine;27.5000;18
model;5.0000;9
clay;10.0000;18
plip;95.0000;9
bakewells;5.0000;9
Joshua_Jones;10.0000;18
prickly;12.5000;18
Sid_the_seal;5.0000;9
Grandma_Doris;22.5000;18
Budgie_the_Helicopter;5.0000;9
Sottie;5.0000;9
Bramwell_bear;5.0000;9
Bently;5.0000;9
MacDonald_Ducks;5.0000;9
softie;10.0000;9
nobody;105.0000;45
Sue;10.0000;18
Sam_the_monkey;15.0000;9
Wacky_Races;5.0000;9
hula;12.5000;18
Shelly;6.6667;27
Woolly;5.0000;18
Reverend_Timms;10.0000;9
Mama_Peggy;10.0000;9
Granny_Dryden;32.5000;18
Mrs_Pottage;10.0000;9
major;10.0000;9
Forbes;5.0000;9
Tom_Pottage;5.0000;9
Dyllis;12.5000;18
Elvis;10.0000;18
Pc_Selby;5.0000;9
Peter_Fogg;10.0000;9
because_of;5.0000;9
Yorkshire;10.0000;18
Gwendoline;5.0000;9
plenty;15.0000;36
goody;8.3333;27
Plod;5.0000;9
Tubby_bear;5.0000;9
Tuddy_bear;5.0000;9
Boris_lion;5.0000;9
Boris;15.0000;9
patience;5.0000;9
lumpy;20.0000;9
dairy;5.0000;9
slice;10.0000;18
hohoho;7.5000;18
Louise_the_duck;10.0000;9
tablet;13.0000;45
core;5.0000;9
coconut;22.5000;18
Trader_Jones;12.5000;18
Hangle;10.0000;9
bet;5.1250;16
seagull;10.0000;18
cockerel;55.0000;18
panic;10.0000;18
Bisto;17.5000;18
rather;5.0000;9
Sam_Waldron;5.0000;9
Alf;5.0000;9
Alf_Thompson;27.5000;18
stripy;10.0000;36
ooher;5.0000;9
vicar;5.0000;9
Major_Forbes;5.0000;9
twenty;68.6250;32
yoohoo;5.0000;9
pup;10.0000;18
couple;21.2500;36
nuddy;15.0000;9
neither;10.0000;9
Co_op;5.0000;9
brigade;17.5000;18
popcorn;5.0000;9
roast;20.0000;9
Jingle_Bells;5.0000;9
ruin;5.0000;18
waggly;5.0000;18
frolic;15.0000;9
ninety;48.3333;27
Tv_program;5.0000;9
Queens_nose;5.0000;9
Harmony;5.0000;9
job;15.0000;27
rummage;5.0000;18
Badger;25.0000;27
Bodger;12.5000;18
freezer;13.3333;27
Julie;10.0000;27
chuff;32.5000;18
nod;11.6667;27
Claire;20.0000;27
sizzle;30.0000;18
Ma;11.2500;36
cap;10.0000;18
Dobbin;15.0000;18
Rhona;5.0000;9
banister;5.0000;9
Anthony;35.0000;9
Jon;10.0000;9
recorder;28.5000;24
cymbal;10.0000;18
Bronwyn;50.0000;9
Auby;5.0000;9
cameraman;5.0000;9
tambourine;30.0000;9
flute;30.0000;18
spell;16.2500;36
screw;20.0000;27
wrench;20.0000;9
clipper;40.0000;9
whisper;25.0000;9
flake;20.0000;9
angry;46.6667;27
xylophone;8.3333;27
piccolo;5.0000;9
Grannys;35.0000;9
alphabet;21.6667;27
shaver;5.0000;9
Angie;5.0000;9
Jennifer;7.5000;18
Demi;25.0000;18
wreck;13.0000;45
killer;6.6667;27
group;6.2500;36
cabbage;60.0000;18
ping;12.5000;18
assortment;5.0000;18
lobster;22.5000;18
wire;5.0000;18
jammy;22.5000;18
Nicki;17.5000;18
Chrissie;7.5000;18
Richard;15.0000;18
Sylvia;15.0000;9
Mitchell;10.0000;9
parlor;5.0000;9
whoa;21.5000;16
hedge;6.6667;27
Tesco;32.5000;18
rattle;10.0000;27
Nicole;1216.0000;45
B_Q;5.0000;9
Wibbly_Pig;12.5000;18
telescope;18.3333;27
balance;16.6667;27
Mister_Green;5.0000;9
Alphabites;5.0000;9
jigsaw;131.0000;45
salmon;12.5000;18
Lisa;20.0000;36
absurd;5.0000;9
swallow;5.0000;9
ever;14.6250;32
bush;5.0000;18
Ring_a_roses;10.0000;18
A_ring_a_roses;5.0000;9
Tom_Tom;35.0000;9
yo;24.0000;45
yoyo;20.0000;18
figure;15.0000;9
shade;15.0000;9
pox;5.0000;9
pill;12.5000;36
mucky;22.5000;18
lizard;16.2500;36
vulture;5.0000;9
moose;7.5000;18
hive;10.0000;9
tadpole;5.0000;18
moss;5.0000;9
Cat_bird;25.0000;9
Chloe;6.6667;27
Oompa;5.0000;9
Big_bird;5.0000;9
Splendid;10.0000;9
Miss_Splendid;10.0000;9
Helpful;7.5000;18
Giggles;5.0000;9
twen;12.5000;18
altogether;6.6667;27
scream;25.0000;18
wicked;17.5000;18
manner;72.5000;18
learn;10.0000;45
gap;7.5000;18
Aunty_Cath;5.0000;18
Quill;5.0000;9
Baa_black_sheep;5.0000;9
mood;5.0000;18
awfully;5.0000;18
kip;5.0000;9
jealous;15.0000;9
rhyme;20.0000;9
poll;5.0000;9
pushy;5.0000;18
nectarine;60.0000;18
juicy;17.5000;18
grapefruit;32.5000;18
Granddads;5.0000;9
attack;5.0000;9
cardie;15.0000;18
Leah;5.0000;18
gammon;25.0000;9
each;11.6667;27
comic;10.0000;18
Sheridan;5.0000;9
rolly_;10.0000;9
shadow;11.6667;27
Sasha;20.0000;18
puddle;15.0000;18
seahorse;5.0000;18
elbow;15.0000;36
bumper;6.6667;27
Simon;8.3333;27
Simple_Simon;30.0000;9
Baa_Baa;10.0000;9
germ;7.5000;18
Pippa;5.0000;9
piper;10.0000;9
son;32.5000;18
Elmo;5.0000;9
chipmunk;5.0000;9
fatty;10.0000;18
fin;5.0000;9
nought;12.5000;18
itchy;25.0000;18
snowy;8.3333;27
rainy;7.5000;18
blowy;5.0000;9
dull;10.0000;9
carefully;10.0000;18
Tig;5.0000;9
eagle;12.5000;18
childrens;5.0000;18
cider;5.0000;9
trap;36.6667;27
Morag;40.0000;18
Coco;37.5000;18
Rory;43.3333;27
Jamie;12.5417;24
Carla;20.0000;9
Hayley;5.0000;9
Alex;15.0000;27
Jeff;25.0000;9
Jackie;22.5000;18
ticky;5.0000;9
Ca;12.5000;36
Baa_baa_black_;5.0000;9
diddle_diddle_le;5.0000;9
Dina;17.5000;18
Ros;15.0000;9
bickies;5.0000;18
dadada;7.5000;18
Joe;7.5000;18
lever;10.0000;9
Peter_Pointer;5.0000;9
pointer;10.0000;9
squeal;25.0000;9
Rally_cat;5.0000;9
Lily;10.0000;18
Marny;5.0000;9
Molly_cat;12.5000;18
Nana_Ber;15.0000;9
Ber;5.0000;9
stupid;11.0000;45
Co_co;5.0000;9
Di;7.5000;18
Megan;15.0000;18
Inga;22.5000;18
fright;5.0000;18
Ra;8.3333;27
Zimmy;10.0000;9
kidney;5.0000;9
Postman_Pats;5.0000;9
wicket;5.0000;9
prize;85.0000;18
slope;5.0000;9
Jess_Cat;25.0000;9
Goggin;65.0000;9
Ken;8.7500;36
David;12.0000;45
jean;20.0000;36
gi;7.5000;18
Newquay;12.5000;18
naked;20.0000;9
Milly;20.0000;18
Jake;5.0000;27
river;32.5000;36
ginger;13.3333;27
Nana_Bear;5.0000;9
Toddlers;12.5000;18
Willow;5.0000;9
nono;5.0000;9
Billy_bear;5.0000;18
Crocodile_Party;15.0000;9
talcum;15.0000;18
blonde;10.0000;9
Diane;5.0000;9
joke;23.3333;27
chilly;7.5000;18
Wizadora;5.0000;9
meany;5.0000;9
cakie;5.0000;9
Nell;5.0000;9
Petra;16.6667;27
Far_away;5.0000;9
check;23.3333;27
diamond;20.0000;18
grin;5.0000;9
true;5.0000;18
clover;5.0000;9
Flopsy;5.0000;9
Cotton_tail;5.0000;9
Cottontail;10.0000;9
Toddling;5.0000;9
Lego_lego;5.0000;9
tune;17.5000;18
pork;5.0000;18
Granmda;5.0000;9
patter;10.0000;18
malt;30.0000;18
Abigail;21.6667;27
Lauren;47.5000;36
runny;7.5000;18
anyway;10.0000;45
handbag;11.6667;27
understand;5.0000;18
Cornwall;6.6667;27
bead;10.0000;18
gee;15.0000;9
eek;5.0000;18
booboo;20.0000;9
Bobby_Shafto;5.0000;9
whey;5.0000;9
crow;10.0000;9
Bobby_bear;105.0000;18
pita;15.0000;9
Dutch;27.5000;18
ya;21.7812;32
fiddler;5.0000;9
gentleman;17.5000;18
Muffet;5.0000;9
bonfire;5.0000;9
tischoo;5.0000;9
fierce;20.0000;18
Liza;30.0000;9
bunk;15.0000;27
gloomy;5.0000;9
hamper;5.0000;9
puncture;20.0000;9
Pippo;5.0000;9
sauce;96.0000;24
Naomi;5.0000;9
sunglass;10.0000;27
photograph;16.6667;27
seaplane;5.0000;9
gross;10.0000;9
prod;90.0000;18
choose;23.3333;27
vehicle;127.5000;18
tray;8.3333;27
teat;5.0000;9
ray;5.0000;18
floodlight;5.0000;9
Baa_baa_sheep;10.0000;9
excellent;5.0000;9
turnip;5.0000;9
firebox;5.0000;9
tender;47.5000;18
raindrop;45.0000;9
Duke;37.5000;36
thread;10.0000;9
smart;7.5000;36
rucksack;5.0000;9
even;13.7143;35
escape;7.5000;36
gentle;12.5000;18
join;12.5000;36
ram;15.0000;9
Land_Rovers;5.0000;9
collar;17.5000;18
wibbly;5.0000;18
lazybones;10.0000;9
gingery;10.0000;18
Bulgie;25.0000;9
velcro;5.0000;18
peace;9.0000;8
wallup;20.0000;9
munch;5.0000;18
taxi;18.7500;36
path;8.3333;27
mixer;8.3333;27
crikey;6.6667;27
Malta;62.5000;18
excite;10.0000;18
frame;10.0000;18
pumpy;10.0000;18
suck;23.6250;32
hall;6.2500;36
Jolly;47.5000;18
cocoa;6.2500;36
da;10.0000;36
danger;5.0000;9
alarm;25.0000;9
heat;7.5000;18
mobile;15.0000;18
Irene;12.5000;18
bonnet;37.5000;18
spare;10.0000;36
minicar;15.0000;9
baker;10.0000;27
ordinary;10.0000;18
flick;5.0000;9
Bramwell;10.0000;18
Bramwell_Brown;42.5000;18
Little_Bear;55.0000;18
slap;5.0000;18
giddy;23.3333;27
lump;20.0000;27
attic;13.3333;27
holder;15.0000;9
Alexander;10.0000;18
shovel;7.5000;18
whirly;7.5000;18
motorway;15.0000;18
parachute;10.0000;18
barrel;5.0000;9
sucky;15.0000;9
Gary;17.5000;18
firefighter;5.0000;18
everyone;15.3000;40
steamy;5.0000;9
shine;6.6667;27
bobbin;7.5000;18
pavement;57.5000;18
erm;268.7500;36
Maisie;5.0000;9
sweetcorn;7.5000;18
olive;6.6667;27
split;10.0000;18
siesta;5.0000;9
nee_naw;61.6667;27
avocado;5.0000;9
pod;5.0000;9
about;357.5000;20
would;153.3333;42
anymore;81.4000;40
Christmas;93.0000;35
dry;124.3000;40
full;70.1250;32
begin;29.3333;24
school;120.0000;25
tomorrow;99.0000;32
great;50.0000;28
after;92.0000;25
holiday;93.5000;40
as;41.0000;25
pumpkin;16.5000;8
live;126.5000;40
ago;16.5000;32
place;48.4000;40
care;13.3333;21
old;97.1333;30
friend;196.2000;20
fine;36.2500;28
flat;35.0000;21
start;74.0000;35
always;50.0000;35
corn;59.0476;21
meet;27.5000;32
mix;28.8750;32
suddenly;8.2500;16
favorite;58.6286;35
grow;46.7500;32
state;5.5000;8
afraid;8.2500;16
dentist;8.2500;16
turkey;11.0000;32
fun;34.8750;24
if;160.5333;15
stuff;60.9667;30
also;11.4286;14
teacher;17.6400;25
coin;8.2500;16
meadow;11.0000;8
every;22.0000;32
Mother;20.9000;40
lane;9.1667;24
their;106.4000;25
shopping;11.0000;8
many;61.4800;25
maybe;407.1600;25
but;463.3333;6
today;274.8000;10
when;369.1667;6
could;330.6000;20
our;130.8000;10
because;1219.2000;10
puttin;10.0000;18
prescription;15.0000;18
pension;10.0000;9
stayin;5.0000;18
cryin;75.0000;9
Pauline;10.0000;9
playin;12.5000;36
Johnston;10.0000;9
stinkin;25.0000;9
ironin;20.0000;9
markin;5.0000;9
stink;15.0000;27
talc;5.0000;9
gettin;25.0000;27
walkin;5.0000;9
tryin;13.3333;27
drinkin;15.0000;9
jackal;5.0000;9
Doc;17.5000;18
Shaw;10.0000;9
singin;10.0000;9
clappin;10.0000;9
drain;7.5000;18
runnin;22.5000;18
himself;48.7500;36
jumpin;15.0000;9
sittin;13.3333;27
once;16.2500;36
makin;11.6667;27
waken;8.3333;27
rollin;30.0000;9
McAteer;5.0000;9
without;15.0000;9
startin;12.5000;18
doin;17.5000;36
nah;15.8438;32
Abbey;7.5000;18
centre;12.5000;36
eee;18.3333;27
fifty;27.5000;18
Jonsey;25.0000;9
behave;15.0000;18
bandage;13.3333;27
loose;20.0000;27
och;8.7500;36
rubber;5.0000;9
Raggy;10.0000;9
lighter;40.0000;9
hammerin;15.0000;9
naw;25.0000;27
ornament;10.0000;9
aha;10.0000;27
nope;13.0000;45
bokey;10.0000;9
sake;5.0000;9
Katie;16.1250;16
Kilty;5.0000;18
pitter;5.0000;9
United;15.0000;27
uncle;5.0000;18
lace;21.6667;27
grill;10.0000;9
goin;41.6667;27
Denver;30.0000;36
pullin;5.0000;9
wha;50.0000;36
em;246.2500;36
Linda;17.5000;36
watchin;8.3333;27
Pog;10.0000;9
dunno;30.0000;27
tool;30.0000;27
Belfast;5.0000;9
wi;12.5000;18
yip;13.7500;36
snooker;20.0000;18
tha;33.3333;27
didn;10.0000;9
jus;11.2500;36
gimme;15.0000;18
stickin;5.0000;9
lyin;5.0000;18
tic;10.0000;9
Debby;5.0000;9
anybody;33.7500;36
nighttime;7.5000;18
giant;26.2500;36
Fi;6.6667;27
Fo;5.0000;9
Fum;5.0000;9
Bens;5.0000;9
dingo;10.0000;9
such;5.0000;27
prayer;25.0000;9
fopfepfog;5.0000;9
mu;12.5000;18
hoooo;5.0000;9
Sonny;5.0000;9
beeper;5.0000;9
comfortable;45.0000;9
driveway;5.0000;9
Nic;25.0000;9
Nico;5.0000;9
microwave;40.0000;9
Poppin;5.0000;9
supercalifragilistic;10.0000;9
fefihohoha;5.0000;9
scare;13.3333;27
Goldielocks;50.0000;9
flied;8.7500;36
bangle;5.0000;9
boke;50.0000;9
suit;15.0000;9
Dusty;45.0000;18
Didi;5.0000;9
heaven;7.5000;18
kitty;15.0000;9
hutch;20.0000;9
Christina;5.0000;9
pokey;5.0000;9
baddie;46.6667;27
Riding;10.0000;18
strike;5.0000;9
exactly;11.6667;27
sieve;30.0000;9
mitten;15.0000;18
laughin;10.0000;18
tellin;5.0000;9
nasty;30.0000;9
sleepin;10.0000;27
dwarf;10.0000;9
Zippy;15.0000;9
part;42.5000;36
soakin;10.0000;9
cuttin;5.0000;9
whats;10.0000;9
loss;5.0000;9
lookin;42.5000;18
bureau;10.0000;9
ano;27.5000;18
nex;12.5000;18
pointin;7.5000;18
wan;11.6667;27
sev;10.0000;9
ni;5.0000;9
blackberry;12.5000;18
app;5.0000;9
sunflower;15.0000;9
joy;30.0000;9
painter;7.5000;18
violin;22.5000;18
dough;16.2500;36
te;5.0000;9
bein;10.0000;9
shoutin;5.0000;9
losin;5.0000;9
shoppin;7.5000;18
list;5.0000;9
lik;10.0000;9
yeh;38.7500;36
Hansel;10.0000;9
apron;17.5000;18
al;5.0000;18
nowhere;17.5000;18
Is;5.0000;27
Topsey;10.0000;9
Simeon;30.0000;9
Curtis;15.0000;9
Annalise;5.0000;9
st;12.5000;18
dingaling;35.0000;9
scratchy;5.0000;9
Margaret;5.0000;9
storybook;5.0000;9
scribble;10.0000;9
Lu;5.0000;9
domino;15.0000;9
tickies;5.0000;9
tuppence;10.0000;9
Lynn;20.0000;9
cleaner;20.0000;9
Susie;10.7500;16
scruff;5.0000;9
far;26.2500;36
Gerry;5.0000;9
badly;5.0000;9
Lena;60.0000;9
pastry;10.0000;18
pouffe;10.0000;9
order;45.0000;9
hiccough;5.0000;9
Steven;20.0000;36
future;5.0000;18
butcher;25.0000;9
precious;10.0000;9
form;10.0000;9
ballie;5.0000;9
boardie;5.0000;9
Monday;50.0000;9
doody;5.0000;9
teach;6.2500;36
downs_a_daisy;5.0000;9
thinner;5.0000;9
escalator;5.0000;9
jig;5.0000;18
rope;6.6667;27
tonight;13.3333;27
Dancing_Bears;5.0000;9
whatever;9.0000;24
fiddlestick;5.0000;9
Mr_Mandu;10.0000;9
sturdy;5.0000;9
gracious;10.0000;9
either;23.3333;27
Jack_in_the_box;5.0000;9
Anne_in_the_box;5.0000;9
John_Collins;10.0000;9
toothpaste;45.0000;9
Easter_bunny;5.0000;9
Annie_Apple;20.0000;9
Clever_Cat;20.0000;9
Fireman_Fred;5.0000;9
golden;10.0000;9
Jumping_Jim;20.0000;9
Lamp_Lady;15.0000;9
Ticking_Tom;5.0000;9
Ticking_Tess;10.0000;9
Dippy_Duck;45.0000;9
Anne_Lisa;10.0000;9
Munching_Mike;50.0000;9
oar;35.0000;9
Mr_Chicken;5.0000;9
winner;10.0000;9
surprise;45.0000;9
Lorraine_Mummy;20.0000;9
eyedrop;5.0000;9
coca_cola;15.0000;9
wellys;10.0000;9
Luke;10.0000;9
Sammy_Seal;5.0000;9
ours;14.0938;32
sneak;5.0000;9
Alice_in_Wonderland;10.0000;9
Tracey;10.0000;9
legging;10.0000;9
Mrs_Russell;5.0000;9
certainly;5.0000;9
mouthful;10.0000;9
Tibby;10.0000;9
proper;15.0000;18
free;11.6667;27
Miss_Polly;5.0000;9
poodle;5.0000;9
spoonful;5.0000;9
Sammy_snake;30.0000;9
righto;10.0000;9
teeny;5.0000;9
Georgie;10.0000;9
Toy_story;10.0000;9
tangle;30.0000;9
Rapunzil;5.0000;9
stickies;10.0000;9
freeze;7.5000;18
didey;5.0000;9
so_that;10.0000;27
Mickey;15.0000;27
Rainbow_teddy;5.0000;9
Jamess;5.0000;9
James_Bird;5.0000;9
Len;5.0000;9
ponytail;17.5000;18
warmer;5.0000;9
Preston_pig;5.0000;9
leak;5.0000;9
Snowey;5.0000;9
forty;17.5000;36
Nottingham;5.0000;9
Pat_the_Cat;5.0000;9
Tap_the_Bat;10.0000;9
Nat_the_Rat;5.0000;9
cocakdoodledoo;5.0000;9
Jen_the;5.0000;9
Jen_the_Hen;10.0000;9
Cock_the_Log;10.0000;9
Tog_the_Log;5.0000;9
Tog_the_Dog;20.0000;9
bog;7.5000;18
Zug_the_Bug;20.0000;9
Zug_the_bed;15.0000;9
Zug_the_Hen;5.0000;9
Zug_the_Pig;10.0000;9
Zog_the_Pig;5.0000;9
Zog;5.0000;9
Zig_the_Pig;15.0000;9
Rolo;5.0000;9
diff;5.0000;9
specially;5.0000;9
instruction;110.0000;9
Mer_mer;10.0000;9
Otis;5.0000;9
gay;20.0000;9
pounce;5.0000;9
snatch;17.5000;18
Scotland;12.5000;18
creep;15.0000;9
weasel;5.0000;9
Hotchpotch;15.0000;9
gold;12.5000;18
Chucklevision;20.0000;9
croak;5.0000;9
cramp;20.0000;9
scoff;5.0000;9
den;25.0000;9
Henny_Penny;5.0000;9
Samantha;5.0000;9
Fred;15.0000;18
spend;10.0000;18
bleep;5.0000;18
moment;57.5000;18
Mister_horse;5.0000;9
Mister_bull;5.0000;9
Mister_pig;5.0000;9
Mister_goat;5.0000;9
crush;17.5000;18
Thompson_twins;5.0000;9
onto;32.5000;36
Cheese_ets;5.0000;9
unload;5.0000;9
Aunty_Kate;5.0000;9
kill;31.2500;36
tweettweet;5.0000;9
zzz;10.0000;18
Goosey_Loosey;5.0000;9
dangerous;27.5000;18
hop_hop;10.0000;9
prefer;5.0000;9
metre;30.0000;9
Ruby_roo;5.0000;9
Ruby_Ring;5.0000;9
insect;7.5000;18
spray;20.0000;9
chute;5.0000;9
scrunch;5.0000;9
frosty;35.0000;9
snack;12.5000;18
depot;5.0000;9
Securicor;5.0000;9
diversion;15.0000;9
Paddy_roadman;5.0000;9
frock;10.0000;9
iffie;10.0000;9
site;7.5000;18
skyscraper;5.0000;9
Missis_Robert;10.0000;9
disturb;10.0000;9
Dry_Bones;5.0000;9
Bella;110.0000;9
workshop;5.0000;9
Ted_Glen;40.0000;9
Norman_Price;110.0000;9
boulder;10.0000;9
Dyllis_Price;10.0000;9
often;10.0000;9
Russia;5.0000;9
Rookie;10.0000;9
Abbie;5.0000;9
chinnie;10.0000;9
zigzag;25.0000;9
decker;10.0000;9
tictacky;5.0000;9
Jack_the_tractor;5.0000;9
Mike_mechanic;15.0000;9
Francis;15.0000;9
Alfie;6.6667;27
Alfie_Romeo;5.0000;9
cost;5.0000;9
speed;10.0000;9
Benny;90.0000;9
dangle;10.0000;9
Benny_the_breakdown_truck;15.0000;9
Benny_the_break;5.0000;9
ceiling;32.5000;18
agree;5.0000;9
Patty;10.0000;9
Euro_Disney;5.0000;9
Peggy_Patch;10.0000;9
Mister_Goggins;5.0000;9
Missis_Goggins;20.0000;9
Blackie;5.0000;9
Billie_Goat_Gruff;5.0000;9
ecoli;5.0000;9
Denmark;5.0000;9
Spotty_the_dog;5.0000;9
Helen;7.5000;18
growl;5.0000;9
ghosties;5.0000;9
slimy;10.0000;9
Percy_the_Dexter;5.0000;9
muffler;5.0000;9
Uncle_Tony;5.0000;9
sell;17.5000;18
Mister_Reed;5.0000;9
Spice_Girls;10.0000;9
Pingo;10.0000;9
steeple;5.0000;9
Sooty;10.0000;9
march;60.0000;9
tug_of_war;5.0000;9
Tommy_thumb;15.0000;9
flatten;40.0000;9
grit;5.0000;9
Benny_the_breakdown_lorry;5.0000;9
rash;5.0000;9
boinged;5.0000;9
platform;55.0000;9
barrier;25.0000;9
hoothoot;5.0000;9
P_C_Selby;15.0000;9
P_C_Plod;20.0000;9
Toytown;10.0000;9
Missis_Price;5.0000;9
prison;45.0000;9
handcuff;25.0000;9
Skippy;7.5000;18
volcano;10.0000;9
gallon;5.0000;9
Volkswagen;5.0000;9
Mister_Plod;10.0000;9
tailor;10.0000;9
robber;32.5000;18
Morrison;5.0000;9
deliver;10.0000;18
Pinga;40.0000;9
pyramid;15.0000;9
worse;5.0000;9
Pancaster;5.0000;9
Miss_Hubboard;15.0000;9
wife;10.0000;9
Dorothy;15.0000;9
basin;5.0000;9
Peter_Fog;5.0000;9
otherwise;15.0000;9
Master_Tubby;15.0000;9
Drybone;10.0000;9
chairman;10.0000;9
rust;5.0000;9
P_C_Arthur_Selby;5.0000;9
Mister_driver;5.0000;9
Mister_driverman;15.0000;9
hour;4.5000;24
pile;105.0000;9
shuffle;15.0000;9
Doctor_Saunders;5.0000;9
welcome;20.0000;9
fuzzy;10.0000;9
bunch;10.0000;9
Mum_Mummy_Mum;5.0000;9
practice;5.0000;18
Doctor_Dodson;5.0000;9
goodness_sake;10.0000;9
for_goodness_sake;15.0000;9
London_Bridge;15.0000;9
carrier;25.0000;9
seaweed;15.0000;9
unless;15.0000;9
statue;5.0000;9
puzpie;5.0000;9
dovey;10.0000;9
lovey;5.0000;9
wish;22.5000;16
Dup;5.0000;9
nineteen;8.3333;27
fifteen;15.0000;24
hiss;15.0000;9
doorway;10.0000;9
Whiskas;10.0000;9
Mrs_Lyons;5.0000;9
syringe;15.0000;9
roly;10.0000;9
war;5.0000;9
daffodil;5.0000;9
till;22.5000;36
Masons;5.0000;9
Perdita;10.0000;9
Judith_Dodson;5.0000;9
Judith;10.0000;9
Sneezy;15.0000;9
Dwarfs;5.0000;9
fur;12.5000;18
Easter_Eggs;5.0000;9
Mr_Monster;10.0000;9
handstand;10.0000;18
world;20.0000;18
hatch;15.0000;9
beneath;5.0000;9
splish;5.0000;9
Bunnykins;10.0000;9
summertime;10.0000;9
cheater;5.0000;9
mermaid;40.0000;9
father;20.2500;16
Goosy;10.0000;9
wigwigs;5.0000;9
darky;5.0000;9
sss;5.0000;9
visit;5.0000;18
heavily;10.0000;9
Rock_a_bye_baby;5.0000;9
Disney;15.0000;18
Disneyland;10.0000;18
nick;20.0000;9
reddie;5.0000;9
Miss_Perdita;10.0000;9
Tessy_Bear;40.0000;9
Ruffy_Cat;5.0000;9
Tessy;5.0000;9
Tessy_Bears;5.0000;9
Two_tone;50.0000;9
each_other;12.5000;18
shock;30.0000;9
Sukiekins;5.0000;9
Jasper;5.0000;9
themselves;46.6667;27
Whizzer;5.0000;9
raw;5.0000;9
Louis;20.0000;9
jewel;5.0000;9
Miss_Dodson;5.0000;9
nibblie;10.0000;9
complicate;5.0000;9
junction;25.0000;9
clunk;5.0000;9
stumpy;10.0000;9
ly;5.0000;9
crank;5.0000;9
sweeper;15.0000;9
Jingler;20.0000;9
Sally_the_sea_plane;5.0000;9
Harriet_the_helicopter;5.0000;9
Aunty_Jill;5.0000;9
tram;15.0000;9
drown;17.5000;18
handy;10.0000;9
Aunty_Zita;5.0000;9
Saver;7.5000;18
galloppy;145.0000;9
Mister_pen;5.0000;9
dum_dum;5.0000;9
Little_Missis;5.0000;9
Thomass;25.0000;9
ad;5.0000;9
Granddad_Brian;10.0000;9
service;5.0000;9
Nina_Louise;45.0000;9
Christmas_Day;10.0000;9
invisible;5.0000;9
honest;5.0000;9
accident;80.0000;9
albino;20.0000;9
Cheerios;10.0000;9
Nina_Louise_Spencer;20.0000;9
Nina_Spencer;15.0000;9
Nina_Louis_Spencer;5.0000;9
quilt;5.0000;9
Beano;10.0000;27
yippie;5.0000;9
sulk;10.0000;9
definitely;5.0000;18
harm;5.0000;18
rounder;30.0000;9
perfect;10.0000;9
raise;7.5000;18
Tinky_Winky;30.0000;9
program;5.0000;9
dare;75.0000;9
nugget;7.5000;18
nuisance;7.5000;18
nosy;20.0000;9
airborne;55.0000;9
Roxy;30.0000;9
news;5.0000;9
Jungle_Book;5.0000;9
Mabel_Spencer;5.0000;9
hooter;5.0000;9
splinter;35.0000;9
young;15.0000;9
grrrr;5.0000;9
bzzz;5.0000;9
pleasure;10.0000;9
Eioh;15.0000;9
Old_Macdonal;5.0000;9
toaster;5.0000;18
Postman_Box;5.0000;9
seventy;5.0000;18
fluke;10.0000;9
Twinkle_;5.0000;9
Edwards;10.0000;9
Christmas_treat;5.0000;9
pine;5.0000;18
Darlik;10.0000;9
Yubby;5.0000;9
shit;5.0000;9
Thoamas;5.0000;9
Tubby_byebyes;5.0000;9
lamp;10.0000;9
Rupert;5.0000;9
Skittles;15.0000;18
Snowdon;17.5000;18
cosy;5.0000;9
Freddie_Frog;15.0000;9
Lanzarotte;90.0000;9
bloom;5.0000;9
muffin;5.0000;18
slim;10.0000;9
cinema;10.0000;9
Lionus;5.0000;9
Grandparents;5.0000;9
Spencer;20.0000;9
waistcoat;5.0000;9
whacker;10.0000;9
twister;5.0000;9
Elton_John;15.0000;9
Old_Mother_Hubbard;5.0000;9
Noah;5.0000;9
nipple;5.0000;9
bugger;15.0000;9
flapjack;65.0000;9
Wildy;30.0000;9
Charlie_Bs;35.0000;9
crisis;5.0000;9
fountain;10.0000;9
arcade;5.0000;9
Aston_Villa;10.0000;9
Mummmy;5.0000;9
varnish;5.0000;9
team;5.0000;9
meal;10.0000;9
Gail_G;5.0000;9
Andy_P_J;5.0000;9
Mimi;5.0000;9
headache;75.0000;9
Jolly_Tall;25.0000;9
Ruff;7.5000;18
Hoot;10.0000;9
Sailor;10.0000;9
bidet;5.0000;9
smily;25.0000;9
Kinder_egg;5.0000;9
Kinder;5.0000;27
Majorca;45.0000;9
Tippy_Turtle;10.0000;9
chess;5.0000;9
biggie;5.0000;9
Etchasketch;5.0000;9
disco;5.0000;18
decorate;25.0000;9
Gruff;15.0000;9
seem;5.0000;9
wallop;5.0000;9
peppermint;15.0000;9
Gail_Bentley;5.0000;9
blood;33.7500;16
Tele_Tubbies;5.0000;9
velvet;5.0000;9
spooky;10.0000;18
Bentley;5.0000;9
Little_Bears;5.0000;9
Kippy;35.0000;9
Tweety;5.0000;18
Choochie;5.0000;9
putt;5.0000;18
rod;22.5000;18
shaker;10.0000;9
Run_Riot;5.0000;9
Riot;5.0000;9
Tom_and_Jerry_spaghetti;5.0000;9
terrapin;5.0000;9
deck;10.0000;9
coving;5.0000;9
temperature;5.0000;9
Peter_Bentley;5.0000;9
Doc_Martens;5.0000;9
storm;10.0000;27
wardrobe;12.5000;18
Quadro;5.0000;9
Storytime;20.0000;9
Knees_Bees;5.0000;9
Guess_what;5.0000;9
Puffing_Billy;5.0000;9
friendly;7.5000;18
Enchanted_forest;5.0000;9
bluebell;5.0000;9
creak;5.0000;9
Cleo;15.0000;9
cuff;5.0000;9
chump;15.0000;9
clutz;5.0000;9
Samosas;5.0000;9
Teletubby;5.0000;9
weight;15.0000;9
gherkin;20.0000;18
Clio;10.0000;9
mosquito;5.0000;9
length;5.0000;9
omelette;5.0000;9
Copaz;15.0000;9
England;10.0000;9
clippie;5.0000;9
Winnie_the_Witch;10.0000;9
lead;15.0000;9
Snoopy;10.0000;9
loudly;5.0000;9
Skips;10.0000;9
Rugrats;5.0000;18
chap;10.0000;9
clicky;5.0000;9
Sol;15.0000;9
pretzel;10.0000;18
Honkey;5.0000;9
Wilbur;5.0000;9
abra_cadabra;15.0000;9
keen;5.0000;9
Rob;5.0000;9
Sicily;5.0000;9
operation;5.0000;9
Range_Rover;5.0000;9
skimpy;15.0000;9
Loughborough;15.0000;9
World_Cup;5.0000;9
emergency;7.5000;18
scuttle;15.0000;9
expect;10.0000;9
Lion_King;5.0000;9
Broomsticks;5.0000;9
Bedknobs_and_Broomsticks;5.0000;9
Dumbo;6.6667;27
inch;40.0000;9
spirit;10.0000;9
fresh;15.0000;9
central;5.0000;9
Rosie_and_Jim;5.0000;9
bulb;5.0000;9
lunchbox;10.0000;9
rollerskate;10.0000;9
fag;45.0000;9
brussels;15.0000;9
date;5.0000;18
throb;5.0000;9
beddy_byes;5.0000;9
Wizard_of_Oz;5.0000;9
film;5.0000;18
chum;12.5000;18
Bop_the_Dog;5.0000;9
Willy;5.0000;18
shire;5.0000;9
yeehah;6.6667;27
voila;35.0000;9
French;10.0000;9
Aunty_Irene;25.0000;9
except;7.5000;18
Mister_Bodger;5.0000;9
aerobics;10.0000;9
June;7.5000;36
North_Pole;5.0000;9
delight;15.0000;9
nip;8.3333;27
restaurant;5.0000;9
slidy;20.0000;9
rinse;10.0000;9
Davids;10.0000;9
curry;10.0000;9
Monoclonious;10.0000;9
Tyrannadon;30.0000;9
Dynonicus;10.0000;9
Dymetrodon;25.0000;9
duckpond;20.0000;9
rude;15.0000;9
wham;5.0000;9
bamp;5.0000;9
Ryan_Giggs;5.0000;9
Giggsy;5.0000;9
Man_united;20.0000;9
fool;5.0000;9
Solskjaer;5.0000;9
goalie;80.0000;9
cel;5.0000;9
practise;5.0000;9
Ravanelli;5.0000;9
Slow_Norris;5.0000;9
Ali;10.0000;9
joubly;10.0000;9
footstool;5.0000;9
Dyononicus;5.0000;9
Monoclon;10.0000;9
Dymetronon;20.0000;9
Tyrannasaurus_rex;10.0000;9
Simba;5.0000;27
Trader;15.0000;9
Space_Raiders;5.0000;9
alien;8.3333;27
Louis_T_Duck;10.0000;9
Mr_Grumpy;55.0000;9
Dr_Sparrow;5.0000;9
spec;5.0000;9
Noel;10.0000;18
Mr_Blobby;5.0000;9
Rug_Rats;15.0000;9
Lil;25.0000;9
Tommy;7.5000;18
Chuckie;20.0000;9
Gnasher;10.0000;18
Dennis;12.5000;18
Menace;7.5000;18
Aunty_Josie;5.0000;9
Aunty_Suzanne;5.0000;9
shiver;5.0000;9
Johnson;25.0000;9
MacDuff;10.0000;9
Birmingham;10.0000;18
stitch;5.0000;9
memory;15.0000;9
Cromarty;10.0000;9
ahoy;5.0000;9
Portland_Bill;5.0000;9
message;5.0000;9
Dave;85.0000;9
Lucky_the_Puppy;5.0000;9
eighteen;8.3333;27
quid;5.0000;9
Jason;10.0000;18
Hush_Pup;5.0000;9
Wind_the_bobbin_up;10.0000;9
stork;20.0000;9
fawn;5.0000;9
muscle;12.5000;18
lightbulb;10.0000;9
bauble;5.0000;9
Burger_King;10.0000;9
creche;25.0000;9
Poor_Sallys;5.0000;9
Poor_Sally;10.0000;9
customer;5.0000;9
Farmers_got_a_wife;5.0000;9
Roll_up_and_ride_Rosie;5.0000;9
Lilly_Pink;5.0000;9
village;6.6667;27
Jeremy_Beetle;5.0000;9
Elaine;5.0000;9
Mister_grumpy;5.0000;9
jubly;10.0000;9
blister;5.0000;9
pebble;20.0000;9
creamy;17.5000;18
sunbathe;5.0000;9
Uncle_Mark;10.0000;9
Wallace_and_Gromit;10.0000;9
Aunty_Liz;5.0000;9
warmie;5.0000;9
quietly;15.0000;9
br;5.0000;27
Glig;50.0000;9
Gligs;20.0000;9
genie;5.0000;9
Potamus_Park;5.0000;9
secret;5.0000;9
boink;5.0000;9
Summery_Holiday;5.0000;9
Mummy_mummy;10.0000;9
Codger;5.0000;9
litter;10.0000;9
Princess_Leia;5.0000;9
Obiwankinobi;5.0000;9
Samn;5.0000;9
clone;10.0000;9
Shaun_the_sheep;15.0000;9
madam;5.0000;9
Grandpa_Fox;15.0000;9
supermarket;30.0000;9
Fireman_Pat;5.0000;9
barmy;5.0000;9
Joel_Andrew_Smith;5.0000;9
Sandiacre;55.0000;9
Natalie;5.0000;9
Han_Solo;5.0000;9
Hans;20.0000;9
spaceship;10.0000;9
Admiral_Akbar;5.0000;9
Summer_Holiday;10.0000;9
Roll_up_and_ride_on;10.0000;9
Roll_up_and_ride_on_rosie;10.0000;9
Mr_Jolly;80.0000;9
Cliff_Richard;10.0000;9
ticklish;5.0000;9
Emu;5.0000;9
Peem;15.0000;9
Tih_Bem;5.0000;9
Meh_Wup;5.0000;9
Hi_Neep;5.0000;9
Wah_Mep;5.0000;9
Buh_Peem;5.0000;9
Buh_Buh_Noh_Peem;5.0000;9
Woh_Bi_Muhn;5.0000;9
Countdown;5.0000;9
dotty;5.0000;9
Ringo_Star;5.0000;9
George_Harrison;5.0000;9
John_Lennon;5.0000;9
Paul_McCartney;5.0000;9
death;5.0000;9
Star_Wars;10.0000;9
shove;10.0000;18
Easter_Egg;5.0000;9
stew;10.0000;18
Naughty_Norman;5.0000;9
Riddler;10.0000;9
Mossop;10.0000;9
question;15.0000;18
jingle;21.0000;24
jangle;5.0000;9
Chewbacca;5.0000;9
The_wonderful_torch;10.0000;9
Mr_Happy;20.0000;9
Mr_Busy;10.0000;9
Mr_Mischief;45.0000;9
Mr_Bounce;25.0000;9
Mr_Muddle;15.0000;9
Mr_Fussy;25.0000;9
Mr_Drop;5.0000;9
Mr_Uppity;10.0000;9
Mr_Jelly;50.0000;9
Lazy;11.6667;27
Mr_Wrong;5.0000;9
Mr_Mean;5.0000;9
Mr_Chatterbox;10.0000;9
Mr_Tickle;5.0000;9
Mr_Greedy;15.0000;9
Mr_Nosey;10.0000;9
Mr_achoo;5.0000;9
Mr_Bump;15.0000;9
Mr_Silly;5.0000;9
Glory_Mischief;70.0000;9
Mr;18.0000;24
Mr_Funny;5.0000;9
treacle;20.0000;9
Wizard;55.0000;9
sawdust;25.0000;9
moustache;20.0000;9
glory;15.0000;9
Glory_Man_United;15.0000;9
Glor;5.0000;9
Wye;5.0000;9
delivery;25.0000;9
ought_to;5.0000;9
Wonderful_Torch;5.0000;9
Duck_in_charge;5.0000;9
I_spy_anything;5.0000;9
Spots_first_ball;5.0000;9
Little_hippo;10.0000;9
Little_wooly_lamb;5.0000;9
italian;5.0000;9
Mister_Happy;5.0000;9
misbehave;5.0000;9
Mr_Bent;5.0000;9
Mr_Grumble;5.0000;9
Mr_Perfect;5.0000;9
Mr_Cheerful;5.0000;9
Mr_Dizzy;5.0000;9
Mr_Impossible;5.0000;9
Mr_Clumsy;25.0000;9
Mr_Quiet;5.0000;9
Mr_Rush;5.0000;9
Mr_Sneeze;10.0000;9
tramp;5.0000;9
twig;5.0000;9
Victor_Crescent;5.0000;9
Flair;20.0000;9
national;5.0000;9
Rice_krispie;5.0000;9
cheerfully;5.0000;9
voice;9.0000;8
lean;25.0000;9
fellow;5.0000;9
beware;10.0000;9
Lois;10.0000;9
Billy_goat;20.0000;9
Billy_goat_gruff;15.0000;9
useless;5.0000;9
shave;10.0000;9
mush;10.0000;9
Mama_Doriss;5.0000;9
James_and_the_giant_peach;5.0000;9
speech;10.0000;9
expensive;5.0000;9
shaky;5.0000;9
bity;5.0000;9
Buzz_lightyear;10.0000;9
Natasha;5.0000;9
wonderful;5.0000;18
Raggy_dolls;10.0000;9
Wombles;5.0000;9
Spuddy;30.0000;9
Grandpas;5.0000;9
Dogger;5.0000;9
Billy_the_pig;5.0000;9
Benjamin;5.0000;9
squirty;5.0000;9
yoga;10.0000;9
bassoon;10.0000;9
Andre;5.0000;9
Graham;10.0000;9
Missis_McMalley;15.0000;9
Missis_McNalley;5.0000;9
Chester;5.0000;9
bumblebee;12.5000;18
dragonfly;12.5000;18
paste;5.0000;9
windowsill;10.0000;9
Northwich;5.0000;9
yacht;30.0000;9
Kit_Kat;10.0000;9
silent;15.0000;9
collie;15.0000;9
drunken;5.0000;9
quail;10.0000;9
moth;10.0000;9
Matthew;5.0000;18
Stephanie;10.0000;9
ledge;15.0000;9
scrap;11.6667;27
seventeen;8.3333;27
Harry_happy_horse;10.0000;9
Harry_the_happy_horse;5.0000;9
John_Hollins;10.0000;9
gift;15.0000;9
Baby_small;5.0000;9
hairy;25.0000;9
prawn;5.0000;9
gaga;7.5000;18
bosom;5.0000;9
wheelie;5.0000;9
flaky;5.0000;9
Tumble_Tots;55.0000;9
lens;5.0000;9
sharpener;20.0000;9
duff;10.0000;9
Orkney;10.0000;9
mesh;35.0000;9
cardboard;10.0000;9
Daggie;5.0000;9
maraca;10.0000;9
claves;5.0000;9
quarter;20.0000;9
Hartford;5.0000;9
Booth;5.0000;9
collage;20.0000;9
Stickle_bricks;5.0000;9
Tumbletots;35.0000;9
reckon;5.0000;18
saddle;22.5000;18
chance;15.0000;9
oval;5.0000;9
semicircle;10.0000;9
leopard;5.0000;9
fog;5.0000;9
Rupert_the_Bear;5.0000;9
buttie;55.0000;9
mint;30.0000;9
grief;50.0000;9
Katy;15.0000;9
Miss_Cooperative;5.0000;9
Lucy_Locket;5.0000;9
Grand_Old_Duke_York;5.0000;9
thousand;5.0000;9
Balob;10.0000;9
stretch;7.5000;18
headband;5.0000;9
ourselves;15.0000;9
submarine;5.0000;9
squiggly;5.0000;9
brr;11.6667;27
poem;5.0000;9
Playday;5.0000;9
gosling;5.0000;9
Christopher_Robin;5.0000;9
weather;7.5000;18
Sandra;5.0000;9
Bess;40.0000;9
Mister_Mean;10.0000;9
stomach;5.0000;9
creepy;20.0000;27
dormouse;5.0000;9
toadstool;5.0000;9
calendar;5.0000;18
anemone;5.0000;9
cactus;5.0000;9
Why_Bird;20.0000;9
Sundays;5.0000;9
credit;5.0000;9
tattoo;10.0000;18
Twinkle_twinkle_star;5.0000;9
twink;5.0000;9
slithery;5.0000;9
McDonald;7.5000;18
Panto;5.0000;9
Aunty_Letty;5.0000;9
peanut;5.3750;16
Tiny_Tom;5.0000;9
Tilly_Tiny_Tom;5.0000;9
extra;7.5000;18
eor;5.0000;9
everyday;6.2500;36
Ron;20.0000;9
Aunty_Linette;5.0000;9
Linette;25.0000;9
Aunty_Lily;32.5000;18
Toto;5.0000;9
type;5.0000;9
pla;10.0000;18
knobble;5.0000;9
Bev;15.0000;9
flour;15.0000;9
Toad_Toad_Hall;5.0000;9
swap;15.0000;9
cheddar;5.0000;9
Clive;15.0000;9
Ring_a_ring_roses;5.0000;9
rightie;55.0000;9
Coco_Pops;5.0000;9
gymnast;5.0000;9
Satsuma;5.0000;9
ferry;30.0000;9
heck;4.5000;8
violet;5.0000;9
Morrisons;15.0000;9
Laura;13.3333;27
Matt;25.0000;9
Jordan;7.5000;18
Willows;5.0000;9
Wind_in_Willows;5.0000;9
Ratty;10.0000;9
Toad;30.0000;9
Auntie_Lily;5.0000;9
ribbit;15.0000;9
Duplo_Duplo;5.0000;9
mintie;5.0000;9
enjoy;10.0000;9
likely;10.0000;9
dumpling;5.0000;9
connect;5.0000;9
shame;5.0000;9
scale;10.0000;27
Squeaky_weaky;5.0000;9
diary;10.0000;9
tightly;5.0000;9
White_Post_Farm;5.0000;9
Kelly;10.0000;9
Marshall_Hill_Drive;5.0000;9
scone;10.0000;9
concentrate;5.0000;9
crusty;5.0000;18
loaf;5.0000;9
Wollaton_Park;10.0000;9
ridiculous;5.0000;9
cradle;5.0000;9
latch;5.0000;9
Tinky;5.0000;9
Maltesers;25.0000;9
Wren;10.0000;9
bran;5.0000;9
Sleeping_Beauty;15.0000;9
Wilford_Hill_Drive;5.0000;9
Cameron;15.0000;9
topsy;5.0000;9
garlic;25.0000;9
tuna;5.0000;9
opener;5.0000;18
fingernail;5.0000;9
Emmerdale;5.0000;9
Coronation_Street;15.0000;9
aboard;5.0000;9
Nac_nacs;5.0000;9
Nac_nac;70.0000;9
wallpaper;7.5000;18
Nia;20.0000;9
Murphy;5.0000;9
crumpet;10.0000;9
Gwen;30.0000;9
hoho;20.0000;9
Hatman;5.0000;9
Wicked_Water_Witch;5.0000;9
Bouncing_Ben;30.0000;9
Jumping;5.1250;8
Naughty_Nick;85.0000;9
Bouncy_Ben;15.0000;9
Kicking_King;5.0000;9
Kicking;5.0000;9
Jose;5.0000;9
Red_Riding;5.0000;9
Ruth_Mary_Murphy;10.0000;9
Pete;130.0000;9
Father_Santa;5.0000;9
pantomime;15.0000;9
Fiona;30.0000;9
Amanda;5.0000;9
Uncle_Jim;15.0000;9
weigh;5.0000;9
beast;15.0000;9
Pied_Piper;5.0000;9
chat;12.5000;18
mask;7.5000;18
Aunt_Gwen;20.0000;9
Aunty_Grace;10.0000;9
pantie;5.0000;9
Mandy;17.5000;18
pray;5.0000;9
stethoscope;10.0000;9
Mary_Murphy;5.0000;9
Dutch_baby;20.0000;9
tough;30.0000;9
dread;20.0000;9
princess;80.0000;18
Paula;5.0000;18
Beauty;5.0000;9
prick;10.0000;9
spindle;5.0000;9
Fay;5.0000;9
Munching_Mikes;10.0000;9
Water_witch;5.0000;9
Robber_Red;40.0000;9
tock;10.0000;9
mass;75.0000;9
Fri;5.0000;9
Telly_tubbie;5.0000;9
Telly_tubbies;10.0000;9
Laa_Laa;15.0000;9
Jeanine;10.0000;9
Aunty_Gwen;5.0000;9
Jeneane;5.0000;9
almost;10.0000;6
Golden_Girls;5.0000;9
Orton_Orange;10.0000;9
Naughty_Nicks;15.0000;9
Golden_Girl;15.0000;9
Yoyo_Man;5.0000;9
Lamp_Ladys;5.0000;9
Hairy_Hatmans;5.0000;9
Hairy_Hatman;5.0000;9
Poor_Peter;15.0000;9
Robber_Reds;15.0000;9
Annie_Apples;5.0000;9
Robber_Ruth;5.0000;9
Wicked_Witch;5.0000;9
Wacky_Warehouse;5.0000;9
bleat;10.0000;9
priest;5.0000;9
Rois;5.0000;9
Rover;10.0000;9
Christopher;25.0000;27
helper;5.0000;18
store;8.7500;24
carpark;5.0000;9
gobble;5.0000;9
huff;5.0000;9
Paf;45.0000;9
magpie;5.0000;9
cement;15.0000;18
stab;45.0000;9
print;30.0000;9
pervert;15.0000;9
dribbly;5.0000;9
transporter;35.0000;9
Isabel;10.0000;9
beehive;10.0000;9
Alphabet_Zoo;5.0000;9
Stuart;21.6667;27
Imogen;15.0000;9
Oliver;10.0000;9
curve;5.0000;9
grumpy;5.0000;18
eggy;10.0000;9
exhaust;5.0000;9
see_saw_marjorie_daw;5.0000;9
crunchy;5.0000;9
whip;10.0000;9
jumpy;30.0000;18
verse;5.0000;9
snaky;5.0000;9
safely;10.0000;9
shover;15.0000;9
Derek;10.0000;9
izzy;10.0000;9
Dean;5.0000;18
destroy;5.0000;18
fraud;10.0000;9
policecars;10.0000;9
vacuum;10.0000;18
Gnome;20.0000;9
float;10.0000;18
Terrence;5.0000;9
sooner;5.0000;9
runway;5.0000;9
Pom;5.0000;9
bam;35.0000;18
slosh;10.0000;9
butty;10.0000;9
Tubby;5.0000;9
rhinoceros;5.0000;9
rotor;25.0000;9
propeller;10.0000;9
raspberry;15.0000;18
study;5.0000;18
artichoke;5.0000;9
Jaja;10.0000;9
Adja;5.0000;9
Adjalass;10.0000;9
coleslaw;5.0000;9
sharpen;5.0000;18
university;5.0000;9
vanilla;25.0000;9
cone;5.0000;18
dessert;10.0000;9
autumn;20.0000;9
icy;15.0000;9
gong;5.0000;9
prin;5.0000;9
teaparty;5.0000;27
buh;25.0000;9
Rice_Krispies;5.0000;9
Baw_Baw;5.0000;9
airplane;25.0000;18
mmm;20.0000;9
wh;11.6667;27
Nan;5.0000;9
havin;10.0000;9
guy;7.8750;8
never_mind;7.5000;18
plumber;10.0000;9
here_you_go;27.5000;18
Kailey;10.0000;9
bing;4.5000;16
pho;5.0000;9
re;5.0000;27
oh_no;31.6667;27
doughnu;5.0000;9
comin;12.5000;36
na;5.0000;9
Jen;10.0000;9
bu;22.5000;18
hmmm;5.0000;9
owe;5.0000;9
co;5.0000;9
Oda;20.0000;9
magnify;27.5000;18
sh;13.7500;36
ph;5.0000;9
pepperoni;5.0000;9
crinkly;10.0000;9
funfair;5.0000;9
Callum;50.0000;9
Krispy_Kreme;5.0000;9
cauliflower;20.0000;9
hor;7.5000;18
Eleanor;5.0000;9
telly;10.0000;27
liar;5.0000;18
hamster;15.0000;36
Peppa_Pig;5.0000;9
playgroup;15.0000;18
blueberry;7.5000;18
massive;7.5000;18
stalk;5.0000;9
no_no;5.0000;9
bedroom;13.3333;27
balcony;5.0000;9
treehouse;20.0000;18
Legoland;5.0000;9
Fifi;5.0000;9
Greece;10.0000;9
bathroom;8.1429;14
hamlet;10.0000;9
meatball;6.6667;27
airship;15.0000;9
farmhouse;5.0000;18
Sticklebrick;5.0000;18
potty;26.2500;8
spinach;10.0000;9
sw;5.0000;9
wanty;5.0000;9
itself;5.0000;9
peek_a_boo;5.0000;9
playground;7.5000;18
serious;5.0000;9
wah;27.5000;36
woo;15.0000;9
rab;5.0000;9
Firstname;10.0000;18
Becca;5.0000;9
candy;5.1250;8
hurray;5.0000;9
noth;5.0000;9
Badado;5.0000;9
dee;10.0000;9
piga;5.0000;9
cowie;5.0000;9
spicy;15.0000;9
sp;5.0000;9
giraffie;10.0000;9
steak;10.0000;9
Gus;5.0000;9
playtime;7.5000;18
knight;23.3333;27
shield;17.5000;18
sword;25.0000;45
de_de_de_da;5.0000;9
damsel;5.0000;9
distress;5.0000;9
cyclops;5.0000;9
a_lot;5.0000;9
waw;5.0000;9
di_di_di_di_di_da;5.0000;9
chugger;10.0000;9
graze;5.0000;9
carousel;7.5000;18
Tato;10.0000;9
teatime;5.0000;9
Jacob;5.0000;9
August;5.0000;9
unrecognizable;5.0000;9
mel;5.0000;18
hmpf;5.0000;9
how_about;7.5000;18
summer;44.0000;8
Thursday;8.2500;16
usually;5.5000;16
family;12.0000;21
area;5.5000;16
glad;11.0000;8
collect;27.5000;8
china;11.0000;8
cant;8.2500;16
decide;13.7500;16
Mrs;51.2500;28
celebrate;22.0000;8
hope;11.0000;16
year;21.6667;21
Lancaster;11.0000;8
wa;11.6667;6
blind;10.0000;18
jammies;5.0000;18
magical;5.0000;9
ale;5.0000;9
Abbeycentre;7.5000;18
anyhow;5.0000;9
hassle;5.0000;9
mou;5.0000;9
ye;12.5000;18
Hunch;5.0000;9
Hunchback;5.0000;9
movin;10.0000;18
homework;19.5000;24
til;10.0000;18
mommy;46.4286;21
Claus;5.0000;9
Granda;13.3333;27
Rangers;56.6667;27
hallway;5.0000;9
generally;5.0000;9
firm;5.0000;9
evidence;5.0000;9
G_B;5.0000;9
Hokey_Pokey;5.0000;9
fl;5.0000;9
Stripe;5.0000;9
Ethan;156.6667;27
mish;5.0000;9
Michelle;6.6667;27
Chelle;5.0000;9
Cecil;10.0000;9
Caspar;15.0000;9
Devin;15.0000;9
Courtney;10.0000;18
Janine;5.0000;9
Elizabeth;5.0000;9
Goldilock;5.0000;9
Mogoli;5.0000;9
Giggs;5.0000;9
Backham;10.0000;9
nothin;16.6667;27
power;77.5000;36
ranger;38.7500;36
spike;5.0000;18
seep;5.0000;9
hum;6.8333;24
wreckin;5.0000;9
McCartney;7.5000;18
class;7.5000;24
zero;5.0000;9
in_case;15.0000;18
Nooo;5.0000;9
Lisburn;5.0000;9
halloween;12.5000;18
Im;5.0000;9
makeup;12.5000;18
Jimmy;5.0000;18
holdin;5.0000;18
kickin;10.0000;9
McLean;5.0000;9
McCrory;5.0000;9
Trimble;16.6667;27
Navy;5.0000;18
Sant;5.0000;18
crock;5.0000;9
Kathryn;23.3333;27
Superman;12.5000;18
Jacko;5.0000;9
uk;10.0000;9
eggie;27.5000;18
Mac;5.0000;9
wink;5.0000;9
forehead;5.0000;9
Jimbo;5.0000;9
foil;5.0000;9
Wheels_on_bus;10.0000;9
Peter_had_tune;5.0000;9
Tina;15.0000;9
Fish_alive;5.0000;9
ought;5.0000;9
walrus;17.5000;18
pinnie;10.0000;9
heli;5.0000;9
helicop;5.0000;9
umm;55.0000;9
ooh;35.0000;9
ninja;25.0000;9
beddy;5.0000;9
kn;5.0000;9
don;27.5000;18
a_little;5.0000;9
Connie;5.0000;9
huckleberry;5.0000;9
Helena;20.0000;9
fuel;5.0000;9
avenue;5.0000;9
ambul;5.0000;9
Ruit;5.0000;9
hisself;5.0000;9
uuh;5.0000;9
York;10.0000;9
mumble;5.0000;9
Jemma;5.0000;9
Mia;10.0000;9
bitter;5.0000;9
turt;5.0000;9
Dan_Gordon_Rampton;5.0000;9
aw;15.0000;27
buffalo;5.0000;9
Donna;10.0000;9
Darren;15.0000;9
Konka;5.0000;9
strip;5.0000;18
ummm;5.0000;9
charger;5.0000;9
Englandton;5.0000;9
plank;15.0000;9
farther;5.0000;9
rabbi;5.0000;9
force;5.0000;9
teahouse;5.0000;9
mustard;5.0000;9
baboon;15.0000;9
pitch;5.0000;9
trot;70.0000;9
trotter;15.0000;9
jet;5.0000;9
zoom;5.0000;18
cockle;5.0000;9
d_v_d;5.0000;9
catty;5.0000;9
indoors;10.0000;9
someday;7.5000;18
dopey;5.0000;18
yay;5.0000;9
oopsie;5.0000;9
faucet;5.0000;9
basement;5.0000;9
scrape;5.0000;9
plain;5.0000;9
Nellie;55.0000;9
ev;5.0000;9
Nellies;10.0000;9
tabby;15.0000;9
Birt;25.0000;9
henny;5.0000;9
Lurkey;5.0000;9
ani;5.0000;9
Tammy;5.0000;9
Vimto;5.0000;9
bah;10.0000;9
ar;5.0000;9
tadah;10.0000;9
cereal;10.5000;8
yell;5.0000;9
Shreddies;5.0000;9
clippety_clop;5.0000;9
riv;5.0000;9
rumble;5.0000;9
Gherkins;5.0000;9
crumple;10.0000;9
num;5.0000;9
snuggly;5.0000;9
hip;5.0000;9
evie;5.0000;9
safari;5.0000;9
nk;5.0000;9
adult;10.0000;9
Gerberts;5.0000;9
haven;15.0000;9
Anxious;5.0000;9
indian;7.5000;18
acorn;5.0000;9
Grandmas;5.0000;9
Dublin;15.0000;9
Westwood;5.0000;9
spe;5.0000;9
patient;5.0000;9
kzkwooooo;5.0000;9
biueeaaa;5.0000;9
afterwards;5.0000;9
Indians;5.5000;16
above;5.5000;8
mom;600.0000;3
Kyle;10.0000;18
rotten;4.5000;8
gr;5.0000;18
gir;10.0000;9
tooth;10.0000;9
par;5.0000;9
sk;5.0000;9
Pocahontas;22.5000;18
Pocahontus;15.0000;9
Granpa;10.0000;9
Smith;10.0000;9
awful;30.0000;9
chil;5.0000;9
mornin;7.5000;18
plump;5.0000;9
Wheatabix;20.0000;9
wantin;5.0000;9
recipe;5.0000;9
Noddys;5.0000;9
feelin;5.0000;9
Dinah;10.0000;9
hoppin;5.0000;9
durin;5.0000;9
hoppy;15.0000;9
pendant;5.0000;9
Lightyear;7.5000;18
knit;10.0000;9
Cinders;5.0000;9
sill;5.0000;9
sailin;5.0000;9
smilin;5.0000;9
dr;5.0000;9
Jims;5.0000;9
noggin;10.0000;9
barge;5.0000;9
tootsie;5.0000;9
squawk;10.0000;9
Jurassic;37.5000;18
Tyranno;7.5000;18
workbook;5.0000;9
Conor;12.5000;18
hyena;25.0000;9
Robocops;7.5000;18
somethin;20.0000;18
shootin;5.0000;9
spread;5.0000;9
washin;5.0000;9
nanananana;5.0000;9
woosh;10.0000;9
squ;5.0000;9
cre;10.0000;9
crawlies;10.0000;18
cr;5.0000;18
crawly;20.0000;9
cra;5.0000;9
frostie;10.0000;18
fr;10.0000;9
cookie;5.4286;7
shooter;10.0000;9
raptor;50.0000;18
frosties;10.0000;9
ste;5.0000;9
stegosaurus;12.5000;18
snakie;5.0000;9
tracker;15.0000;9
Robocop;25.0000;18
Daffy;5.0000;9
Pingew;5.0000;9
gra;5.0000;9
reload;10.0000;9
skateboard;7.5000;18
Devil;5.0000;9
Dazzle;10.0000;9
Chootie;10.0000;9
Stacie;20.0000;18
Aunt;10.7917;24
nuh;27.5000;18
cli;5.0000;9
Cindy;10.0000;9
thermometer;5.0000;9
tweezer;5.0000;9
spring;5.0000;9
grandfather;10.0000;9
sale;5.0000;9
chemist;5.0000;9
speaker;5.0000;9
Stickerbricks;5.0000;9
amusement;15.0000;9
du;5.0000;9
Roses;5.0000;9
Porta;5.0000;9
Ventura;5.0000;9
Robson;5.0000;9
forever;7.5000;18
Dalmations;5.0000;9
infinity;5.0000;9
Slinky;10.0000;9
ee;10.0000;18
sting;45.0000;9
poinged;5.0000;9
uhuh;5.0000;9
Brek;10.0000;9
clause;5.0000;9
Judy;35.0000;18
yup;400.0000;18
net;12.5000;18
bold;7.5000;18
agh;32.5000;18
Aladdin;5.0000;9
Katrina;5.0000;9
realize;5.0000;9
Kelsey;20.0000;9
Chelsea;15.0000;9
swee;5.0000;9
Mogli;5.0000;9
necessity;5.0000;9
swinger;5.0000;9
rarr;20.0000;9
ch;65.0000;9
Balou;10.0000;9
Baywatch;5.0000;18
Moore;7.5000;18
trainman;5.0000;9
bree;5.0000;9
clo;5.0000;9
wearin;7.5000;18
bracelet;5.0000;9
Evans;5.0000;9
jewelery;7.5000;18
jew;5.0000;9
doesn;35.0000;9
cou;10.0000;9
fallin;7.5000;18
Spice;35.0000;18
Girls;12.5000;18
faries;5.0000;9
annoy;5.0000;18
pushe;10.0000;9
bunkbeds;5.0000;9
Angelica;5.0000;18
Amber;17.5000;18
drin;5.0000;9
coo;5.0000;9
breakfas;5.0000;9
smasher;5.0000;9
boyfriend;15.0000;9
Barbies;5.0000;9
Hermit;5.0000;9
veil;5.0000;9
baldy;5.0000;9
Evan;27.5000;18
bong;10.0000;9
dryin;5.0000;9
bride;10.0000;9
blusher;20.0000;9
hidin;7.5000;18
Desi;10.0000;9
billion;5.0000;9
leggin;5.0000;9
Kim;5.0000;9
Christine;5.0000;9
Beccy;5.0000;9
paintin;5.0000;9
stain;5.0000;9
slidin;5.0000;9
takin;5.0000;9
countin;5.0000;9
Kenneth;10.0000;18
spookies;5.0000;9
Bronagh;7.5000;18
Angeline;7.5000;18
Christophers;5.0000;18
dingdong;10.0000;9
banger;5.0000;9
Dalmation;5.0000;9
mate;10.0000;9
remote;5.0000;9
control;5.0000;9
argh;5.0000;9
kno;5.0000;9
slee;5.0000;9
ti;5.0000;9
noodle;16.1250;8
doodle;5.0000;9
giddyup;15.0000;18
waah;5.0000;9
imitate;55.0000;9
Lara;5.0000;9
Brian;10.0000;9
shelve;5.0000;9
Mummies;5.0000;9
ju;15.0000;9
Turtles;10.0000;9
Rudolph;5.0000;9
hy;5.0000;9
cub;12.5000;18
Abbeycent;5.0000;9
attach;10.0000;9
li;5.0000;9
starve;5.0000;9
bom;5.0000;9
waa;5.0000;9
dedede;5.0000;9
Roy;5.0000;9
Canada;5.0000;9
Lindsay;5.0000;9
Joey;5.0000;9
Christian;10.0000;9
youse;15.0000;9
fou;5.0000;9
Leisure;10.0000;18
swimmer;25.0000;18
hah;9.7500;8
humour;5.0000;9
Okey;5.0000;9
puh;5.0000;9
as_soon_as;5.0000;9
Hooks;5.0000;9
Kenny;25.0000;18
action;15.0000;18
cockadoodle;5.0000;9
rooster;5.0000;18
shopper;15.0000;9
Tales;10.0000;9
Dictionary;5.0000;9
Postie;5.0000;9
Aiken;15.0000;9
peten;5.0000;9
stretcher;20.0000;9
tel;5.0000;9
Chuckles;15.0000;9
Scampi;5.0000;9
Slam;10.0000;9
basketball;4.5000;8
Biker;10.0000;18
Mice;7.5000;18
pre;5.0000;9
Banjo;5.0000;9
Lyndsay;10.0000;9
nit;10.0000;9
bumhead;20.0000;9
security;5.0000;9
croquet;5.0000;9
Maron_Station;5.0000;9
countryside;10.0000;9
Germany;4.5000;8
troublesome;10.0000;9
pylon;10.0000;9
electricity;5.0000;9
good_morning;20.0000;9
asparagus;5.0000;9
bloke;5.0000;9
hydraulics;5.0000;9
furniture;5.0000;9
hhh;45.0000;9
stacker;10.0000;9
nosey;5.0000;9
Rhys;10.0000;9
Travis;25.0000;9
playschool;10.0000;9
later_on;5.0000;9
Trav;5.0000;9
cor;5.0000;9
stinker;5.0000;9
thi;5.0000;9
Maureen;5.0000;9
cute;11.0000;8
Tyrannosaurus;10.0000;9
Tyrannosaur;5.0000;9
winky;15.0000;9
explosive;20.0000;9
Craiglands;5.0000;9
tn;10.0000;9
Sebastian;20.0000;9
Kitkat;15.0000;9
Missus;10.0000;9
Bacchiosaurus;10.0000;9
Diplocus;5.0000;9
reason;5.0000;9
hate;45.0000;8
lemme;5.0000;9
whooo;10.0000;9
Triceratops;15.0000;9
joker;10.0000;9
Brontosaurus;5.0000;9
prehistoric;5.0000;9
rac;5.0000;9
Mars;5.0000;9
tyrrano;5.0000;9
Teradactyls;5.0000;9
tr;30.0000;9
tri;5.0000;9
Jumanji;15.0000;9
sweety;5.0000;9
Sabretoothed;5.0000;9
desert;5.0000;9
sc;10.0000;9
spiky;5.0000;9
pl;10.0000;9
Plodicus;15.0000;9
Xman;5.0000;9
pincher;5.0000;9
Mc;5.0000;9
Donalds;5.0000;9
badder;5.0000;9
nightmare;15.0000;9
horr;5.0000;9
tyra;5.0000;9
Tyrannoxxx;5.0000;9
army;5.0000;9
Gretas;5.0000;9
Tyrrana;10.0000;9
Tyranna;10.0000;9
cloak;10.0000;9
Essio;5.0000;9
Tyrannodon;15.0000;9
ty;5.0000;9
Flinstones;5.0000;9
Patheosaurus;5.0000;9
Batmans;5.0000;9
uniform;5.0000;9
Calvin;10.0000;9
Dinoman;5.0000;9
as_if;5.0000;9
Terradon;5.0000;9
Dinatron;5.0000;9
eater;10.0000;9
earthquake;5.0000;9
Dxxxtaurs;5.0000;9
Dematrons;10.0000;9
Dematron;5.0000;9
fort;5.0000;9
dungeon;40.0000;9
heap;10.0000;9
September;15.0000;9
tember;5.0000;9
yeek;5.0000;9
initial;5.0000;9
Chr;5.0000;9
Michelles;5.0000;9
Greta;50.0000;9
yourselves;5.0000;9
tra;5.0000;9
ge;5.0000;9
Rhinos;5.0000;9
downhill;5.0000;9
Teradactyl;10.0000;9
Terradaon;5.0000;9
Terradons;10.0000;9
yee;5.0000;9
winned;5.0000;9
Ashley;5.0000;9
zzzz;10.0000;9
bozo;130.0000;9
Mighty;5.0000;9
Robo;5.0000;9
cop;5.0000;9
Castleward;5.0000;9
lo;5.0000;9
Scamper;10.0000;9
Trafficker;10.0000;9
slugger;15.0000;9
Casper;10.0000;9
Mowgli;5.0000;9
Gillian;5.0000;9
Heather;10.0000;9
Playdoh;5.0000;9
Tyarrana;5.0000;9
Petrie;10.0000;9
Chumper;15.0000;9
themins;10.0000;9
muncher;5.0000;9
Grapes;5.0000;9
picker;5.0000;9
quxxx;5.0000;9
ques;10.0000;9
quest;5.0000;9
viol;10.0000;9
xylo;10.0000;9
swi;5.0000;9
rewinded;5.0000;9
Pleseosaurus;5.0000;9
fini;5.0000;9
Seacat;5.0000;9
everyb;5.0000;9
outfit;5.0000;9
Punches;5.0000;9
crocodiler;20.0000;9
lef;5.0000;9
croco;5.0000;9
Glendhu;5.0000;9
bikers;5.0000;9
normal;5.0000;9
carnel;5.0000;9
bully;5.0000;9
stray;5.0000;9
booster;5.0000;9
trailor;10.0000;9
Portstewart;5.0000;9
tile;15.0000;9
notice;5.0000;9
Mans;5.0000;9
bust;10.0000;9
Johnathan;5.0000;9
Judes;5.0000;9
Blair;10.0000;9
Coca;5.0000;9
Cola;5.0000;9
yard;5.0000;9
dude;4.5000;8
Rider;20.0000;9
sch;5.0000;9
dart;5.0000;9
Bugs;5.0000;9
Starwars;5.0000;9
oops_a_daisy;10.0000;9
champion;5.0000;9
Jennifers;5.0000;9
Spicey;30.0000;9
pole;5.0000;9
Jellies;5.0000;9
blade;10.0000;9
metal;5.0000;9
auld;10.0000;9
swimmed;5.0000;9
rainin;10.0000;9
McBride;10.0000;9
Irwin;5.0000;9
helpin;10.0000;9
wheat;5.0000;9
grab;5.0000;9
hangin;10.0000;9
crawlin;5.0000;9
Nelligan;15.0000;9
colorin;5.0000;9
plait;10.0000;9
beady;5.0000;9
weddin;15.0000;9
choker;5.0000;9
Lough;60.0000;9
shore;60.0000;9
coverin;5.0000;9
Sporty;10.0000;9
bringin;10.0000;9
breakable;25.0000;9
blame;10.0000;9
missin;5.0000;9
eatin;10.0000;9
spank;5.0000;9
Sesame;5.0000;9
copy;5.0000;9
Monroe;5.0000;9
Salou;5.0000;9
Peters;5.0000;9
fishin;5.0000;9
peekin;5.0000;9
readin;5.0000;9
Ido;5.0000;9
Lynsey;5.0000;9
builder;5.0000;9
arrow;5.0000;9
Masked;15.0000;9
everytime;5.0000;9
McDonalds;5.0000;9
glider;5.0000;9
detective;5.0000;9
surface;5.0000;9
Monkeys;20.0000;9
fireball;10.0000;9
Beechgrove;25.0000;9
freckle;10.0000;9
Bible;10.0000;9
poison;5.0000;9
Ballina;15.0000;9
goodie;5.0000;9
McKeever;40.0000;9
Gibson;15.0000;9
Muppet;5.0000;9
Michaela;10.0000;9
McCross;10.0000;9
Doh;5.0000;9
P_one;10.0000;9
Follis;5.0000;9
Valley;15.0000;9
Wheels;5.0000;9
April;5.0000;9
boss;15.0000;9
ii;10.0000;9
gangies;5.0000;9
gang;5.0000;9
Westport;5.0000;9
Primary;10.0000;9
breathe;5.0000;9
flipper;5.0000;9
workmate;5.0000;9
Petworld;5.0000;9
grave;5.0000;9
below;5.0000;9
Neil;15.0000;9
chili;5.0000;9
Mario;5.0000;9
Jacqueline;10.0000;9
golf;5.0000;9
Kimberley;5.0000;9
level;5.0000;7
city;16.5000;8
appetite;5.0000;9
Paddy;30.0000;9
gelatin;20.0000;9
greedy;10.0000;9
velociraptor;5.0000;9
Cristopher;5.0000;9
Hammy;10.0000;9
truth;5.0000;9
