<?xml version="1.0" encoding="UTF-8"?>

<CHAT xmlns:xsi="http://www.w3.org/2001/XMLSchema-instance"
      xmlns="http://www.talkbank.org/ns/talkbank"
      xsi:schemaLocation="http://www.talkbank.org/ns/talkbank http://talkbank.org/software/talkbank.xsd"
      PID="11312/c-00019088-1"
      Version="2.3.0"
      Lang="eng"
      Corpus="Cruttenden"
      Date="1968-10-12">
  <Participants>
    <participant
      id="CHI"
    name="Lucy"
      role="Target_Child"
      language="eng"
      age="P1Y5M17D"
      sex="female"
      group="typical"

    />
  </Participants>
  <comment type="Date">12-OCT-1968</comment>
  <u who="CHI" uID="u0">
    <w>doggy<mor type="mor"><mw><pos><c>adj</c></pos><stem>dog</stem><mk type="sfxf">dn</mk><mk type="sfx">Y</mk></mw><gra type="gra" index="1" head="0" relation="INCROOT"/></mor></w>
    <t type="p"><mor type="mor"><mt type="p"/><gra type="gra" index="2" head="1" relation="PUNCT"/></mor></t>

    <a type="extension" flavor="pho">gɒgi</a>
  </u>
  <u who="CHI" uID="u1">
    <w>daddy<mor type="mor"><mw><pos><c>n</c></pos><stem>daddy</stem></mw><gra type="gra" index="1" head="0" relation="INCROOT"/></mor></w>
    <t type="p"><mor type="mor"><mt type="p"/><gra type="gra" index="2" head="1" relation="PUNCT"/></mor></t>

    <a type="extension" flavor="pho">dədə</a>
  </u>
  <u who="CHI" uID="u2">
    <w>baby<mor type="mor"><mw><pos><c>n</c></pos><stem>baby</stem></mw><gra type="gra" index="1" head="0" relation="INCROOT"/></mor></w>
    <t type="p"><mor type="mor"><mt type="p"/><gra type="gra" index="2" head="1" relation="PUNCT"/></mor></t>

    <a type="extension" flavor="pho">ʌbeɪ</a>
  </u>
  <u who="CHI" uID="u3">
    <w>baby<mor type="mor"><mw><pos><c>n</c></pos><stem>baby</stem></mw><gra type="gra" index="1" head="0" relation="INCROOT"/></mor></w>
    <t type="p"><mor type="mor"><mt type="p"/><gra type="gra" index="2" head="1" relation="PUNCT"/></mor></t>

    <a type="extension" flavor="pho">beɪbi</a>
  </u>
  <u who="CHI" uID="u4">
    <w>baby<mor type="mor"><mw><pos><c>n</c></pos><stem>baby</stem></mw><gra type="gra" index="1" head="0" relation="INCROOT"/></mor></w>
    <t type="p"><mor type="mor"><mt type="p"/><gra type="gra" index="2" head="1" relation="PUNCT"/></mor></t>

    <a type="extension" flavor="pho">bɪ:bi</a>
    <a type="comments">three separate renditions</a>
  </u>
  <u who="CHI" uID="u5">
    <w>toothbrush<mor type="mor"><mwc><pos><c>n</c></pos><mw><pos><c>n</c></pos><stem>tooth</stem></mw><mw><pos><c>n</c></pos><stem>brush</stem></mw></mwc><gra type="gra" index="1" head="0" relation="INCROOT"/></mor></w>
    <t type="p"><mor type="mor"><mt type="p"/><gra type="gra" index="2" head="1" relation="PUNCT"/></mor></t>

    <a type="extension" flavor="pho">bɛ</a>
  </u>
  <u who="CHI" uID="u6">
    <w>toothbrush<mor type="mor"><mwc><pos><c>n</c></pos><mw><pos><c>n</c></pos><stem>tooth</stem></mw><mw><pos><c>n</c></pos><stem>brush</stem></mw></mwc><gra type="gra" index="1" head="0" relation="INCROOT"/></mor></w>
    <t type="p"><mor type="mor"><mt type="p"/><gra type="gra" index="2" head="1" relation="PUNCT"/></mor></t>

    <a type="extension" flavor="pho">ba</a>
    <a type="comments">two separate renditions</a>
  </u>
  <u who="CHI" uID="u7">
    <w>brush<mor type="mor"><mw><pos><c>n</c></pos><stem>brush</stem></mw><gra type="gra" index="1" head="0" relation="INCROOT"/></mor></w>
    <t type="p"><mor type="mor"><mt type="p"/><gra type="gra" index="2" head="1" relation="PUNCT"/></mor></t>

    <a type="extension" flavor="pho">bɛ̈s</a>
    <a type="comments">imitation</a>
  </u>
  <u who="CHI" uID="u8">
    <w>comb<mor type="mor"><mw><pos><c>n</c></pos><stem>comb</stem></mw><gra type="gra" index="1" head="0" relation="INCROOT"/></mor></w>
    <t type="p"><mor type="mor"><mt type="p"/><gra type="gra" index="2" head="1" relation="PUNCT"/></mor></t>

    <a type="extension" flavor="pho">kʰə</a>
  </u>
  <u who="CHI" uID="u9">
    <w>shoe<mor type="mor"><mw><pos><c>n</c></pos><stem>shoe</stem></mw><gra type="gra" index="1" head="0" relation="INCROOT"/></mor></w>
    <t type="p"><mor type="mor"><mt type="p"/><gra type="gra" index="2" head="1" relation="PUNCT"/></mor></t>

    <a type="extension" flavor="pho">ʃʊə</a>
  </u>
  <u who="CHI" uID="u10">
    <w>chair<mor type="mor"><mw><pos><c>n</c></pos><stem>chair</stem></mw><gra type="gra" index="1" head="0" relation="INCROOT"/></mor></w>
    <t type="p"><mor type="mor"><mt type="p"/><gra type="gra" index="2" head="1" relation="PUNCT"/></mor></t>

    <a type="extension" flavor="pho">sɛə</a>
  </u>
  <u who="CHI" uID="u11">
    <w>pear<mor type="mor"><mw><pos><c>n</c></pos><stem>pear</stem></mw><gra type="gra" index="1" head="0" relation="INCROOT"/></mor></w>
    <t type="p"><mor type="mor"><mt type="p"/><gra type="gra" index="2" head="1" relation="PUNCT"/></mor></t>

    <a type="extension" flavor="pho">pæ</a>
  </u>
  <u who="CHI" uID="u12">
    <w>apple<mor type="mor"><mw><pos><c>n</c></pos><stem>apple</stem></mw><gra type="gra" index="1" head="0" relation="INCROOT"/></mor></w>
    <t type="p"><mor type="mor"><mt type="p"/><gra type="gra" index="2" head="1" relation="PUNCT"/></mor></t>

    <a type="extension" flavor="pho">pʰapʰa</a>
  </u>
  <u who="CHI" uID="u13">
    <w>daddy<mor type="mor"><mw><pos><c>n</c></pos><stem>daddy</stem></mw><gra type="gra" index="1" head="0" relation="INCROOT"/></mor></w>
    <t type="p"><mor type="mor"><mt type="p"/><gra type="gra" index="2" head="1" relation="PUNCT"/></mor></t>

    <a type="extension" flavor="pho">dædi</a>
  </u>
  <u who="CHI" uID="u14">
    <w>piggy<mor type="mor"><mw><pos><c>adj</c></pos><stem>pig</stem><mk type="sfxf">dn</mk><mk type="sfx">Y</mk></mw><gra type="gra" index="1" head="0" relation="INCROOT"/></mor></w>
    <t type="p"><mor type="mor"><mt type="p"/><gra type="gra" index="2" head="1" relation="PUNCT"/></mor></t>

    <a type="extension" flavor="pho">pʰipʰi</a>
    <a type="comments">imitation</a>
  </u>
  <u who="CHI" uID="u15">
    <w>lady<mor type="mor"><mw><pos><c>n</c></pos><stem>lady</stem></mw><gra type="gra" index="1" head="0" relation="INCROOT"/></mor></w>
    <t type="p"><mor type="mor"><mt type="p"/><gra type="gra" index="2" head="1" relation="PUNCT"/></mor></t>

    <a type="extension" flavor="pho">lə:lɛ̈</a>
  </u>
  <u who="CHI" uID="u16">
    <w>horse<mor type="mor"><mw><pos><c>n</c></pos><stem>horse</stem></mw><gra type="gra" index="1" head="0" relation="INCROOT"/></mor></w>
    <t type="p"><mor type="mor"><mt type="p"/><gra type="gra" index="2" head="1" relation="PUNCT"/></mor></t>

    <a type="extension" flavor="pho">xxx</a>
  </u>
  <u who="CHI" uID="u17">
    <w>told<mor type="mor"><mw><pos><c>v</c></pos><stem>tell</stem><mk type="sfxf">PAST</mk></mw><gra type="gra" index="1" head="0" relation="ROOT"/></mor></w>
    <t type="p"><mor type="mor"><mt type="p"/><gra type="gra" index="2" head="1" relation="PUNCT"/></mor></t>

    <a type="extension" flavor="pho">tö</a>
  </u>
  <u who="CHI" uID="u18">
    <w>puppy<mor type="mor"><mw><pos><c>n</c></pos><stem>puppy</stem></mw><gra type="gra" index="1" head="0" relation="INCROOT"/></mor></w>
    <t type="p"><mor type="mor"><mt type="p"/><gra type="gra" index="2" head="1" relation="PUNCT"/></mor></t>

    <a type="extension" flavor="pho">pʌpi</a>
  </u>
  <u who="CHI" uID="u19">
    <w>water<mor type="mor"><mw><pos><c>n</c></pos><stem>water</stem></mw><gra type="gra" index="1" head="0" relation="INCROOT"/></mor></w>
    <t type="p"><mor type="mor"><mt type="p"/><gra type="gra" index="2" head="1" relation="PUNCT"/></mor></t>

    <a type="extension" flavor="pho">ɑ:kə</a>
  </u>
  <u who="CHI" uID="u20">
    <w>chair<mor type="mor"><mw><pos><c>n</c></pos><stem>chair</stem></mw><gra type="gra" index="1" head="0" relation="INCROOT"/></mor></w>
    <t type="p"><mor type="mor"><mt type="p"/><gra type="gra" index="2" head="1" relation="PUNCT"/></mor></t>

    <a type="extension" flavor="pho">ɕɛ̴̃ə̃</a>
  </u>
  <u who="CHI" uID="u21">
    <w>doggy<mor type="mor"><mw><pos><c>adj</c></pos><stem>dog</stem><mk type="sfxf">dn</mk><mk type="sfx">Y</mk></mw><gra type="gra" index="1" head="0" relation="INCROOT"/></mor></w>
    <t type="p"><mor type="mor"><mt type="p"/><gra type="gra" index="2" head="1" relation="PUNCT"/></mor></t>

    <a type="extension" flavor="pho">dɒgɪ</a>
  </u>
  <u who="CHI" uID="u22">
    <w>ball<mor type="mor"><mw><pos><c>n</c></pos><stem>ball</stem></mw><gra type="gra" index="1" head="0" relation="INCROOT"/></mor></w>
    <t type="p"><mor type="mor"><mt type="p"/><gra type="gra" index="2" head="1" relation="PUNCT"/></mor></t>

    <a type="extension" flavor="pho">bɔ</a>
  </u>
  <u who="CHI" uID="u23">
    <w>bus<mor type="mor"><mw><pos><c>n</c></pos><stem>bus</stem></mw><gra type="gra" index="1" head="0" relation="INCROOT"/></mor></w>
    <t type="p"><mor type="mor"><mt type="p"/><gra type="gra" index="2" head="1" relation="PUNCT"/></mor></t>

    <a type="extension" flavor="pho">ba</a>
  </u>
  <u who="CHI" uID="u24">
    <w>cot<mor type="mor"><mw><pos><c>n</c></pos><stem>cot</stem></mw><gra type="gra" index="1" head="0" relation="INCROOT"/></mor></w>
    <t type="p"><mor type="mor"><mt type="p"/><gra type="gra" index="2" head="1" relation="PUNCT"/></mor></t>

    <a type="extension" flavor="pho">kəʔ</a>
  </u>
  <u who="CHI" uID="u25">
    <w>duck<mor type="mor"><mw><pos><c>n</c></pos><stem>duck</stem></mw><gra type="gra" index="1" head="0" relation="INCROOT"/></mor></w>
    <t type="p"><mor type="mor"><mt type="p"/><gra type="gra" index="2" head="1" relation="PUNCT"/></mor></t>

    <a type="extension" flavor="pho">da</a>
  </u>
  <u who="CHI" uID="u26">
    <w>banana<mor type="mor"><mw><pos><c>n</c></pos><stem>banana</stem></mw><gra type="gra" index="1" head="0" relation="INCROOT"/></mor></w>
    <t type="p"><mor type="mor"><mt type="p"/><gra type="gra" index="2" head="1" relation="PUNCT"/></mor></t>

    <a type="extension" flavor="pho">nɑ:nə</a>
  </u>
  <u who="CHI" uID="u27">
    <w>mummie<mor type="mor"><mw><pos><c>n</c></pos><stem>mum</stem><mk type="sfxf">dadj</mk><mk type="sfx">DIM</mk></mw><gra type="gra" index="1" head="0" relation="INCROOT"/></mor></w>
    <t type="p"><mor type="mor"><mt type="p"/><gra type="gra" index="2" head="1" relation="PUNCT"/></mor></t>

    <a type="extension" flavor="pho">ma</a>
  </u>
  <comment type="Date">16-OCT-1968</comment>
  <u who="CHI" uID="u28">
    <w>comb<mor type="mor"><mw><pos><c>n</c></pos><stem>comb</stem></mw><gra type="gra" index="1" head="0" relation="INCROOT"/></mor></w>
    <t type="p"><mor type="mor"><mt type="p"/><gra type="gra" index="2" head="1" relation="PUNCT"/></mor></t>

    <a type="extension" flavor="pho">kʰʌm</a>
  </u>
  <u who="CHI" uID="u29">
    <w>chair<mor type="mor"><mw><pos><c>n</c></pos><stem>chair</stem></mw><gra type="gra" index="1" head="0" relation="INCROOT"/></mor></w>
    <t type="p"><mor type="mor"><mt type="p"/><gra type="gra" index="2" head="1" relation="PUNCT"/></mor></t>

    <a type="extension" flavor="pho">s̪ɛə</a>
  </u>
  <u who="CHI" uID="u30">
    <w>apple<mor type="mor"><mw><pos><c>n</c></pos><stem>apple</stem></mw><gra type="gra" index="1" head="0" relation="INCROOT"/></mor></w>
    <t type="p"><mor type="mor"><mt type="p"/><gra type="gra" index="2" head="1" relation="PUNCT"/></mor></t>

    <a type="extension" flavor="pho">pʰɑ</a>
  </u>
  <u who="CHI" uID="u31">
    <w>teddy<mor type="mor"><mw><pos><c>n</c></pos><stem>teddy</stem></mw><gra type="gra" index="1" head="0" relation="INCROOT"/></mor></w>
    <t type="p"><mor type="mor"><mt type="p"/><gra type="gra" index="2" head="1" relation="PUNCT"/></mor></t>

    <a type="extension" flavor="pho">tʰʌdı</a>
  </u>
  <u who="CHI" uID="u32">
    <w>pram<mor type="mor"><mw><pos><c>n</c></pos><stem>pram</stem></mw><gra type="gra" index="1" head="0" relation="INCROOT"/></mor></w>
    <t type="p"><mor type="mor"><mt type="p"/><gra type="gra" index="2" head="1" relation="PUNCT"/></mor></t>

    <a type="extension" flavor="pho">pʰæm</a>
  </u>
  <u who="CHI" uID="u33">
    <w>doggy<mor type="mor"><mw><pos><c>adj</c></pos><stem>dog</stem><mk type="sfxf">dn</mk><mk type="sfx">Y</mk></mw><gra type="gra" index="1" head="0" relation="INCROOT"/></mor></w>
    <t type="p"><mor type="mor"><mt type="p"/><gra type="gra" index="2" head="1" relation="PUNCT"/></mor></t>

    <a type="extension" flavor="pho">gɒgi</a>
  </u>
  <u who="CHI" uID="u34">
    <w>stairs<mor type="mor"><mw><pos><c>n</c></pos><stem>stair</stem><mk type="sfx">PL</mk></mw><gra type="gra" index="1" head="0" relation="INCROOT"/></mor></w>
    <t type="p"><mor type="mor"><mt type="p"/><gra type="gra" index="2" head="1" relation="PUNCT"/></mor></t>

    <a type="extension" flavor="pho">dɛə</a>
  </u>
  <u who="CHI" uID="u35">
    <w>ball<mor type="mor"><mw><pos><c>n</c></pos><stem>ball</stem></mw><gra type="gra" index="1" head="0" relation="INCROOT"/></mor></w>
    <t type="p"><mor type="mor"><mt type="p"/><gra type="gra" index="2" head="1" relation="PUNCT"/></mor></t>

    <a type="extension" flavor="pho">bɔʊ</a>
  </u>
  <u who="CHI" uID="u36">
    <w>mug<mor type="mor"><mw><pos><c>n</c></pos><stem>mug</stem></mw><gra type="gra" index="1" head="0" relation="INCROOT"/></mor></w>
    <t type="p"><mor type="mor"><mt type="p"/><gra type="gra" index="2" head="1" relation="PUNCT"/></mor></t>

    <a type="extension" flavor="pho">mʌ</a>
  </u>
  <u who="CHI" uID="u37">
    <g><w formType="child-invented">ticktock<mor type="mor"><mw><pos><c>chi</c></pos><stem>ticktock</stem></mw><gra type="gra" index="1" head="0" relation="INCROOT"/></mor></w><ga type="explanation">watch</ga></g>
    <t type="p"><mor type="mor"><mt type="p"/><gra type="gra" index="2" head="1" relation="PUNCT"/></mor></t>

    <a type="extension" flavor="pho">tıtɒ</a>
  </u>
  <u who="CHI" uID="u38">
    <w>duck<mor type="mor"><mw><pos><c>n</c></pos><stem>duck</stem></mw><gra type="gra" index="1" head="0" relation="INCROOT"/></mor></w>
    <t type="p"><mor type="mor"><mt type="p"/><gra type="gra" index="2" head="1" relation="PUNCT"/></mor></t>

    <a type="extension" flavor="pho">də</a>
  </u>
  <u who="CHI" uID="u39">
    <w>cot<mor type="mor"><mw><pos><c>n</c></pos><stem>cot</stem></mw><gra type="gra" index="1" head="0" relation="INCROOT"/></mor></w>
    <t type="p"><mor type="mor"><mt type="p"/><gra type="gra" index="2" head="1" relation="PUNCT"/></mor></t>

    <a type="extension" flavor="pho">kʰɒ</a>
  </u>
  <u who="CHI" uID="u40">
    <w>flower<mor type="mor"><mw><pos><c>n</c></pos><stem>flower</stem></mw><gra type="gra" index="1" head="0" relation="INCROOT"/></mor></w>
    <t type="p"><mor type="mor"><mt type="p"/><gra type="gra" index="2" head="1" relation="PUNCT"/></mor></t>

    <a type="extension" flavor="pho">n̥:</a>
    <a type="comments">ingressive , onomatopoeic</a>
  </u>
  <u who="CHI" uID="u41">
    <w>bus<mor type="mor"><mw><pos><c>n</c></pos><stem>bus</stem></mw><gra type="gra" index="1" head="0" relation="INCROOT"/></mor></w>
    <t type="p"><mor type="mor"><mt type="p"/><gra type="gra" index="2" head="1" relation="PUNCT"/></mor></t>

    <a type="extension" flavor="pho">β</a>
    <a type="comments">indicating noise of bus</a>
  </u>
  <comment type="Date">19-OCT-1968</comment>
  <u who="CHI" uID="u42">
    <w>key<mor type="mor"><mw><pos><c>n</c></pos><stem>key</stem></mw><gra type="gra" index="1" head="0" relation="INCROOT"/></mor></w>
    <t type="p"><mor type="mor"><mt type="p"/><gra type="gra" index="2" head="1" relation="PUNCT"/></mor></t>

    <a type="extension" flavor="pho">kʰıi</a>
  </u>
  <u who="CHI" uID="u43">
    <w>tongue<mor type="mor"><mw><pos><c>n</c></pos><stem>tongue</stem></mw><gra type="gra" index="1" head="0" relation="INCROOT"/></mor></w>
    <t type="p"><mor type="mor"><mt type="p"/><gra type="gra" index="2" head="1" relation="PUNCT"/></mor></t>

    <a type="extension" flavor="pho">tan</a>
  </u>
  <u who="CHI" uID="u44">
    <w>baby<mor type="mor"><mw><pos><c>n</c></pos><stem>baby</stem></mw><gra type="gra" index="1" head="0" relation="INCROOT"/></mor></w>
    <t type="p"><mor type="mor"><mt type="p"/><gra type="gra" index="2" head="1" relation="PUNCT"/></mor></t>

    <a type="extension" flavor="pho">ba</a>
  </u>
  <u who="CHI" uID="u45">
    <w>apple<mor type="mor"><mw><pos><c>n</c></pos><stem>apple</stem></mw><gra type="gra" index="1" head="0" relation="INCROOT"/></mor></w>
    <t type="p"><mor type="mor"><mt type="p"/><gra type="gra" index="2" head="1" relation="PUNCT"/></mor></t>

    <a type="extension" flavor="pho">æpʰə</a>
  </u>
  <u who="CHI" uID="u46">
    <w>bed<mor type="mor"><mw><pos><c>n</c></pos><stem>bed</stem></mw><gra type="gra" index="1" head="0" relation="INCROOT"/></mor></w>
    <t type="p"><mor type="mor"><mt type="p"/><gra type="gra" index="2" head="1" relation="PUNCT"/></mor></t>

    <a type="extension" flavor="pho">beı</a>
  </u>
  <u who="CHI" uID="u47">
    <w>water<mor type="mor"><mw><pos><c>n</c></pos><stem>water</stem></mw><gra type="gra" index="1" head="0" relation="INCROOT"/></mor></w>
    <t type="p"><mor type="mor"><mt type="p"/><gra type="gra" index="2" head="1" relation="PUNCT"/></mor></t>

    <a type="extension" flavor="pho">a:kʰə</a>
  </u>
  <u who="CHI" uID="u48">
    <w>baby<mor type="mor"><mw><pos><c>n</c></pos><stem>baby</stem></mw><gra type="gra" index="1" head="0" relation="INCROOT"/></mor></w>
    <t type="p"><mor type="mor"><mt type="p"/><gra type="gra" index="2" head="1" relation="PUNCT"/></mor></t>

    <a type="extension" flavor="pho">bɛbı</a>
  </u>
  <u who="CHI" uID="u49">
    <w>door<mor type="mor"><mw><pos><c>n</c></pos><stem>door</stem></mw><gra type="gra" index="1" head="0" relation="INCROOT"/></mor></w>
    <t type="p"><mor type="mor"><mt type="p"/><gra type="gra" index="2" head="1" relation="PUNCT"/></mor></t>

    <a type="extension" flavor="pho">dɔ</a>
  </u>
  <u who="CHI" uID="u50">
    <w>doggy<mor type="mor"><mw><pos><c>adj</c></pos><stem>dog</stem><mk type="sfxf">dn</mk><mk type="sfx">Y</mk></mw><gra type="gra" index="1" head="0" relation="INCROOT"/></mor></w>
    <t type="p"><mor type="mor"><mt type="p"/><gra type="gra" index="2" head="1" relation="PUNCT"/></mor></t>

    <a type="extension" flavor="pho">gɒgi</a>
  </u>
  <u who="CHI" uID="u51">
    <w>jam<mor type="mor"><mw><pos><c>n</c></pos><stem>jam</stem></mw><gra type="gra" index="1" head="0" relation="INCROOT"/></mor></w>
    <t type="p"><mor type="mor"><mt type="p"/><gra type="gra" index="2" head="1" relation="PUNCT"/></mor></t>

    <a type="extension" flavor="pho">dam</a>
  </u>
  <u who="CHI" uID="u52">
    <w>nail<mor type="mor"><mw><pos><c>n</c></pos><stem>nail</stem></mw><gra type="gra" index="1" head="0" relation="INCROOT"/></mor></w>
    <t type="p"><mor type="mor"><mt type="p"/><gra type="gra" index="2" head="1" relation="PUNCT"/></mor></t>

    <a type="extension" flavor="pho">ne̞lə</a>
  </u>
  <u who="CHI" uID="u53">
    <w>paper<mor type="mor"><mw><pos><c>n</c></pos><stem>paper</stem></mw><gra type="gra" index="1" head="0" relation="INCROOT"/></mor></w>
    <t type="p"><mor type="mor"><mt type="p"/><gra type="gra" index="2" head="1" relation="PUNCT"/></mor></t>

    <a type="extension" flavor="pho">pʌpʌ</a>
  </u>
  <u who="CHI" uID="u54">
    <w>sun<mor type="mor"><mw><pos><c>n</c></pos><stem>sun</stem></mw><gra type="gra" index="1" head="0" relation="INCROOT"/></mor></w>
    <t type="p"><mor type="mor"><mt type="p"/><gra type="gra" index="2" head="1" relation="PUNCT"/></mor></t>

    <a type="extension" flavor="pho">tʌn</a>
  </u>
  <u who="CHI" uID="u55">
    <w>table<mor type="mor"><mw><pos><c>n</c></pos><stem>table</stem></mw><gra type="gra" index="1" head="0" relation="INCROOT"/></mor></w>
    <t type="p"><mor type="mor"><mt type="p"/><gra type="gra" index="2" head="1" relation="PUNCT"/></mor></t>

    <a type="extension" flavor="pho">tɛə</a>
  </u>
  <u who="CHI" uID="u56">
    <w>tree<mor type="mor"><mw><pos><c>n</c></pos><stem>tree</stem></mw><gra type="gra" index="1" head="0" relation="INCROOT"/></mor></w>
    <t type="p"><mor type="mor"><mt type="p"/><gra type="gra" index="2" head="1" relation="PUNCT"/></mor></t>

    <a type="extension" flavor="pho">tʰi:</a>
  </u>
  <u who="CHI" uID="u57">
    <w>car<mor type="mor"><mw><pos><c>n</c></pos><stem>car</stem></mw><gra type="gra" index="1" head="0" relation="INCROOT"/></mor></w>
    <t type="p"><mor type="mor"><mt type="p"/><gra type="gra" index="2" head="1" relation="PUNCT"/></mor></t>

    <a type="extension" flavor="pho">kʰɑ:</a>
  </u>
  <u who="CHI" uID="u58">
    <w>bird<mor type="mor"><mw><pos><c>n</c></pos><stem>bird</stem></mw><gra type="gra" index="1" head="0" relation="INCROOT"/></mor></w>
    <t type="p"><mor type="mor"><mt type="p"/><gra type="gra" index="2" head="1" relation="PUNCT"/></mor></t>

    <a type="extension" flavor="pho">bə:</a>
  </u>
  <u who="CHI" uID="u59">
    <w>chair<mor type="mor"><mw><pos><c>n</c></pos><stem>chair</stem></mw><gra type="gra" index="1" head="0" relation="INCROOT"/></mor></w>
    <t type="p"><mor type="mor"><mt type="p"/><gra type="gra" index="2" head="1" relation="PUNCT"/></mor></t>

    <a type="extension" flavor="pho">tɛə</a>
  </u>
  <u who="CHI" uID="u60">
    <w>rabbit<mor type="mor"><mw><pos><c>n</c></pos><stem>rabbit</stem></mw><gra type="gra" index="1" head="0" relation="INCROOT"/></mor></w>
    <t type="p"><mor type="mor"><mt type="p"/><gra type="gra" index="2" head="1" relation="PUNCT"/></mor></t>

    <a type="extension" flavor="pho">bʌbi</a>
  </u>
  <u who="CHI" uID="u61">
    <w>teddy<mor type="mor"><mw><pos><c>n</c></pos><stem>teddy</stem></mw><gra type="gra" index="1" head="0" relation="INCROOT"/></mor></w>
    <t type="p"><mor type="mor"><mt type="p"/><gra type="gra" index="2" head="1" relation="PUNCT"/></mor></t>

    <a type="extension" flavor="pho">te̞di</a>
  </u>
  <u who="CHI" uID="u62">
    <w>comb<mor type="mor"><mw><pos><c>n</c></pos><stem>comb</stem></mw><gra type="gra" index="1" head="0" relation="INCROOT"/></mor></w>
    <t type="p"><mor type="mor"><mt type="p"/><gra type="gra" index="2" head="1" relation="PUNCT"/></mor></t>

    <a type="extension" flavor="pho">kʌm</a>
  </u>
  <u who="CHI" uID="u63">
    <w>cup<mor type="mor"><mw><pos><c>n</c></pos><stem>cup</stem></mw><gra type="gra" index="1" head="0" relation="INCROOT"/></mor></w>
    <w>of<mor type="mor"><mw><pos><c>prep</c></pos><stem>of</stem></mw><gra type="gra" index="2" head="1" relation="NJCT"/></mor></w>
    <w>tea<mor type="mor"><mw><pos><c>n</c></pos><stem>tea</stem></mw><gra type="gra" index="3" head="2" relation="POBJ"/></mor></w>
    <t type="p"><mor type="mor"><mt type="p"/><gra type="gra" index="4" head="1" relation="PUNCT"/></mor></t>

    <a type="extension" flavor="pho">kʌp ə ti:</a>
  </u>
  <u who="CHI" uID="u64">
    <w>duck<mor type="mor"><mw><pos><c>n</c></pos><stem>duck</stem></mw><gra type="gra" index="1" head="0" relation="INCROOT"/></mor></w>
    <t type="p"><mor type="mor"><mt type="p"/><gra type="gra" index="2" head="1" relation="PUNCT"/></mor></t>

    <a type="extension" flavor="pho">da</a>
  </u>
  <u who="CHI" uID="u65">
    <w>bath<mor type="mor"><mw><pos><c>n</c></pos><stem>bath</stem></mw><gra type="gra" index="1" head="0" relation="INCROOT"/></mor></w>
    <t type="p"><mor type="mor"><mt type="p"/><gra type="gra" index="2" head="1" relation="PUNCT"/></mor></t>

    <a type="extension" flavor="pho">ba</a>
  </u>
  <u who="CHI" uID="u66">
    <w>apple<mor type="mor"><mw><pos><c>n</c></pos><stem>apple</stem></mw><gra type="gra" index="1" head="0" relation="INCROOT"/></mor></w>
    <t type="p"><mor type="mor"><mt type="p"/><gra type="gra" index="2" head="1" relation="PUNCT"/></mor></t>

    <a type="extension" flavor="pho">pʰɒpə</a>
  </u>
  <u who="CHI" uID="u67">
    <w>boy<mor type="mor"><mw><pos><c>co</c></pos><stem>boy</stem></mw><gra type="gra" index="1" head="0" relation="INCROOT"/></mor></w>
    <t type="p"><mor type="mor"><mt type="p"/><gra type="gra" index="2" head="1" relation="PUNCT"/></mor></t>

    <a type="extension" flavor="pho">bəı</a>
  </u>
  <u who="CHI" uID="u68">
    <w>bus<mor type="mor"><mw><pos><c>n</c></pos><stem>bus</stem></mw><gra type="gra" index="1" head="0" relation="INCROOT"/></mor></w>
    <t type="p"><mor type="mor"><mt type="p"/><gra type="gra" index="2" head="1" relation="PUNCT"/></mor></t>

    <a type="extension" flavor="pho">bə</a>
  </u>
  <u who="CHI" uID="u69">
    <w>cake<mor type="mor"><mw><pos><c>n</c></pos><stem>cake</stem></mw><gra type="gra" index="1" head="0" relation="INCROOT"/></mor></w>
    <t type="p"><mor type="mor"><mt type="p"/><gra type="gra" index="2" head="1" relation="PUNCT"/></mor></t>

    <a type="extension" flavor="pho">keı</a>
  </u>
  <u who="CHI" uID="u70">
    <w>car<mor type="mor"><mw><pos><c>n</c></pos><stem>car</stem></mw><gra type="gra" index="1" head="0" relation="INCROOT"/></mor></w>
    <t type="p"><mor type="mor"><mt type="p"/><gra type="gra" index="2" head="1" relation="PUNCT"/></mor></t>

    <a type="extension" flavor="pho">kʰɑ</a>
  </u>
  <u who="CHI" uID="u71">
    <w>paper<mor type="mor"><mw><pos><c>n</c></pos><stem>paper</stem></mw><gra type="gra" index="1" head="0" relation="INCROOT"/></mor></w>
    <t type="p"><mor type="mor"><mt type="p"/><gra type="gra" index="2" head="1" relation="PUNCT"/></mor></t>

    <a type="extension" flavor="pho">pʰepə</a>
  </u>
  <comment type="Date">22-OCT-1968</comment>
  <u who="CHI" uID="u72">
    <w>mummie<mor type="mor"><mw><pos><c>n</c></pos><stem>mum</stem><mk type="sfxf">dadj</mk><mk type="sfx">DIM</mk></mw><gra type="gra" index="1" head="0" relation="INCROOT"/></mor></w>
    <t type="p"><mor type="mor"><mt type="p"/><gra type="gra" index="2" head="1" relation="PUNCT"/></mor></t>

    <a type="extension" flavor="pho">mʌmi</a>
  </u>
  <u who="CHI" uID="u73">
    <w>apple<mor type="mor"><mw><pos><c>n</c></pos><stem>apple</stem></mw><gra type="gra" index="1" head="0" relation="INCROOT"/></mor></w>
    <t type="p"><mor type="mor"><mt type="p"/><gra type="gra" index="2" head="1" relation="PUNCT"/></mor></t>

    <a type="extension" flavor="pho">apʊ</a>
  </u>
  <u who="CHI" uID="u74">
    <w>ball<mor type="mor"><mw><pos><c>n</c></pos><stem>ball</stem></mw><gra type="gra" index="1" head="0" relation="INCROOT"/></mor></w>
    <t type="p"><mor type="mor"><mt type="p"/><gra type="gra" index="2" head="1" relation="PUNCT"/></mor></t>

    <a type="extension" flavor="pho">bɯ</a>
  </u>
  <u who="CHI" uID="u75">
    <w>bag<mor type="mor"><mw><pos><c>n</c></pos><stem>bag</stem></mw><gra type="gra" index="1" head="0" relation="INCROOT"/></mor></w>
    <t type="p"><mor type="mor"><mt type="p"/><gra type="gra" index="2" head="1" relation="PUNCT"/></mor></t>

    <a type="extension" flavor="pho">bæ</a>
  </u>
  <u who="CHI" uID="u76">
    <w>boy<mor type="mor"><mw><pos><c>co</c></pos><stem>boy</stem></mw><gra type="gra" index="1" head="0" relation="INCROOT"/></mor></w>
    <t type="p"><mor type="mor"><mt type="p"/><gra type="gra" index="2" head="1" relation="PUNCT"/></mor></t>

    <a type="extension" flavor="pho">bəı</a>
  </u>
  <u who="CHI" uID="u77">
    <w>paper<mor type="mor"><mw><pos><c>n</c></pos><stem>paper</stem></mw><gra type="gra" index="1" head="0" relation="INCROOT"/></mor></w>
    <t type="p"><mor type="mor"><mt type="p"/><gra type="gra" index="2" head="1" relation="PUNCT"/></mor></t>

    <a type="extension" flavor="pho">pepə</a>
  </u>
  <u who="CHI" uID="u78">
    <w>cake<mor type="mor"><mw><pos><c>n</c></pos><stem>cake</stem></mw><gra type="gra" index="1" head="0" relation="INCROOT"/></mor></w>
    <t type="p"><mor type="mor"><mt type="p"/><gra type="gra" index="2" head="1" relation="PUNCT"/></mor></t>

    <a type="extension" flavor="pho">keı</a>
  </u>
  <u who="CHI" uID="u79">
    <w>cake<mor type="mor"><mw><pos><c>n</c></pos><stem>cake</stem></mw><gra type="gra" index="1" head="0" relation="INCROOT"/></mor></w>
    <t type="p"><mor type="mor"><mt type="p"/><gra type="gra" index="2" head="1" relation="PUNCT"/></mor></t>

    <a type="extension" flavor="pho">keıkı</a>
    <a type="comments">two separate renditions</a>
  </u>
  <u who="CHI" uID="u80">
    <w>seesaw<mor type="mor"><mw><pos><c>n</c></pos><stem>seesaw</stem></mw><gra type="gra" index="1" head="0" relation="INCROOT"/></mor></w>
    <t type="p"><mor type="mor"><mt type="p"/><gra type="gra" index="2" head="1" relation="PUNCT"/></mor></t>

    <a type="extension" flavor="pho">si:tɔ: [*]</a>
    <a type="errcoding">voiceless alveolar fricative replaced by voiceless alveolar plosive;</a>
  </u>
  <u who="CHI" uID="u81">
    <w>no<mor type="mor"><mw><pos><c>co</c></pos><stem>no</stem></mw><gra type="gra" index="1" head="0" relation="INCROOT"/></mor></w>
    <t type="p"><mor type="mor"><mt type="p"/><gra type="gra" index="2" head="1" relation="PUNCT"/></mor></t>

    <a type="extension" flavor="pho">nəʊ</a>
  </u>
  <u who="CHI" uID="u82">
    <w>egg<mor type="mor"><mw><pos><c>n</c></pos><stem>egg</stem></mw><gra type="gra" index="1" head="0" relation="INCROOT"/></mor></w>
    <t type="p"><mor type="mor"><mt type="p"/><gra type="gra" index="2" head="1" relation="PUNCT"/></mor></t>

    <a type="extension" flavor="pho">ɛeə</a>
  </u>
  <u who="CHI" uID="u83">
    <w>flowers<mor type="mor"><mw><pos><c>v</c></pos><stem>flower</stem><mk type="sfx">3S</mk></mw><gra type="gra" index="1" head="0" relation="ROOT"/></mor></w>
    <t type="p"><mor type="mor"><mt type="p"/><gra type="gra" index="2" head="1" relation="PUNCT"/></mor></t>

    <a type="extension" flavor="pho">n̥:</a>
    <a type="comments">ingressive</a>
  </u>
  <u who="CHI" uID="u84">
    <w>tea<mor type="mor"><mw><pos><c>n</c></pos><stem>tea</stem></mw><gra type="gra" index="1" head="0" relation="INCROOT"/></mor></w>
    <t type="p"><mor type="mor"><mt type="p"/><gra type="gra" index="2" head="1" relation="PUNCT"/></mor></t>

    <a type="extension" flavor="pho">tıi</a>
  </u>
  <u who="CHI" uID="u85">
    <w>man<mor type="mor"><mw><pos><c>n</c></pos><stem>man</stem></mw><gra type="gra" index="1" head="0" relation="INCROOT"/></mor></w>
    <t type="p"><mor type="mor"><mt type="p"/><gra type="gra" index="2" head="1" relation="PUNCT"/></mor></t>

    <a type="extension" flavor="pho">mæm</a>
  </u>
  <u who="CHI" uID="u86">
    <w>letter<mor type="mor"><mw><pos><c>n</c></pos><stem>letter</stem></mw><gra type="gra" index="1" head="0" relation="INCROOT"/></mor></w>
    <t type="p"><mor type="mor"><mt type="p"/><gra type="gra" index="2" head="1" relation="PUNCT"/></mor></t>

    <a type="extension" flavor="pho">lə:tə</a>
  </u>
  <u who="CHI" uID="u87">
    <w>road<mor type="mor"><mw><pos><c>n</c></pos><stem>road</stem></mw><gra type="gra" index="1" head="0" relation="INCROOT"/></mor></w>
    <t type="p"><mor type="mor"><mt type="p"/><gra type="gra" index="2" head="1" relation="PUNCT"/></mor></t>

    <a type="extension" flavor="pho">rɛʊ</a>
  </u>
  <u who="CHI" uID="u88">
    <w>all_gone<mor type="mor"><mw><pos><c>co</c></pos><stem>all_gone</stem></mw><gra type="gra" index="1" head="0" relation="INCROOT"/></mor></w>
    <t type="p"><mor type="mor"><mt type="p"/><gra type="gra" index="2" head="1" relation="PUNCT"/></mor></t>

    <a type="extension" flavor="pho">ɑ:gən</a>
  </u>
  <u who="CHI" uID="u89">
    <w>sun<mor type="mor"><mw><pos><c>n</c></pos><stem>sun</stem></mw><gra type="gra" index="1" head="0" relation="INCROOT"/></mor></w>
    <t type="p"><mor type="mor"><mt type="p"/><gra type="gra" index="2" head="1" relation="PUNCT"/></mor></t>

    <a type="extension" flavor="pho">tʌn</a>
  </u>
  <u who="CHI" uID="u90">
    <w>seesaw<mor type="mor"><mw><pos><c>n</c></pos><stem>seesaw</stem></mw><gra type="gra" index="1" head="0" relation="INCROOT"/></mor></w>
    <t type="p"><mor type="mor"><mt type="p"/><gra type="gra" index="2" head="1" relation="PUNCT"/></mor></t>

    <a type="extension" flavor="pho">si:su:</a>
  </u>
  <u who="CHI" uID="u91">
    <w>lady<mor type="mor"><mw><pos><c>n</c></pos><stem>lady</stem></mw><gra type="gra" index="1" head="0" relation="INCROOT"/></mor></w>
    <t type="p"><mor type="mor"><mt type="p"/><gra type="gra" index="2" head="1" relation="PUNCT"/></mor></t>

    <a type="extension" flavor="pho">lelı</a>
  </u>
  <comment type="Date">23-OCT-1968</comment>
  <u who="CHI" uID="u92">
    <w>flower<mor type="mor"><mw><pos><c>n</c></pos><stem>flower</stem></mw><gra type="gra" index="1" head="0" relation="INCROOT"/></mor></w>
    <t type="p"><mor type="mor"><mt type="p"/><gra type="gra" index="2" head="1" relation="PUNCT"/></mor></t>

    <a type="extension" flavor="pho">pɑʊə</a>
  </u>
  <u who="CHI" uID="u93">
    <w>nose<mor type="mor"><mw><pos><c>n</c></pos><stem>nose</stem></mw><gra type="gra" index="1" head="0" relation="INCROOT"/></mor></w>
    <t type="p"><mor type="mor"><mt type="p"/><gra type="gra" index="2" head="1" relation="PUNCT"/></mor></t>

    <a type="extension" flavor="pho">nəʊ</a>
  </u>
  <u who="CHI" uID="u94">
    <w>socks<mor type="mor"><mw><pos><c>v</c></pos><stem>sock</stem><mk type="sfx">3S</mk></mw><gra type="gra" index="1" head="0" relation="ROOT"/></mor></w>
    <t type="p"><mor type="mor"><mt type="p"/><gra type="gra" index="2" head="1" relation="PUNCT"/></mor></t>

    <a type="extension" flavor="pho">səʊ</a>
  </u>
  <u who="CHI" uID="u95">
    <w>eye<mor type="mor"><mw><pos><c>n</c></pos><stem>eye</stem></mw><gra type="gra" index="1" head="0" relation="INCROOT"/></mor></w>
    <t type="p"><mor type="mor"><mt type="p"/><gra type="gra" index="2" head="1" relation="PUNCT"/></mor></t>

    <a type="extension" flavor="pho">æi</a>
  </u>
  <u who="CHI" uID="u96">
    <w>bib<mor type="mor"><mw><pos><c>n</c></pos><stem>bib</stem></mw><gra type="gra" index="1" head="0" relation="INCROOT"/></mor></w>
    <t type="p"><mor type="mor"><mt type="p"/><gra type="gra" index="2" head="1" relation="PUNCT"/></mor></t>

    <a type="extension" flavor="pho">bə</a>
  </u>
  <u who="CHI" uID="u97">
    <w>spoon<mor type="mor"><mw><pos><c>n</c></pos><stem>spoon</stem></mw><gra type="gra" index="1" head="0" relation="INCROOT"/></mor></w>
    <t type="p"><mor type="mor"><mt type="p"/><gra type="gra" index="2" head="1" relation="PUNCT"/></mor></t>

    <a type="extension" flavor="pho">bəʊm</a>
  </u>
  <u who="CHI" uID="u98">
    <w>tongue<mor type="mor"><mw><pos><c>n</c></pos><stem>tongue</stem></mw><gra type="gra" index="1" head="0" relation="INCROOT"/></mor></w>
    <t type="p"><mor type="mor"><mt type="p"/><gra type="gra" index="2" head="1" relation="PUNCT"/></mor></t>

    <a type="extension" flavor="pho">tʰaŋ</a>
  </u>
  <u who="CHI" uID="u99">
    <w>tongue<mor type="mor"><mw><pos><c>n</c></pos><stem>tongue</stem></mw><gra type="gra" index="1" head="0" relation="INCROOT"/></mor></w>
    <t type="p"><mor type="mor"><mt type="p"/><gra type="gra" index="2" head="1" relation="PUNCT"/></mor></t>

    <a type="extension" flavor="pho">daŋ</a>
    <a type="comments">two separate renditions</a>
  </u>
  <u who="CHI" uID="u100">
    <w>birdie<mor type="mor"><mw><pos><c>n</c></pos><stem>bird</stem><mk type="sfx">DIM</mk></mw><gra type="gra" index="1" head="0" relation="INCROOT"/></mor></w>
    <t type="p"><mor type="mor"><mt type="p"/><gra type="gra" index="2" head="1" relation="PUNCT"/></mor></t>

    <a type="extension" flavor="pho">bə:bi</a>
  </u>
  <u who="CHI" uID="u101">
    <w>light<mor type="mor"><mw><pos><c>n</c></pos><stem>light</stem></mw><gra type="gra" index="1" head="0" relation="INCROOT"/></mor></w>
    <t type="p"><mor type="mor"><mt type="p"/><gra type="gra" index="2" head="1" relation="PUNCT"/></mor></t>

    <a type="extension" flavor="pho">læ</a>
  </u>
  <comment type="Date">24-OCT-1968</comment>
  <u who="CHI" uID="u102">
    <w>key<mor type="mor"><mw><pos><c>n</c></pos><stem>key</stem></mw><gra type="gra" index="1" head="0" relation="INCROOT"/></mor></w>
    <t type="p"><mor type="mor"><mt type="p"/><gra type="gra" index="2" head="1" relation="PUNCT"/></mor></t>

    <a type="extension" flavor="pho">kxıi</a>
  </u>
  <u who="CHI" uID="u103">
    <w>apple<mor type="mor"><mw><pos><c>n</c></pos><stem>apple</stem></mw><gra type="gra" index="1" head="0" relation="INCROOT"/></mor></w>
    <t type="p"><mor type="mor"><mt type="p"/><gra type="gra" index="2" head="1" relation="PUNCT"/></mor></t>

    <a type="extension" flavor="pho">æpʰʊ</a>
  </u>
  <u who="CHI" uID="u104">
    <w>ball<mor type="mor"><mw><pos><c>n</c></pos><stem>ball</stem></mw><gra type="gra" index="1" head="0" relation="INCROOT"/></mor></w>
    <t type="p"><mor type="mor"><mt type="p"/><gra type="gra" index="2" head="1" relation="PUNCT"/></mor></t>

    <a type="extension" flavor="pho">bɔʊ</a>
  </u>
  <u who="CHI" uID="u105">
    <w>car<mor type="mor"><mw><pos><c>n</c></pos><stem>car</stem></mw><gra type="gra" index="1" head="0" relation="INCROOT"/></mor></w>
    <t type="p"><mor type="mor"><mt type="p"/><gra type="gra" index="2" head="1" relation="PUNCT"/></mor></t>

    <a type="extension" flavor="pho">kɑ̈</a>
  </u>
  <u who="CHI" uID="u106">
    <w>birdie<mor type="mor"><mw><pos><c>n</c></pos><stem>bird</stem><mk type="sfx">DIM</mk></mw><gra type="gra" index="1" head="0" relation="INCROOT"/></mor></w>
    <t type="p"><mor type="mor"><mt type="p"/><gra type="gra" index="2" head="1" relation="PUNCT"/></mor></t>

    <a type="extension" flavor="pho">bə:bi:</a>
  </u>
  <u who="CHI" uID="u107">
    <w>bag<mor type="mor"><mw><pos><c>n</c></pos><stem>bag</stem></mw><gra type="gra" index="1" head="0" relation="INCROOT"/></mor></w>
    <t type="p"><mor type="mor"><mt type="p"/><gra type="gra" index="2" head="1" relation="PUNCT"/></mor></t>

    <a type="extension" flavor="pho">pʰæə</a>
  </u>
  <u who="CHI" uID="u108">
    <w>boy<mor type="mor"><mw><pos><c>co</c></pos><stem>boy</stem></mw><gra type="gra" index="1" head="0" relation="INCROOT"/></mor></w>
    <t type="p"><mor type="mor"><mt type="p"/><gra type="gra" index="2" head="1" relation="PUNCT"/></mor></t>

    <a type="extension" flavor="pho">bwəı</a>
  </u>
  <u who="CHI" uID="u109">
    <w>boy<mor type="mor"><mw><pos><c>co</c></pos><stem>boy</stem></mw><gra type="gra" index="1" head="0" relation="INCROOT"/></mor></w>
    <t type="p"><mor type="mor"><mt type="p"/><gra type="gra" index="2" head="1" relation="PUNCT"/></mor></t>

    <a type="extension" flavor="pho">bəı</a>
  </u>
  <u who="CHI" uID="u110">
    <w>boy<mor type="mor"><mw><pos><c>co</c></pos><stem>boy</stem></mw><gra type="gra" index="1" head="0" relation="INCROOT"/></mor></w>
    <t type="p"><mor type="mor"><mt type="p"/><gra type="gra" index="2" head="1" relation="PUNCT"/></mor></t>

    <a type="extension" flavor="pho">bö̞ı</a>
    <a type="comments">three separate renditions</a>
  </u>
  <u who="CHI" uID="u111">
    <w>paper<mor type="mor"><mw><pos><c>n</c></pos><stem>paper</stem></mw><gra type="gra" index="1" head="0" relation="INCROOT"/></mor></w>
    <t type="p"><mor type="mor"><mt type="p"/><gra type="gra" index="2" head="1" relation="PUNCT"/></mor></t>

    <a type="extension" flavor="pho">pʰeıpʰə</a>
  </u>
  <u who="CHI" uID="u112">
    <w>cake<mor type="mor"><mw><pos><c>n</c></pos><stem>cake</stem></mw><gra type="gra" index="1" head="0" relation="INCROOT"/></mor></w>
    <t type="p"><mor type="mor"><mt type="p"/><gra type="gra" index="2" head="1" relation="PUNCT"/></mor></t>

    <a type="extension" flavor="pho">kʰeı</a>
  </u>
  <u who="CHI" uID="u113">
    <w>cow<mor type="mor"><mw><pos><c>n</c></pos><stem>cow</stem></mw><gra type="gra" index="1" head="0" relation="INCROOT"/></mor></w>
    <t type="p"><mor type="mor"><mt type="p"/><gra type="gra" index="2" head="1" relation="PUNCT"/></mor></t>

    <a type="extension" flavor="pho">kɑ̈</a>
  </u>
  <u who="CHI" uID="u114">
    <w>chair<mor type="mor"><mw><pos><c>n</c></pos><stem>chair</stem></mw><gra type="gra" index="1" head="0" relation="INCROOT"/></mor></w>
    <t type="p"><mor type="mor"><mt type="p"/><gra type="gra" index="2" head="1" relation="PUNCT"/></mor></t>

    <a type="extension" flavor="pho">tɕɛə</a>
  </u>
  <u who="CHI" uID="u115">
    <w>girl<mor type="mor"><mw><pos><c>n</c></pos><stem>girl</stem></mw><gra type="gra" index="1" head="0" relation="INCROOT"/></mor></w>
    <t type="p"><mor type="mor"><mt type="p"/><gra type="gra" index="2" head="1" relation="PUNCT"/></mor></t>

    <a type="extension" flavor="pho">gə:</a>
  </u>
  <u who="CHI" uID="u116">
    <w>doggy<mor type="mor"><mw><pos><c>adj</c></pos><stem>dog</stem><mk type="sfxf">dn</mk><mk type="sfx">Y</mk></mw><gra type="gra" index="1" head="0" relation="INCROOT"/></mor></w>
    <t type="p"><mor type="mor"><mt type="p"/><gra type="gra" index="2" head="1" relation="PUNCT"/></mor></t>

    <a type="extension" flavor="pho">gəʊgi</a>
  </u>
  <u who="CHI" uID="u117">
    <w>baby<mor type="mor"><mw><pos><c>n</c></pos><stem>baby</stem></mw><gra type="gra" index="1" head="0" relation="INCROOT"/></mor></w>
    <t type="p"><mor type="mor"><mt type="p"/><gra type="gra" index="2" head="1" relation="PUNCT"/></mor></t>

    <a type="extension" flavor="pho">be:bi:</a>
  </u>
  <u who="CHI" uID="u118">
    <w>cup<mor type="mor"><mw><pos><c>n</c></pos><stem>cup</stem></mw><gra type="gra" index="1" head="0" relation="INCROOT"/></mor></w>
    <t type="p"><mor type="mor"><mt type="p"/><gra type="gra" index="2" head="1" relation="PUNCT"/></mor></t>

    <a type="extension" flavor="pho">kʰʌ</a>
  </u>
  <u who="CHI" uID="u119">
    <w>seesaw<mor type="mor"><mw><pos><c>n</c></pos><stem>seesaw</stem></mw><gra type="gra" index="1" head="0" relation="INCROOT"/></mor></w>
    <t type="p"><mor type="mor"><mt type="p"/><gra type="gra" index="2" head="1" relation="PUNCT"/></mor></t>

    <a type="extension" flavor="pho">s̪i:sju:</a>
  </u>
  <u who="CHI" uID="u120">
    <w>lady<mor type="mor"><mw><pos><c>n</c></pos><stem>lady</stem></mw><gra type="gra" index="1" head="0" relation="INCROOT"/></mor></w>
    <t type="p"><mor type="mor"><mt type="p"/><gra type="gra" index="2" head="1" relation="PUNCT"/></mor></t>

    <a type="extension" flavor="pho">lɛ:li:</a>
  </u>
  <u who="CHI" uID="u121">
    <w>water<mor type="mor"><mw><pos><c>n</c></pos><stem>water</stem></mw><gra type="gra" index="1" head="0" relation="INCROOT"/></mor></w>
    <t type="p"><mor type="mor"><mt type="p"/><gra type="gra" index="2" head="1" relation="PUNCT"/></mor></t>

    <a type="extension" flavor="pho">ɑ:kʰə</a>
  </u>
  <u who="CHI" uID="u122">
    <w>sheep<mor type="mor"><mw><pos><c>n</c></pos><stem>sheep</stem></mw><gra type="gra" index="1" head="0" relation="INCROOT"/></mor></w>
    <t type="p"><mor type="mor"><mt type="p"/><gra type="gra" index="2" head="1" relation="PUNCT"/></mor></t>

    <a type="extension" flavor="pho">ɕi:</a>
  </u>
  <u who="CHI" uID="u123">
    <w>jam<mor type="mor"><mw><pos><c>n</c></pos><stem>jam</stem></mw><gra type="gra" index="1" head="0" relation="INCROOT"/></mor></w>
    <t type="p"><mor type="mor"><mt type="p"/><gra type="gra" index="2" head="1" relation="PUNCT"/></mor></t>

    <a type="extension" flavor="pho">dʐæn</a>
  </u>
  <u who="CHI" uID="u124">
    <w>pen<mor type="mor"><mw><pos><c>n</c></pos><stem>pen</stem></mw><gra type="gra" index="1" head="0" relation="INCROOT"/></mor></w>
    <t type="p"><mor type="mor"><mt type="p"/><gra type="gra" index="2" head="1" relation="PUNCT"/></mor></t>

    <a type="extension" flavor="pho">pʰʌ̰m</a>
  </u>
  <u who="CHI" uID="u125">
    <w>piggy<mor type="mor"><mw><pos><c>adj</c></pos><stem>pig</stem><mk type="sfxf">dn</mk><mk type="sfx">Y</mk></mw><gra type="gra" index="1" head="0" relation="INCROOT"/></mor></w>
    <t type="p"><mor type="mor"><mt type="p"/><gra type="gra" index="2" head="1" relation="PUNCT"/></mor></t>

    <a type="extension" flavor="pho">pʰi:pʰi:</a>
  </u>
  <u who="CHI" uID="u126">
    <w>sweetie<mor type="mor"><mw><pos><c>co</c></pos><stem>sweetie</stem></mw><gra type="gra" index="1" head="0" relation="INCROOT"/></mor></w>
    <t type="p"><mor type="mor"><mt type="p"/><gra type="gra" index="2" head="1" relation="PUNCT"/></mor></t>

    <a type="extension" flavor="pho">tısi</a>
  </u>
  <u who="CHI" uID="u127">
    <w>sun<mor type="mor"><mw><pos><c>n</c></pos><stem>sun</stem></mw><gra type="gra" index="1" head="0" relation="INCROOT"/></mor></w>
    <t type="p"><mor type="mor"><mt type="p"/><gra type="gra" index="2" head="1" relation="PUNCT"/></mor></t>

    <a type="extension" flavor="pho">tʌn</a>
  </u>
  <comment type="Date">31-OCT-1968</comment>
  <u who="CHI" uID="u128">
    <w>Sandy<mor type="mor"><mw><pos><c>n</c><s>prop</s></pos><stem>Sandy</stem></mw><gra type="gra" index="1" head="0" relation="INCROOT"/></mor></w>
    <t type="p"><mor type="mor"><mt type="p"/><gra type="gra" index="2" head="1" relation="PUNCT"/></mor></t>

    <a type="extension" flavor="pho">sʌni</a>
    <a type="explanation">dog's name .</a>
  </u>
  <u who="CHI" uID="u129">
    <w>cake<mor type="mor"><mw><pos><c>n</c></pos><stem>cake</stem></mw><gra type="gra" index="1" head="0" relation="INCROOT"/></mor></w>
    <t type="p"><mor type="mor"><mt type="p"/><gra type="gra" index="2" head="1" relation="PUNCT"/></mor></t>

    <a type="extension" flavor="pho">ke̞ki</a>
  </u>
  <u who="CHI" uID="u130">
    <w>jug<mor type="mor"><mw><pos><c>n</c></pos><stem>jug</stem></mw><gra type="gra" index="1" head="0" relation="INCROOT"/></mor></w>
    <t type="p"><mor type="mor"><mt type="p"/><gra type="gra" index="2" head="1" relation="PUNCT"/></mor></t>

    <a type="extension" flavor="pho">dʌ</a>
  </u>
  <u who="CHI" uID="u131">
    <w>paper<mor type="mor"><mw><pos><c>n</c></pos><stem>paper</stem></mw><gra type="gra" index="1" head="0" relation="INCROOT"/></mor></w>
    <t type="p"><mor type="mor"><mt type="p"/><gra type="gra" index="2" head="1" relation="PUNCT"/></mor></t>

    <a type="extension" flavor="pho">pʰɛpə</a>
  </u>
  <u who="CHI" uID="u132">
    <w>spoon<mor type="mor"><mw><pos><c>n</c></pos><stem>spoon</stem></mw><gra type="gra" index="1" head="0" relation="INCROOT"/></mor></w>
    <t type="p"><mor type="mor"><mt type="p"/><gra type="gra" index="2" head="1" relation="PUNCT"/></mor></t>

    <a type="extension" flavor="pho">bʊ:n</a>
  </u>
  <comment type="Date">02-NOV-1968</comment>
  <u who="CHI" uID="u133">
    <w>Ribena<mor type="mor"><mw><pos><c>n</c><s>prop</s></pos><stem>Ribena</stem></mw><gra type="gra" index="1" head="0" relation="INCROOT"/></mor></w>
    <t type="p"><mor type="mor"><mt type="p"/><gra type="gra" index="2" head="1" relation="PUNCT"/></mor></t>

    <a type="extension" flavor="pho">bi:mʌ [*]</a>
    <a type="errcoding">first syllable omitted;</a>
  </u>
  <comment type="Date">07-NOV-1968</comment>
  <u who="CHI" uID="u134">
    <w>scarf<mor type="mor"><mw><pos><c>n</c></pos><stem>scarf</stem></mw><gra type="gra" index="1" head="0" relation="INCROOT"/></mor></w>
    <t type="p"><mor type="mor"><mt type="p"/><gra type="gra" index="2" head="1" relation="PUNCT"/></mor></t>

    <a type="extension" flavor="pho">gɑ:</a>
  </u>
  <comment type="Generic">Lucy omits many word final consonants at this stage , particularly velars and alveolars. Word final nasals are more likely to be produced.</comment>
</CHAT>