<?xml version="1.0" encoding="UTF-8"?>

<CHAT xmlns:xsi="http://www.w3.org/2001/XMLSchema-instance"
      xmlns="http://www.talkbank.org/ns/talkbank"
      xsi:schemaLocation="http://www.talkbank.org/ns/talkbank http://talkbank.org/software/talkbank.xsd"
      PID="11312/c-00019103-1"
      Version="2.3.0"
      Lang="eng"
      Corpus="Cruttenden"
      Date="1970-03-15">
  <Participants>
    <participant
      id="CHI"
    name="Lucy"
      role="Target_Child"
      language="eng"
      age="P2Y10M18D"
      sex="female"
      group="typical"

    />
  </Participants>
  <comment type="Date">15-MAR-1970</comment>
  <u who="CHI" uID="u0">
    <w>mine's<mor type="mor"><mw><pos><c>n</c></pos><stem>mine</stem></mw><gra type="gra" index="1" head="4" relation="SUBJ"/><mor-post><mw><pos><c>poss</c></pos><stem>s</stem></mw><gra type="gra" index="2" head="1" relation="POSS"/></mor-post></mor></w>
    <w>all<mor type="mor"><mw><pos><c>adv</c></pos><stem>all</stem></mw><gra type="gra" index="3" head="4" relation="JCT"/></mor></w>
    <w>finished<mor type="mor"><mw><pos><c>part</c></pos><stem>finish</stem><mk type="sfx">PASTP</mk></mw><gra type="gra" index="4" head="0" relation="ROOT"/></mor></w>
    <t type="p"><mor type="mor"><mt type="p"/><gra type="gra" index="5" head="4" relation="PUNCT"/></mor></t>

    <a type="extension" flavor="pho">maınz ɔ: fınıʃt</a>
  </u>
  <u who="CHI" uID="u1">
    <w>I<mor type="mor"><mw><pos><c>pro</c><s>sub</s></pos><stem>I</stem></mw><gra type="gra" index="1" head="2" relation="SUBJ"/></mor></w>
    <w>knowed<mor type="mor"><mw><pos><c>v</c></pos><stem>know</stem><mk type="sfx">PAST</mk></mw><gra type="gra" index="2" head="0" relation="ROOT"/></mor></w>
    <w>them<mor type="mor"><mw><pos><c>pro</c><s>obj</s></pos><stem>them</stem></mw><gra type="gra" index="3" head="2" relation="OBJ"/></mor></w>
    <t type="p"><mor type="mor"><mt type="p"/><gra type="gra" index="4" head="2" relation="PUNCT"/></mor></t>

    <a type="extension" flavor="pho">aı nəʊd [*] ðɛm</a>
    <a type="errcoding">knowed = know or knew;</a>
    <a type="comments">meaning unclear without recorded context</a>
  </u>
  <u who="CHI" uID="u2">
    <w>they<mor type="mor"><mw><pos><c>pro</c><s>sub</s></pos><stem>they</stem></mw><gra type="gra" index="1" head="3" relation="SUBJ"/></mor></w>
    <w>really<mor type="mor"><mw><pos><c>adv</c></pos><stem>real</stem><mk type="sfxf">dadj</mk><mk type="sfx">LY</mk></mw><gra type="gra" index="2" head="3" relation="JCT"/></mor></w>
    <w>mine<mor type="mor"><mw><pos><c>pro</c><s>poss</s></pos><stem>mine</stem></mw><gra type="gra" index="3" head="0" relation="ROOT"/></mor></w>
    <t type="p"><mor type="mor"><mt type="p"/><gra type="gra" index="4" head="3" relation="PUNCT"/></mor></t>

    <a type="extension" flavor="pho">ðeı [*] ri:li maın</a>
    <a type="errcoding">they = they are;</a>
  </u>
  <u who="CHI" uID="u3">
    <w>there's<mor type="mor"><mw><pos><c>pro</c><s>exist</s></pos><stem>there</stem></mw><gra type="gra" index="1" head="2" relation="SUBJ"/><mor-post><mw><pos><c>cop</c></pos><stem>be</stem><mk type="sfxf">3S</mk></mw><gra type="gra" index="2" head="0" relation="ROOT"/></mor-post></mor></w>
    <w>a<mor type="mor"><mw><pos><c>art</c></pos><stem>a</stem></mw><gra type="gra" index="3" head="5" relation="MOD"/></mor></w>
    <w>motor<mor type="mor"><mw><pos><c>n</c></pos><stem>motor</stem></mw><gra type="gra" index="4" head="5" relation="MOD"/></mor></w>
    <w>car<mor type="mor"><mw><pos><c>n</c></pos><stem>car</stem></mw><gra type="gra" index="5" head="2" relation="PRED"/></mor></w>
    <t type="p"><mor type="mor"><mt type="p"/><gra type="gra" index="6" head="2" relation="PUNCT"/></mor></t>

    <a type="extension" flavor="pho">ðɛəz ə məʊtə kɑ</a>
  </u>
  <u who="CHI" uID="u4">
    <w>we<mor type="mor"><mw><pos><c>pro</c><s>sub</s></pos><stem>we</stem></mw><gra type="gra" index="1" head="3" relation="SUBJ"/></mor></w>
    <w>not<mor type="mor"><mw><pos><c>neg</c></pos><stem>not</stem></mw><gra type="gra" index="2" head="1" relation="NEG"/></mor></w>
    <w>having<mor type="mor"><mw><pos><c>part</c></pos><stem>have</stem><mk type="sfx">PRESP</mk></mw><gra type="gra" index="3" head="0" relation="ROOT"/></mor></w>
    <w>macaroni<mor type="mor"><mw><pos><c>n</c></pos><stem>macaroni</stem></mw><gra type="gra" index="4" head="3" relation="OBJ"/></mor></w>
    <t type="p"><mor type="mor"><mt type="p"/><gra type="gra" index="5" head="3" relation="PUNCT"/></mor></t>

    <a type="extension" flavor="pho">wi [*] nɒt hævıŋ mækərəʊni</a>
    <a type="errcoding">we = we are;</a>
  </u>
  <u who="CHI" uID="u5">
    <w>can<mor type="mor"><mw><pos><c>mod</c></pos><stem>can</stem></mw><gra type="gra" index="1" head="3" relation="AUX"/></mor></w>
    <w>I<mor type="mor"><mw><pos><c>pro</c><s>sub</s></pos><stem>I</stem></mw><gra type="gra" index="2" head="3" relation="SUBJ"/></mor></w>
    <w>draw<mor type="mor"><mw><pos><c>v</c></pos><stem>draw</stem></mw><gra type="gra" index="3" head="0" relation="ROOT"/></mor></w>
    <w>please<mor type="mor"><mw><pos><c>co</c></pos><stem>please</stem></mw><gra type="gra" index="4" head="3" relation="COM"/></mor></w>
    <t type="q"><mor type="mor"><mt type="q"/><gra type="gra" index="5" head="3" relation="PUNCT"/></mor></t>

    <a type="extension" flavor="pho">kæn aı drɔ: pli:z</a>
  </u>
  <u who="CHI" uID="u6">
    <w>say<mor type="mor"><mw><pos><c>v</c></pos><stem>say</stem></mw><gra type="gra" index="1" head="0" relation="ROOT"/></mor></w>
    <w>Lucy<mor type="mor"><mw><pos><c>n</c><s>prop</s></pos><stem>Lucy</stem></mw><gra type="gra" index="2" head="1" relation="OBJ"/></mor></w>
    <t type="p"><mor type="mor"><mt type="p"/><gra type="gra" index="3" head="1" relation="PUNCT"/></mor></t>

    <a type="extension" flavor="pho">seı lu:si</a>
  </u>
  <u who="CHI" uID="u7">
    <w>I<mor type="mor"><mw><pos><c>pro</c><s>sub</s></pos><stem>I</stem></mw><gra type="gra" index="1" head="2" relation="SUBJ"/></mor></w>
    <w>know<mor type="mor"><mw><pos><c>v</c></pos><stem>know</stem></mw><gra type="gra" index="2" head="0" relation="ROOT"/></mor></w>
    <w>my<mor type="mor"><mw><pos><c>pro</c><s>poss</s><s>det</s></pos><stem>my</stem></mw><gra type="gra" index="3" head="4" relation="MOD"/></mor></w>
    <w>name<mor type="mor"><mw><pos><c>n</c></pos><stem>name</stem></mw><gra type="gra" index="4" head="2" relation="OBJ"/></mor></w>
    <t type="p"><mor type="mor"><mt type="p"/><gra type="gra" index="5" head="2" relation="PUNCT"/></mor></t>

    <a type="extension" flavor="pho">aı nəʊ maı neım</a>
  </u>
  <u who="CHI" uID="u8">
    <w>draw<mor type="mor"><mw><pos><c>v</c></pos><stem>draw</stem></mw><gra type="gra" index="1" head="0" relation="ROOT"/></mor></w>
    <w>Phil<mor type="mor"><mw><pos><c>n</c><s>prop</s></pos><stem>Phil</stem></mw><gra type="gra" index="2" head="1" relation="OBJ"/></mor></w>
    <w>again<mor type="mor"><mw><pos><c>adv</c></pos><stem>again</stem></mw><gra type="gra" index="3" head="2" relation="JCT"/></mor></w>
    <t type="p"><mor type="mor"><mt type="p"/><gra type="gra" index="4" head="1" relation="PUNCT"/></mor></t>

    <a type="extension" flavor="pho">dɔ [*] fʊl [*] əɡen</a>
    <a type="errcoding">second element of cluster deleted in "draw"; vowel change in "Phil";</a>
  </u>
  <u who="CHI" uID="u9">
    <w>I<mor type="mor"><mw><pos><c>pro</c><s>sub</s></pos><stem>I</stem></mw><gra type="gra" index="1" head="2" relation="SUBJ"/></mor></w>
    <w>saw<mor type="mor"><mw><pos><c>v</c></pos><stem>see</stem><mk type="sfxf">PAST</mk></mw><gra type="gra" index="2" head="0" relation="ROOT"/></mor></w>
    <w>a<mor type="mor"><mw><pos><c>art</c></pos><stem>a</stem></mw><gra type="gra" index="3" head="2" relation="OBJ"/></mor></w>
    <w>piece<mor type="mor"><mw><pos><c>n</c></pos><stem>piece</stem></mw><gra type="gra" index="4" head="3" relation="OBJ"/></mor></w>
    <w>of<mor type="mor"><mw><pos><c>prep</c></pos><stem>of</stem></mw><gra type="gra" index="5" head="4" relation="NJCT"/></mor></w>
    <w>Lego<mor type="mor"><mw><pos><c>n</c><s>prop</s></pos><stem>Lego</stem></mw><gra type="gra" index="6" head="5" relation="POBJ"/></mor></w>
    <t type="p"><mor type="mor"><mt type="p"/><gra type="gra" index="7" head="2" relation="PUNCT"/></mor></t>

    <a type="extension" flavor="pho">aı sɔ ə pi:s ə lɛɡəʊ</a>
  </u>
  <u who="CHI" uID="u10">
    <w>Daddy<mor type="mor"><mw><pos><c>n</c><s>prop</s></pos><stem>Daddy</stem></mw><gra type="gra" index="1" head="4" relation="LINK"/></mor></w>
    <w>there<mor type="mor"><mw><pos><c>adv</c></pos><stem>there</stem></mw><gra type="gra" index="2" head="1" relation="JCT"/></mor></w>
    <w>we<mor type="mor"><mw><pos><c>pro</c><s>sub</s></pos><stem>we</stem></mw><gra type="gra" index="3" head="4" relation="SUBJ"/></mor></w>
    <w>are<mor type="mor"><mw><pos><c>cop</c></pos><stem>be</stem><mk type="sfxf">PRES</mk></mw><gra type="gra" index="4" head="0" relation="ROOT"/></mor></w>
    <t type="p"><mor type="mor"><mt type="p"/><gra type="gra" index="5" head="4" relation="PUNCT"/></mor></t>

    <a type="extension" flavor="pho">dædi ðɛə wi ɑ:</a>
  </u>
  <u who="CHI" uID="u11">
    <w>do<mor type="mor"><mw><pos><c>mod</c></pos><stem>do</stem></mw><gra type="gra" index="1" head="0" relation="INCROOT"/></mor></w>
    <w><shortening>it</shortening><mor type="mor"><mw><pos><c>pro</c></pos><stem>it</stem></mw><gra type="gra" index="2" head="1" relation="OBJ"/></mor></w>
    <w>that<mor type="mor"><mw><pos><c>det</c></pos><stem>that</stem></mw><gra type="gra" index="3" head="4" relation="DET"/></mor></w>
    <w>way<mor type="mor"><mw><pos><c>n</c></pos><stem>way</stem></mw><gra type="gra" index="4" head="2" relation="OBJ"/></mor></w>
    <t type="p"><mor type="mor"><mt type="p"/><gra type="gra" index="5" head="1" relation="PUNCT"/></mor></t>

    <a type="extension" flavor="pho">du ðæt weı</a>
  </u>
  <u who="CHI" uID="u12">
    <w>not<mor type="mor"><mw><pos><c>neg</c></pos><stem>not</stem></mw><gra type="gra" index="1" head="3" relation="NEG"/></mor></w>
    <w>that<mor type="mor"><mw><pos><c>det</c></pos><stem>that</stem></mw><gra type="gra" index="2" head="3" relation="DET"/></mor></w>
    <w>way<mor type="mor"><mw><pos><c>n</c></pos><stem>way</stem></mw><gra type="gra" index="3" head="0" relation="INCROOT"/></mor></w>
    <t type="p"><mor type="mor"><mt type="p"/><gra type="gra" index="4" head="3" relation="PUNCT"/></mor></t>

    <a type="extension" flavor="pho">nɒt ðæt weı</a>
  </u>
  <u who="CHI" uID="u13">
    <w><shortening>I'm</shortening><mor type="mor"><mw><pos><c>pro</c><s>sub</s></pos><stem>I</stem></mw><gra type="gra" index="1" head="3" relation="SUBJ"/><mor-post><mw><pos><c>aux</c></pos><stem>be</stem><mk type="sfxf">1S</mk></mw><gra type="gra" index="2" head="3" relation="AUX"/></mor-post></mor></w>
    <w>having<mor type="mor"><mw><pos><c>part</c></pos><stem>have</stem><mk type="sfx">PRESP</mk></mw><gra type="gra" index="3" head="0" relation="ROOT"/></mor></w>
    <w>your<mor type="mor"><mw><pos><c>pro</c><s>poss</s><s>det</s></pos><stem>your</stem></mw><gra type="gra" index="4" head="5" relation="MOD"/></mor></w>
    <g><w>bag<mor type="mor"><mw><pos><c>n</c></pos><stem>bag</stem></mw><gra type="gra" index="5" head="3" relation="OBJ"/></mor></w><ga type="explanation">I'm taking</ga></g>
    <t type="p"><mor type="mor"><mt type="p"/><gra type="gra" index="6" head="3" relation="PUNCT"/></mor></t>

    <a type="extension" flavor="pho">hævıŋ jɔ bæɡ</a>
  </u>
  <u who="CHI" uID="u14">
    <w>I<mor type="mor"><mw><pos><c>pro</c><s>sub</s></pos><stem>I</stem></mw><gra type="gra" index="1" head="4" relation="SUBJ"/></mor></w>
    <w>pushing<mor type="mor"><mw><pos><c>part</c></pos><stem>push</stem><mk type="sfx">PRESP</mk></mw><gra type="gra" index="2" head="4" relation="AUX"/></mor></w>
    <w>over<mor type="mor"><mw><pos><c>adv</c></pos><stem>over</stem></mw><gra type="gra" index="3" head="4" relation="JCT"/></mor></w>
    <w>look<mor type="mor"><mw><pos><c>v</c></pos><stem>look</stem></mw><gra type="gra" index="4" head="0" relation="ROOT"/></mor></w>
    <t type="p"><mor type="mor"><mt type="p"/><gra type="gra" index="5" head="4" relation="PUNCT"/></mor></t>

    <a type="extension" flavor="pho">aı [*] pʊʃıŋ əʊvə lʊk</a>
    <a type="errcoding">I = I'm;</a>
  </u>
  <u who="CHI" uID="u15">
    <w>I<mor type="mor"><mw><pos><c>pro</c><s>sub</s></pos><stem>I</stem></mw><gra type="gra" index="1" head="3" relation="SUBJ"/></mor></w>
    <w>will<mor type="mor"><mw><pos><c>mod</c></pos><stem>will</stem></mw><gra type="gra" index="2" head="3" relation="AUX"/></mor></w>
    <w>get<mor type="mor"><mw><pos><c>v</c></pos><stem>get</stem></mw><gra type="gra" index="3" head="0" relation="ROOT"/></mor></w>
    <w>the<mor type="mor"><mw><pos><c>art</c></pos><stem>the</stem></mw><gra type="gra" index="4" head="5" relation="MOD"/></mor></w>
    <w>pouffe<mor type="mor"><mw><pos><c>n</c></pos><stem>pouffe</stem></mw><gra type="gra" index="5" head="3" relation="OBJ"/></mor></w>
    <t type="p"><mor type="mor"><mt type="p"/><gra type="gra" index="6" head="3" relation="PUNCT"/></mor></t>

    <a type="extension" flavor="pho">a wıl ɡɛt ðə pʊf</a>
  </u>
  <u who="CHI" uID="u16">
    <w>Lucky<mor type="mor"><mw><pos><c>n</c><s>prop</s></pos><stem>Lucky</stem></mw><gra type="gra" index="1" head="2" relation="SUBJ"/></mor></w>
    <w>wants<mor type="mor"><mw><pos><c>v</c></pos><stem>want</stem><mk type="sfx">3S</mk></mw><gra type="gra" index="2" head="0" relation="ROOT"/></mor></w>
    <w>to<mor type="mor"><mw><pos><c>inf</c></pos><stem>to</stem></mw><gra type="gra" index="3" head="4" relation="INF"/></mor></w>
    <w>come<mor type="mor"><mw><pos><c>v</c></pos><stem>come</stem></mw><gra type="gra" index="4" head="2" relation="XCOMP"/></mor></w>
    <w>this<mor type="mor"><mw><pos><c>pro</c><s>dem</s></pos><stem>this</stem></mw><gra type="gra" index="5" head="6" relation="MOD"/></mor></w>
    <w>way<mor type="mor"><mw><pos><c>n</c></pos><stem>way</stem></mw><gra type="gra" index="6" head="4" relation="OBJ"/></mor></w>
    <w><shortening>be</shortening>cause<mor type="mor"><mw><pos><c>conj</c></pos><stem>because</stem></mw><gra type="gra" index="7" head="9" relation="LINK"/></mor></w>
    <w>he's<mor type="mor"><mw><pos><c>pro</c><s>sub</s></pos><stem>he</stem></mw><gra type="gra" index="8" head="9" relation="SUBJ"/><mor-post><mw><pos><c>cop</c></pos><stem>be</stem><mk type="sfxf">3S</mk></mw><gra type="gra" index="9" head="4" relation="CJCT"/></mor-post></mor></w>
    <w>happy<mor type="mor"><mw><pos><c>adj</c></pos><stem>happy</stem></mw><gra type="gra" index="10" head="12" relation="MOD"/></mor></w>
    <w>this<mor type="mor"><mw><pos><c>pro</c><s>dem</s></pos><stem>this</stem></mw><gra type="gra" index="11" head="12" relation="MOD"/></mor></w>
    <w>way<mor type="mor"><mw><pos><c>n</c></pos><stem>way</stem></mw><gra type="gra" index="12" head="9" relation="PRED"/></mor></w>
    <t type="p"><mor type="mor"><mt type="p"/><gra type="gra" index="13" head="2" relation="PUNCT"/></mor></t>

    <a type="extension" flavor="pho">lʌki wɒnts tu kʌm ðıs weı kɒs i:z hæpi ðıs weı .</a>
  </u>
  <u who="CHI" uID="u17">
    <w>that<mor type="mor"><mw><pos><c>det</c></pos><stem>that</stem></mw><gra type="gra" index="1" head="2" relation="DET"/></mor></w>
    <w>one's<mor type="mor"><mw><pos><c>pro</c><s>indef</s></pos><stem>one</stem></mw><gra type="gra" index="2" head="3" relation="SUBJ"/><mor-post><mw><pos><c>cop</c></pos><stem>be</stem><mk type="sfxf">3S</mk></mw><gra type="gra" index="3" head="0" relation="ROOT"/></mor-post></mor></w>
    <w>closed<mor type="mor"><mw><pos><c>part</c></pos><stem>close</stem><mk type="sfx">PASTP</mk></mw><gra type="gra" index="4" head="3" relation="PRED"/></mor></w>
    <t type="p"><mor type="mor"><mt type="p"/><gra type="gra" index="5" head="3" relation="PUNCT"/></mor></t>

    <a type="extension" flavor="pho">ðæt wʌnz kləʊzd</a>
  </u>
  <u who="CHI" uID="u18">
    <w>it's<mor type="mor"><mw><pos><c>pro</c></pos><stem>it</stem></mw><gra type="gra" index="1" head="3" relation="SUBJ"/><mor-post><mw><pos><c>aux</c></pos><stem>be</stem><mk type="sfxf">3S</mk></mw><gra type="gra" index="2" head="3" relation="AUX"/></mor-post></mor></w>
    <w>smaller<mor type="mor"><mw><pos><c>adj</c></pos><stem>small</stem><mk type="sfx">CP</mk></mw><gra type="gra" index="3" head="0" relation="ROOT"/></mor></w>
    <t type="p"><mor type="mor"><mt type="p"/><gra type="gra" index="4" head="3" relation="PUNCT"/></mor></t>

    <a type="extension" flavor="pho">ıts smɔ:lə</a>
    <a type="explanation">means to say 'it's too small';</a>
  </u>
  <u who="CHI" uID="u19">
    <w>that<mor type="mor"><mw><pos><c>det</c></pos><stem>that</stem></mw><gra type="gra" index="1" head="2" relation="DET"/></mor></w>
    <w>one<mor type="mor"><mw><pos><c>pro</c><s>indef</s></pos><stem>one</stem></mw><gra type="gra" index="2" head="5" relation="SUBJ"/></mor></w>
    <w>can't<mor type="mor"><mw><pos><c>mod</c></pos><stem>can</stem></mw><gra type="gra" index="3" head="5" relation="AUX"/><mor-post><mw><pos><c>neg</c></pos><stem>not</stem></mw><gra type="gra" index="4" head="3" relation="NEG"/></mor-post></mor></w>
    <w>work<mor type="mor"><mw><pos><c>v</c></pos><stem>work</stem></mw><gra type="gra" index="5" head="0" relation="ROOT"/></mor></w>
    <t type="p"><mor type="mor"><mt type="p"/><gra type="gra" index="6" head="5" relation="PUNCT"/></mor></t>

    <a type="extension" flavor="pho">ðæt wʌn kɑnt wə:k</a>
  </u>
  <u who="CHI" uID="u20">
    <w>I<mor type="mor"><mw><pos><c>pro</c><s>sub</s></pos><stem>I</stem></mw><gra type="gra" index="1" head="2" relation="SUBJ"/></mor></w>
    <w>did<mor type="mor"><mw><pos><c>v</c></pos><stem>do</stem><mk type="sfxf">PAST</mk></mw><gra type="gra" index="2" head="0" relation="ROOT"/></mor></w>
    <w>saw<mor type="mor"><mw><pos><c>n</c></pos><stem>saw</stem></mw><gra type="gra" index="3" head="2" relation="OBJ"/></mor></w>
    <w>it<mor type="mor"><mw><pos><c>pro</c></pos><stem>it</stem></mw><gra type="gra" index="4" head="2" relation="OBJ"/></mor></w>
    <t type="p"><mor type="mor"><mt type="p"/><gra type="gra" index="5" head="2" relation="PUNCT"/></mor></t>

    <a type="extension" flavor="pho">aı dıd sɔ [*] ıt</a>
    <a type="errcoding">saw = see;</a>
  </u>
  <u who="CHI" uID="u21">
    <w>that<mor type="mor"><mw><pos><c>det</c></pos><stem>that</stem></mw><gra type="gra" index="1" head="2" relation="DET"/></mor></w>
    <w>one's<mor type="mor"><mw><pos><c>pro</c><s>indef</s></pos><stem>one</stem></mw><gra type="gra" index="2" head="4" relation="SUBJ"/><mor-post><mw><pos><c>cop</c></pos><stem>be</stem><mk type="sfxf">3S</mk></mw><gra type="gra" index="3" head="4" relation="AUX"/></mor-post></mor></w>
    <g><w>comed<replacement><w>came<mor type="mor"><mw><pos><c>v</c></pos><stem>come</stem><mk type="sfxf">PAST</mk></mw><gra type="gra" index="4" head="0" relation="ROOT"/></mor></w></replacement></w><error/></g>
    <w>off<mor type="mor"><mw><pos><c>adv</c></pos><stem>off</stem></mw><gra type="gra" index="5" head="4" relation="JCT"/></mor></w>
    <t type="p"><mor type="mor"><mt type="p"/><gra type="gra" index="6" head="4" relation="PUNCT"/></mor></t>

    <a type="extension" flavor="pho">ðæt wʊnz kʌmd ɒf</a>
  </u>
  <u who="CHI" uID="u22">
    <w>that's<mor type="mor"><mw><pos><c>pro</c><s>dem</s></pos><stem>that</stem></mw><gra type="gra" index="1" head="3" relation="SUBJ"/><mor-post><mw><pos><c>cop</c></pos><stem>be</stem><mk type="sfxf">3S</mk></mw><gra type="gra" index="2" head="3" relation="AUX"/></mor-post></mor></w>
    <w>got<mor type="mor"><mw><pos><c>v</c></pos><stem>get</stem><mk type="sfxf">PAST</mk></mw><gra type="gra" index="3" head="0" relation="ROOT"/></mor></w>
    <w>a<mor type="mor"><mw><pos><c>art</c></pos><stem>a</stem></mw><gra type="gra" index="4" head="3" relation="OBJ"/></mor></w>
    <w>cage<mor type="mor"><mw><pos><c>n</c></pos><stem>cage</stem></mw><gra type="gra" index="5" head="4" relation="XMOD"/></mor></w>
    <w>on<mor type="mor"><mw><pos><c>adv</c></pos><stem>on</stem></mw><gra type="gra" index="6" head="5" relation="NJCT"/></mor></w>
    <t type="p"><mor type="mor"><mt type="p"/><gra type="gra" index="7" head="3" relation="PUNCT"/></mor></t>

    <a type="extension" flavor="pho">ðæts ɡɒt ə keıdʒ ɒn</a>
  </u>
  <u who="CHI" uID="u23">
    <w>I<mor type="mor"><mw><pos><c>pro</c><s>sub</s></pos><stem>I</stem></mw><gra type="gra" index="1" head="2" relation="SUBJ"/></mor></w>
    <w>happy<mor type="mor"><mw><pos><c>adj</c></pos><stem>happy</stem></mw><gra type="gra" index="2" head="0" relation="ROOT"/></mor></w>
    <w>in<mor type="mor"><mw><pos><c>prep</c></pos><stem>in</stem></mw><gra type="gra" index="3" head="2" relation="JCT"/></mor></w>
    <w>that<mor type="mor"><mw><pos><c>pro</c><s>dem</s></pos><stem>that</stem></mw><gra type="gra" index="4" head="3" relation="POBJ"/></mor></w>
    <t type="p"><mor type="mor"><mt type="p"/><gra type="gra" index="5" head="2" relation="PUNCT"/></mor></t>

    <a type="extension" flavor="pho">aı [*] hæpi ın ðæt</a>
    <a type="errcoding">I = I'm;</a>
  </u>
  <u who="CHI" uID="u24">
    <w>and<mor type="mor"><mw><pos><c>coord</c></pos><stem>and</stem></mw><gra type="gra" index="1" head="3" relation="LINK"/></mor></w>
    <w>that<mor type="mor"><mw><pos><c>rel</c></pos><stem>that</stem></mw><gra type="gra" index="2" head="3" relation="LINK"/></mor></w>
    <w>stays<mor type="mor"><mw><pos><c>v</c></pos><stem>stay</stem><mk type="sfx">3S</mk></mw><gra type="gra" index="3" head="0" relation="ROOT"/></mor></w>
    <w>in<mor type="mor"><mw><pos><c>prep</c></pos><stem>in</stem></mw><gra type="gra" index="4" head="3" relation="JCT"/></mor></w>
    <w>the<mor type="mor"><mw><pos><c>art</c></pos><stem>the</stem></mw><gra type="gra" index="5" head="6" relation="MOD"/></mor></w>
    <w>middle<mor type="mor"><mw><pos><c>n</c></pos><stem>middle</stem></mw><gra type="gra" index="6" head="4" relation="POBJ"/></mor></w>
    <t type="p"><mor type="mor"><mt type="p"/><gra type="gra" index="7" head="3" relation="PUNCT"/></mor></t>

    <a type="extension" flavor="pho">n̩ ðæt steız ın ə mıdʊ</a>
  </u>
  <u who="CHI" uID="u25">
    <w>and<mor type="mor"><mw><pos><c>coord</c></pos><stem>and</stem></mw><gra type="gra" index="1" head="3" relation="LINK"/></mor></w>
    <w>that<mor type="mor"><mw><pos><c>rel</c></pos><stem>that</stem></mw><gra type="gra" index="2" head="3" relation="LINK"/></mor></w>
    <w>goes<mor type="mor"><mw><pos><c>v</c></pos><stem>go</stem><mk type="sfx">3S</mk></mw><gra type="gra" index="3" head="0" relation="ROOT"/></mor></w>
    <w>there<mor type="mor"><mw><pos><c>adv</c></pos><stem>there</stem></mw><gra type="gra" index="4" head="3" relation="JCT"/></mor></w>
    <t type="p"><mor type="mor"><mt type="p"/><gra type="gra" index="5" head="3" relation="PUNCT"/></mor></t>

    <a type="extension" flavor="pho">n̩ ðæt ɡəʊz ðɛə</a>
  </u>
  <comment type="Date">23-MAR-1970</comment>
  <u who="CHI" uID="u26">
    <w>I<mor type="mor"><mw><pos><c>pro</c><s>sub</s></pos><stem>I</stem></mw><gra type="gra" index="1" head="4" relation="SUBJ"/></mor></w>
    <w>don't<mor type="mor"><mw><pos><c>mod</c></pos><stem>do</stem></mw><gra type="gra" index="2" head="4" relation="AUX"/><mor-post><mw><pos><c>neg</c></pos><stem>not</stem></mw><gra type="gra" index="3" head="2" relation="NEG"/></mor-post></mor></w>
    <w>want<mor type="mor"><mw><pos><c>v</c></pos><stem>want</stem></mw><gra type="gra" index="4" head="0" relation="ROOT"/></mor></w>
    <w>it<mor type="mor"><mw><pos><c>pro</c></pos><stem>it</stem></mw><gra type="gra" index="5" head="4" relation="OBJ"/></mor></w>
    <t type="p"><mor type="mor"><mt type="p"/><gra type="gra" index="6" head="4" relation="PUNCT"/></mor></t>

    <a type="extension" flavor="pho">aı dəʊnt wɒnt ıt</a>
  </u>
  <u who="CHI" uID="u27">
    <w>and<mor type="mor"><mw><pos><c>coord</c></pos><stem>and</stem></mw><gra type="gra" index="1" head="3" relation="LINK"/></mor></w>
    <w>that<mor type="mor"><mw><pos><c>rel</c></pos><stem>that</stem></mw><gra type="gra" index="2" head="3" relation="LINK"/></mor></w>
    <w>goes<mor type="mor"><mw><pos><c>v</c></pos><stem>go</stem><mk type="sfx">3S</mk></mw><gra type="gra" index="3" head="0" relation="ROOT"/></mor></w>
    <w>on<mor type="mor"><mw><pos><c>prep</c></pos><stem>on</stem></mw><gra type="gra" index="4" head="3" relation="JCT"/></mor></w>
    <w>there<mor type="mor"><mw><pos><c>pro</c><s>dem</s></pos><stem>there</stem></mw><gra type="gra" index="5" head="4" relation="POBJ"/></mor></w>
    <t type="p"><mor type="mor"><mt type="p"/><gra type="gra" index="6" head="3" relation="PUNCT"/></mor></t>

    <a type="extension" flavor="pho">n̩ ðæt ɡəʊz ɒn ðɛə</a>
  </u>
  <u who="CHI" uID="u28">
    <w>now<mor type="mor"><mw><pos><c>adv</c></pos><stem>now</stem></mw><gra type="gra" index="1" head="5" relation="JCT"/></mor></w>
    <w>that's<mor type="mor"><mw><pos><c>pro</c><s>dem</s></pos><stem>that</stem></mw><gra type="gra" index="2" head="5" relation="SUBJ"/><mor-post><mw><pos><c>aux</c></pos><stem>be</stem><mk type="sfxf">3S</mk></mw><gra type="gra" index="3" head="5" relation="AUX"/></mor-post></mor></w>
    <w>your<mor type="mor"><mw><pos><c>pro</c><s>poss</s><s>det</s></pos><stem>your</stem></mw><gra type="gra" index="4" head="5" relation="MOD"/></mor></w>
    <w>cushion<mor type="mor"><mw><pos><c>n</c></pos><stem>cushion</stem></mw><gra type="gra" index="5" head="0" relation="INCROOT"/></mor></w>
    <t type="p"><mor type="mor"><mt type="p"/><gra type="gra" index="6" head="5" relation="PUNCT"/></mor></t>

    <a type="extension" flavor="pho">naʊ ðæts jɔ kʊʃn̩</a>
  </u>
  <u who="CHI" uID="u29">
    <w>I<mor type="mor"><mw><pos><c>pro</c><s>sub</s></pos><stem>I</stem></mw><gra type="gra" index="1" head="0" relation="INCROOT"/></mor></w>
    <w>buying<mor type="mor"><mw><pos><c>part</c></pos><stem>buy</stem><mk type="sfx">PRESP</mk></mw><gra type="gra" index="2" head="1" relation="XMOD"/></mor></w>
    <w>some<mor type="mor"><mw><pos><c>qn</c></pos><stem>some</stem></mw><gra type="gra" index="3" head="4" relation="QUANT"/></mor></w>
    <w>cigarettes<mor type="mor"><mw><pos><c>n</c></pos><stem>cigarette</stem><mk type="sfx">PL</mk></mw><gra type="gra" index="4" head="2" relation="OBJ"/></mor></w>
    <w>Daddy<mor type="mor"><mw><pos><c>n</c><s>prop</s></pos><stem>Daddy</stem></mw><gra type="gra" index="5" head="4" relation="APP"/></mor></w>
    <t type="p"><mor type="mor"><mt type="p"/><gra type="gra" index="6" head="1" relation="PUNCT"/></mor></t>

    <a type="extension" flavor="pho">aı [*] baııŋ sʌm sıɡərɛts dædi</a>
    <a type="errcoding">I = I'm;</a>
  </u>
  <u who="CHI" uID="u30">
    <w>I<mor type="mor"><mw><pos><c>pro</c><s>sub</s></pos><stem>I</stem></mw><gra type="gra" index="1" head="2" relation="SUBJ"/></mor></w>
    <w>want<mor type="mor"><mw><pos><c>v</c></pos><stem>want</stem></mw><gra type="gra" index="2" head="0" relation="ROOT"/></mor></w>
    <w>this<mor type="mor"><mw><pos><c>det</c></pos><stem>this</stem></mw><gra type="gra" index="3" head="4" relation="DET"/></mor></w>
    <w>on<mor type="mor"><mw><pos><c>adv</c></pos><stem>on</stem></mw><gra type="gra" index="4" head="2" relation="JCT"/></mor></w>
    <t type="p"><mor type="mor"><mt type="p"/><gra type="gra" index="5" head="2" relation="PUNCT"/></mor></t>

    <a type="extension" flavor="pho">a wɒnt ðıs ɒn</a>
  </u>
  <u who="CHI" uID="u31">
    <w>take<mor type="mor"><mw><pos><c>v</c></pos><stem>take</stem></mw><gra type="gra" index="1" head="0" relation="ROOT"/></mor></w>
    <w>it<mor type="mor"><mw><pos><c>pro</c></pos><stem>it</stem></mw><gra type="gra" index="2" head="1" relation="OBJ"/></mor></w>
    <w>for<mor type="mor"><mw><pos><c>prep</c></pos><stem>for</stem></mw><gra type="gra" index="3" head="1" relation="JCT"/></mor></w>
    <w><shortening>a</shortening><mor type="mor"><mw><pos><c>art</c></pos><stem>a</stem></mw><gra type="gra" index="4" head="6" relation="MOD"/></mor></w>
    <w>bus<mor type="mor"><mw><pos><c>n</c></pos><stem>bus</stem></mw><gra type="gra" index="5" head="6" relation="MOD"/></mor></w>
    <w>ride<mor type="mor"><mw><pos><c>n</c></pos><stem>ride</stem></mw><gra type="gra" index="6" head="3" relation="POBJ"/></mor></w>
    <t type="p"><mor type="mor"><mt type="p"/><gra type="gra" index="7" head="1" relation="PUNCT"/></mor></t>

    <a type="extension" flavor="pho">teık ıt fɔ bʌs raıd</a>
  </u>
  <u who="CHI" uID="u32">
    <w>you<mor type="mor"><mw><pos><c>pro</c></pos><stem>you</stem></mw><gra type="gra" index="1" head="2" relation="SUBJ"/></mor></w>
    <w>want<mor type="mor"><mw><pos><c>v</c></pos><stem>want</stem></mw><gra type="gra" index="2" head="0" relation="ROOT"/></mor></w>
    <w>some<mor type="mor"><mw><pos><c>qn</c></pos><stem>some</stem></mw><gra type="gra" index="3" head="2" relation="OBJ"/></mor></w>
    <t type="q"><mor type="mor"><mt type="q"/><gra type="gra" index="4" head="2" relation="PUNCT"/></mor></t>

    <a type="extension" flavor="pho">u [*] wɒn səm</a>
    <a type="errcoding">voiced lateral approximant deleted;</a>
  </u>
  <u who="CHI" uID="u33">
    <w>I<mor type="mor"><mw><pos><c>pro</c><s>sub</s></pos><stem>I</stem></mw><gra type="gra" index="1" head="4" relation="SUBJ"/></mor></w>
    <w>don't<mor type="mor"><mw><pos><c>mod</c></pos><stem>do</stem></mw><gra type="gra" index="2" head="4" relation="AUX"/><mor-post><mw><pos><c>neg</c></pos><stem>not</stem></mw><gra type="gra" index="3" head="2" relation="NEG"/></mor-post></mor></w>
    <w>want<mor type="mor"><mw><pos><c>v</c></pos><stem>want</stem></mw><gra type="gra" index="4" head="0" relation="ROOT"/></mor></w>
    <w>to<mor type="mor"><mw><pos><c>inf</c></pos><stem>to</stem></mw><gra type="gra" index="5" head="6" relation="INF"/></mor></w>
    <w>go<mor type="mor"><mw><pos><c>v</c></pos><stem>go</stem></mw><gra type="gra" index="6" head="4" relation="XCOMP"/></mor></w>
    <w>to<mor type="mor"><mw><pos><c>prep</c></pos><stem>to</stem></mw><gra type="gra" index="7" head="6" relation="JCT"/></mor></w>
    <w>bed<mor type="mor"><mw><pos><c>n</c></pos><stem>bed</stem></mw><gra type="gra" index="8" head="7" relation="POBJ"/></mor></w>
    <t type="p"><mor type="mor"><mt type="p"/><gra type="gra" index="9" head="4" relation="PUNCT"/></mor></t>

    <a type="extension" flavor="pho">aı dəʊn wɒn tə ɡəʊ tə bɛd</a>
  </u>
  <u who="CHI" uID="u34">
    <w>no<mor type="mor"><mw><pos><c>co</c></pos><stem>no</stem></mw><gra type="gra" index="1" head="3" relation="COM"/></mor></w>
    <w>they<shortening>'re</shortening><mor type="mor"><mw><pos><c>pro</c><s>sub</s></pos><stem>they</stem></mw><gra type="gra" index="2" head="3" relation="SUBJ"/><mor-post><mw><pos><c>aux</c></pos><stem>be</stem><mk type="sfxf">PRES</mk></mw><gra type="gra" index="3" head="0" relation="ROOT"/></mor-post></mor></w>
    <w>mine<mor type="mor"><mw><pos><c>pro</c><s>poss</s></pos><stem>mine</stem></mw><gra type="gra" index="4" head="3" relation="PRED"/></mor></w>
    <t type="p"><mor type="mor"><mt type="p"/><gra type="gra" index="5" head="3" relation="PUNCT"/></mor></t>

    <a type="extension" flavor="pho">nəʊ ðeı [*] maın</a>
    <a type="errcoding">they = they are;</a>
  </u>
  <u who="CHI" uID="u35">
    <w>I<mor type="mor"><mw><pos><c>pro</c><s>sub</s></pos><stem>I</stem></mw><gra type="gra" index="1" head="4" relation="SUBJ"/></mor></w>
    <w>didn't<mor type="mor"><mw><pos><c>mod</c></pos><stem>do</stem><mk type="sfxf">PAST</mk></mw><gra type="gra" index="2" head="4" relation="AUX"/><mor-post><mw><pos><c>neg</c></pos><stem>not</stem></mw><gra type="gra" index="3" head="2" relation="NEG"/></mor-post></mor></w>
    <w>draw<mor type="mor"><mw><pos><c>v</c></pos><stem>draw</stem></mw><gra type="gra" index="4" head="0" relation="ROOT"/></mor></w>
    <w>Jenny<mor type="mor"><mw><pos><c>n</c><s>prop</s></pos><stem>Jenny</stem></mw><gra type="gra" index="5" head="4" relation="OBJ"/></mor></w>
    <t type="p"><mor type="mor"><mt type="p"/><gra type="gra" index="6" head="4" relation="PUNCT"/></mor></t>

    <a type="extension" flavor="pho">aı dıdn̩ drɔ dʒɛni</a>
  </u>
  <u who="CHI" uID="u36">
    <w>I<mor type="mor"><mw><pos><c>pro</c><s>sub</s></pos><stem>I</stem></mw><gra type="gra" index="1" head="2" relation="SUBJ"/></mor></w>
    <w>want<mor type="mor"><mw><pos><c>v</c></pos><stem>want</stem></mw><gra type="gra" index="2" head="0" relation="ROOT"/></mor></w>
    <w>to<mor type="mor"><mw><pos><c>inf</c></pos><stem>to</stem></mw><gra type="gra" index="3" head="4" relation="INF"/></mor></w>
    <w>draw<mor type="mor"><mw><pos><c>v</c></pos><stem>draw</stem></mw><gra type="gra" index="4" head="2" relation="XCOMP"/></mor></w>
    <w>Jenny<mor type="mor"><mw><pos><c>n</c><s>prop</s></pos><stem>Jenny</stem></mw><gra type="gra" index="5" head="4" relation="OBJ"/></mor></w>
    <t type="p"><mor type="mor"><mt type="p"/><gra type="gra" index="6" head="2" relation="PUNCT"/></mor></t>

    <a type="extension" flavor="pho">aı wɒnt tə drɔ dʒɛni</a>
  </u>
  <u who="CHI" uID="u37">
    <w>I<mor type="mor"><mw><pos><c>pro</c><s>sub</s></pos><stem>I</stem></mw><gra type="gra" index="1" head="3" relation="SUBJ"/></mor></w>
    <w>can<mor type="mor"><mw><pos><c>mod</c></pos><stem>can</stem></mw><gra type="gra" index="2" head="3" relation="AUX"/></mor></w>
    <w>jump<mor type="mor"><mw><pos><c>v</c></pos><stem>jump</stem></mw><gra type="gra" index="3" head="0" relation="ROOT"/></mor></w>
    <t type="p"><mor type="mor"><mt type="p"/><gra type="gra" index="4" head="3" relation="PUNCT"/></mor></t>

    <a type="extension" flavor="pho">aı kæn dʒʌmp</a>
  </u>
  <u who="CHI" uID="u38">
    <w>I<mor type="mor"><mw><pos><c>pro</c><s>sub</s></pos><stem>I</stem></mw><gra type="gra" index="1" head="2" relation="SUBJ"/></mor></w>
    <w>taking<mor type="mor"><mw><pos><c>part</c></pos><stem>take</stem><mk type="sfx">PRESP</mk></mw><gra type="gra" index="2" head="0" relation="ROOT"/></mor></w>
    <g><w>them<mor type="mor"><mw><pos><c>pro</c><s>obj</s></pos><stem>them</stem></mw><gra type="gra" index="3" head="2" relation="OBJ"/></mor></w><ga type="explanation">shoes</ga></g>
    <w>off<mor type="mor"><mw><pos><c>adv</c></pos><stem>off</stem></mw><gra type="gra" index="4" head="2" relation="JCT"/></mor></w>
    <t type="p"><mor type="mor"><mt type="p"/><gra type="gra" index="5" head="2" relation="PUNCT"/></mor></t>

    <a type="extension" flavor="pho">aı [*] teıkıŋ ðɛm ɒf</a>
    <a type="errcoding">I = I'm;</a>
  </u>
  <u who="CHI" uID="u39">
    <w>Lulu<mor type="mor"><mw><pos><c>n</c><s>prop</s></pos><stem>Lulu</stem></mw><gra type="gra" index="1" head="4" relation="SUBJ"/></mor></w>
    <w>can't<mor type="mor"><mw><pos><c>mod</c></pos><stem>can</stem></mw><gra type="gra" index="2" head="4" relation="AUX"/><mor-post><mw><pos><c>neg</c></pos><stem>not</stem></mw><gra type="gra" index="3" head="2" relation="NEG"/></mor-post></mor></w>
    <w>do<mor type="mor"><mw><pos><c>v</c></pos><stem>do</stem></mw><gra type="gra" index="4" head="0" relation="ROOT"/></mor></w>
    <w>it<mor type="mor"><mw><pos><c>pro</c></pos><stem>it</stem></mw><gra type="gra" index="5" head="4" relation="OBJ"/></mor></w>
    <t type="p"><mor type="mor"><mt type="p"/><gra type="gra" index="6" head="4" relation="PUNCT"/></mor></t>

    <a type="extension" flavor="pho">lulu &lt;kɑ:n du ıt&gt;</a>
    <a type="explanation">means to say 'mustn't do it'</a>
  </u>
  <u who="CHI" uID="u40">
    <w>now<mor type="mor"><mw><pos><c>adv</c></pos><stem>now</stem></mw><gra type="gra" index="1" head="2" relation="JCT"/></mor></w>
    <w>stay<mor type="mor"><mw><pos><c>n</c></pos><stem>stay</stem></mw><gra type="gra" index="2" head="0" relation="INCROOT"/></mor></w>
    <w>on<mor type="mor"><mw><pos><c>prep</c></pos><stem>on</stem></mw><gra type="gra" index="3" head="2" relation="JCT"/></mor></w>
    <w>the<mor type="mor"><mw><pos><c>art</c></pos><stem>the</stem></mw><gra type="gra" index="4" head="5" relation="MOD"/></mor></w>
    <w>pavement<mor type="mor"><mw><pos><c>n</c></pos><stem>pavement</stem></mw><gra type="gra" index="5" head="3" relation="POBJ"/></mor></w>
    <t type="p"><mor type="mor"><mt type="p"/><gra type="gra" index="6" head="2" relation="PUNCT"/></mor></t>

    <a type="extension" flavor="pho">naʊ steı ɒn ðə peıvmənt</a>
    <a type="comments">imperative</a>
  </u>
  <u who="CHI" uID="u41">
    <w>you<mor type="mor"><mw><pos><c>pro</c></pos><stem>you</stem></mw><gra type="gra" index="1" head="2" relation="SUBJ"/></mor></w>
    <w>can't<mor type="mor"><mw><pos><c>mod</c></pos><stem>can</stem></mw><gra type="gra" index="2" head="4" relation="AUX"/><mor-post><mw><pos><c>neg</c></pos><stem>not</stem></mw><gra type="gra" index="3" head="2" relation="NEG"/></mor-post></mor></w>
    <w>get<mor type="mor"><mw><pos><c>v</c></pos><stem>get</stem></mw><gra type="gra" index="4" head="0" relation="ROOT"/></mor></w>
    <w>it<mor type="mor"><mw><pos><c>pro</c></pos><stem>it</stem></mw><gra type="gra" index="5" head="4" relation="OBJ"/></mor></w>
    <t type="p"><mor type="mor"><mt type="p"/><gra type="gra" index="6" head="4" relation="PUNCT"/></mor></t>

    <a type="extension" flavor="pho">ju kɑnt ɡıt ıt</a>
  </u>
  <u who="CHI" uID="u42">
    <w>shops<mor type="mor"><mw><pos><c>v</c></pos><stem>shop</stem><mk type="sfx">3S</mk></mw><gra type="gra" index="1" head="3" relation="SUBJ"/></mor></w>
    <w>is<mor type="mor"><mw><pos><c>aux</c></pos><stem>be</stem><mk type="sfxf">3S</mk></mw><gra type="gra" index="2" head="3" relation="AUX"/></mor></w>
    <w>closed<mor type="mor"><mw><pos><c>part</c></pos><stem>close</stem><mk type="sfx">PASTP</mk></mw><gra type="gra" index="3" head="0" relation="ROOT"/></mor></w>
    <w>on<mor type="mor"><mw><pos><c>prep</c></pos><stem>on</stem></mw><gra type="gra" index="4" head="3" relation="JCT"/></mor></w>
    <w>Sunday<mor type="mor"><mw><pos><c>n</c><s>prop</s></pos><stem>Sunday</stem></mw><gra type="gra" index="5" head="6" relation="SUBJ"/></mor></w>
    <w>today<mor type="mor"><mw><pos><c>adv</c><s>tem</s></pos><stem>today</stem></mw><gra type="gra" index="6" head="4" relation="POBJ"/></mor></w>
    <t type="p"><mor type="mor"><mt type="p"/><gra type="gra" index="7" head="3" relation="PUNCT"/></mor></t>

    <a type="extension" flavor="pho">ʃɒps ız [*] kləʊzd ɒn sʌndeı tədeı</a>
    <a type="errcoding">is = are;</a>
    <a type="explanation">means to say 'the shops are closed because it's Sunday today';</a>
  </u>
  <u who="CHI" uID="u43">
    <w>you<mor type="mor"><mw><pos><c>pro</c></pos><stem>you</stem></mw><gra type="gra" index="1" head="2" relation="SUBJ"/></mor></w>
    <w>play<mor type="mor"><mw><pos><c>v</c></pos><stem>play</stem></mw><gra type="gra" index="2" head="0" relation="ROOT"/></mor></w>
    <w>Lego<mor type="mor"><mw><pos><c>n</c><s>prop</s></pos><stem>Lego</stem></mw><gra type="gra" index="3" head="2" relation="OBJ"/></mor></w>
    <g><w>please<mor type="mor"><mw><pos><c>co</c></pos><stem>please</stem></mw><gra type="gra" index="4" head="2" relation="COM"/></mor></w><ga type="explanation">will you play Lego please ?</ga></g>
    <t type="p"><mor type="mor"><mt type="p"/><gra type="gra" index="5" head="2" relation="PUNCT"/></mor></t>

    <a type="extension" flavor="pho">ju pleı lɛɡəʊ pli:z</a>
  </u>
  <u who="CHI" uID="u44">
    <w>I<mor type="mor"><mw><pos><c>pro</c><s>sub</s></pos><stem>I</stem></mw><gra type="gra" index="1" head="2" relation="SUBJ"/></mor></w>
    <w>say<mor type="mor"><mw><pos><c>v</c></pos><stem>say</stem></mw><gra type="gra" index="2" head="0" relation="ROOT"/></mor></w>
    <w>scream<mor type="mor"><mw><pos><c>n</c></pos><stem>scream</stem></mw><gra type="gra" index="3" head="2" relation="OBJ"/></mor></w>
    <t type="p"><mor type="mor"><mt type="p"/><gra type="gra" index="4" head="2" relation="PUNCT"/></mor></t>

    <a type="extension" flavor="pho">aı seı ski:m [*]</a>
    <a type="errcoding">third element of cluster deleted;</a>
  </u>
  <u who="CHI" uID="u45">
    <w>that's<mor type="mor"><mw><pos><c>pro</c><s>dem</s></pos><stem>that</stem></mw><gra type="gra" index="1" head="2" relation="SUBJ"/><mor-post><mw><pos><c>cop</c></pos><stem>be</stem><mk type="sfxf">3S</mk></mw><gra type="gra" index="2" head="0" relation="ROOT"/></mor-post></mor></w>
    <w>a<mor type="mor"><mw><pos><c>art</c></pos><stem>a</stem></mw><gra type="gra" index="3" head="5" relation="MOD"/></mor></w>
    <w>bunny<mor type="mor"><mw><pos><c>n</c></pos><stem>bunny</stem></mw><gra type="gra" index="4" head="5" relation="MOD"/></mor></w>
    <w>rabbit<mor type="mor"><mw><pos><c>n</c></pos><stem>rabbit</stem></mw><gra type="gra" index="5" head="2" relation="PRED"/></mor></w>
    <t type="p"><mor type="mor"><mt type="p"/><gra type="gra" index="6" head="2" relation="PUNCT"/></mor></t>

    <a type="extension" flavor="pho">ðæts ə bʌni ræbıt</a>
  </u>
  <u who="CHI" uID="u46">
    <w>there's<mor type="mor"><mw><pos><c>pro</c><s>exist</s></pos><stem>there</stem></mw><gra type="gra" index="1" head="2" relation="SUBJ"/><mor-post><mw><pos><c>aux</c></pos><stem>be</stem><mk type="sfxf">3S</mk></mw><gra type="gra" index="2" head="0" relation="ROOT"/></mor-post></mor></w>
    <g><w>it<mor type="mor"><mw><pos><c>pro</c></pos><stem>it</stem></mw><gra type="gra" index="3" head="2" relation="OBJ"/></mor></w><ga type="explanation">there it is</ga></g>
    <t type="p"><mor type="mor"><mt type="p"/><gra type="gra" index="4" head="2" relation="PUNCT"/></mor></t>

    <a type="extension" flavor="pho">ðɛəz ıt</a>
  </u>
  <u who="CHI" uID="u47">
    <w>this<mor type="mor"><mw><pos><c>det</c></pos><stem>this</stem></mw><gra type="gra" index="1" head="2" relation="DET"/></mor></w>
    <w>one<mor type="mor"><mw><pos><c>pro</c><s>indef</s></pos><stem>one</stem></mw><gra type="gra" index="2" head="5" relation="SUBJ"/></mor></w>
    <w>can't<mor type="mor"><mw><pos><c>mod</c></pos><stem>can</stem></mw><gra type="gra" index="3" head="5" relation="AUX"/><mor-post><mw><pos><c>neg</c></pos><stem>not</stem></mw><gra type="gra" index="4" head="3" relation="NEG"/></mor-post></mor></w>
    <w>fit<mor type="mor"><mw><pos><c>v</c></pos><stem>fit</stem><mk type="sfxf">ZERO</mk></mw><gra type="gra" index="5" head="0" relation="ROOT"/></mor></w>
    <w>on<mor type="mor"><mw><pos><c>adv</c></pos><stem>on</stem></mw><gra type="gra" index="6" head="5" relation="JCT"/></mor></w>
    <w>now<mor type="mor"><mw><pos><c>adv</c></pos><stem>now</stem></mw><gra type="gra" index="7" head="5" relation="JCT"/></mor></w>
    <t type="p"><mor type="mor"><mt type="p"/><gra type="gra" index="8" head="5" relation="PUNCT"/></mor></t>

    <a type="extension" flavor="pho">ðıs wʌn kɑ:nt fıt ɒn naʊ</a>
  </u>
  <u who="CHI" uID="u48">
    <w>that's<mor type="mor"><mw><pos><c>pro</c><s>dem</s></pos><stem>that</stem></mw><gra type="gra" index="1" head="2" relation="SUBJ"/><mor-post><mw><pos><c>cop</c></pos><stem>be</stem><mk type="sfxf">3S</mk></mw><gra type="gra" index="2" head="0" relation="ROOT"/></mor-post></mor></w>
    <w><shortening>the</shortening><mor type="mor"><mw><pos><c>art</c></pos><stem>the</stem></mw><gra type="gra" index="3" head="5" relation="MOD"/></mor></w>
    <w>right<mor type="mor"><mw><pos><c>adj</c></pos><stem>right</stem></mw><gra type="gra" index="4" head="5" relation="MOD"/></mor></w>
    <w>one<mor type="mor"><mw><pos><c>pro</c><s>indef</s></pos><stem>one</stem></mw><gra type="gra" index="5" head="2" relation="PRED"/></mor></w>
    <w>for<mor type="mor"><mw><pos><c>prep</c></pos><stem>for</stem></mw><gra type="gra" index="6" head="5" relation="JCT"/></mor></w>
    <w>here<mor type="mor"><mw><pos><c>adv</c></pos><stem>here</stem></mw><gra type="gra" index="7" head="6" relation="POBJ"/></mor></w>
    <t type="p"><mor type="mor"><mt type="p"/><gra type="gra" index="8" head="2" relation="PUNCT"/></mor></t>

    <a type="extension" flavor="pho">ðæts raıt wʌn fɔ hıə</a>
  </u>
  <u who="CHI" uID="u49">
    <w>that<mor type="mor"><mw><pos><c>rel</c></pos><stem>that</stem></mw><gra type="gra" index="1" head="2" relation="LINK"/></mor></w>
    <w>fits<mor type="mor"><mw><pos><c>v</c></pos><stem>fit</stem><mk type="sfx">3S</mk></mw><gra type="gra" index="2" head="0" relation="ROOT"/></mor></w>
    <w>on<mor type="mor"><mw><pos><c>adv</c></pos><stem>on</stem></mw><gra type="gra" index="3" head="2" relation="JCT"/></mor></w>
    <w>to<mor type="mor"><mw><pos><c>prep</c></pos><stem>to</stem></mw><gra type="gra" index="4" head="2" relation="JCT"/></mor></w>
    <w>there<mor type="mor"><mw><pos><c>adv</c></pos><stem>there</stem></mw><gra type="gra" index="5" head="4" relation="POBJ"/></mor></w>
    <t type="p"><mor type="mor"><mt type="p"/><gra type="gra" index="6" head="2" relation="PUNCT"/></mor></t>

    <a type="extension" flavor="pho">ðæt fıts ɒn tu ðɛə</a>
  </u>
  <u who="CHI" uID="u50">
    <w>that's<mor type="mor"><mw><pos><c>pro</c><s>dem</s></pos><stem>that</stem></mw><gra type="gra" index="1" head="2" relation="SUBJ"/><mor-post><mw><pos><c>cop</c></pos><stem>be</stem><mk type="sfxf">3S</mk></mw><gra type="gra" index="2" head="0" relation="ROOT"/></mor-post></mor></w>
    <w>not<mor type="mor"><mw><pos><c>neg</c></pos><stem>not</stem></mw><gra type="gra" index="3" head="2" relation="NEG"/></mor></w>
    <w>right<mor type="mor"><mw><pos><c>n</c></pos><stem>right</stem></mw><gra type="gra" index="4" head="2" relation="PRED"/></mor></w>
    <t type="p"><mor type="mor"><mt type="p"/><gra type="gra" index="5" head="2" relation="PUNCT"/></mor></t>

    <a type="extension" flavor="pho">ðæts nɒt raıt</a>
  </u>
  <u who="CHI" uID="u51">
    <w>that's<mor type="mor"><mw><pos><c>pro</c><s>dem</s></pos><stem>that</stem></mw><gra type="gra" index="1" head="2" relation="SUBJ"/><mor-post><mw><pos><c>cop</c></pos><stem>be</stem><mk type="sfxf">3S</mk></mw><gra type="gra" index="2" head="0" relation="ROOT"/></mor-post></mor></w>
    <w>for<mor type="mor"><mw><pos><c>prep</c></pos><stem>for</stem></mw><gra type="gra" index="3" head="2" relation="JCT"/></mor></w>
    <w>that<mor type="mor"><mw><pos><c>det</c></pos><stem>that</stem></mw><gra type="gra" index="4" head="6" relation="DET"/></mor></w>
    <w>bunny<mor type="mor"><mw><pos><c>n</c></pos><stem>bunny</stem></mw><gra type="gra" index="5" head="6" relation="MOD"/></mor></w>
    <w>part<mor type="mor"><mw><pos><c>n</c></pos><stem>part</stem></mw><gra type="gra" index="6" head="3" relation="POBJ"/></mor></w>
    <t type="p"><mor type="mor"><mt type="p"/><gra type="gra" index="7" head="2" relation="PUNCT"/></mor></t>

    <a type="extension" flavor="pho">ðæts fɔ ðæ bʊni pɑ:t</a>
    <a type="explanation">referring to piece of jig-saw</a>
  </u>
  <u who="CHI" uID="u52">
    <w>with<mor type="mor"><mw><pos><c>prep</c></pos><stem>with</stem></mw><gra type="gra" index="1" head="0" relation="INCROOT"/></mor></w>
    <w>this<mor type="mor"><mw><pos><c>det</c></pos><stem>this</stem></mw><gra type="gra" index="2" head="3" relation="DET"/></mor></w>
    <w>try<mor type="mor"><mw><pos><c>v</c></pos><stem>try</stem></mw><gra type="gra" index="3" head="1" relation="POBJ"/></mor></w>
    <g><w>it<mor type="mor"><mw><pos><c>pro</c></pos><stem>it</stem></mw><gra type="gra" index="4" head="3" relation="OBJ"/></mor></w><ga type="explanation">try it with this</ga></g>
    <t type="p"><mor type="mor"><mt type="p"/><gra type="gra" index="5" head="1" relation="PUNCT"/></mor></t>

    <a type="extension" flavor="pho">wıð ðıs traı ıt</a>
    <a type="comments">phrases reversed</a>
  </u>
  <u who="CHI" uID="u53">
    <w>I<mor type="mor"><mw><pos><c>pro</c><s>sub</s></pos><stem>I</stem></mw><gra type="gra" index="1" head="3" relation="SUBJ"/></mor></w>
    <w>nearly<mor type="mor"><mw><pos><c>adv</c></pos><stem>near</stem><mk type="sfxf">dadj</mk><mk type="sfx">LY</mk></mw><gra type="gra" index="2" head="3" relation="JCT"/></mor></w>
    <w>done<mor type="mor"><mw><pos><c>part</c></pos><stem>do</stem><mk type="sfxf">PASTP</mk></mw><gra type="gra" index="3" head="0" relation="ROOT"/></mor></w>
    <w>mine<mor type="mor"><mw><pos><c>pro</c><s>poss</s></pos><stem>mine</stem></mw><gra type="gra" index="4" head="3" relation="OBJ"/></mor></w>
    <t type="p"><mor type="mor"><mt type="p"/><gra type="gra" index="5" head="3" relation="PUNCT"/></mor></t>

    <a type="extension" flavor="pho">aı [*] nıəli dʌn maın</a>
    <a type="errcoding">I = I've;</a>
  </u>
  <u who="CHI" uID="u54">
    <w>can<mor type="mor"><mw><pos><c>mod</c></pos><stem>can</stem></mw><gra type="gra" index="1" head="3" relation="AUX"/></mor></w>
    <w>I<mor type="mor"><mw><pos><c>pro</c><s>sub</s></pos><stem>I</stem></mw><gra type="gra" index="2" head="3" relation="SUBJ"/></mor></w>
    <w>put<mor type="mor"><mw><pos><c>v</c></pos><stem>put</stem><mk type="sfxf">ZERO</mk></mw><gra type="gra" index="3" head="0" relation="ROOT"/></mor></w>
    <w>this<mor type="mor"><mw><pos><c>pro</c><s>dem</s></pos><stem>this</stem></mw><gra type="gra" index="4" head="3" relation="OBJ"/></mor></w>
    <w>in<mor type="mor"><mw><pos><c>adv</c></pos><stem>in</stem></mw><gra type="gra" index="5" head="3" relation="JCT"/></mor></w>
    <t type="q"><mor type="mor"><mt type="q"/><gra type="gra" index="6" head="3" relation="PUNCT"/></mor></t>

    <a type="extension" flavor="pho">kən aı pʊt ðıs ın</a>
  </u>
  <u who="CHI" uID="u55">
    <w>that<shortening>'s</shortening><mor type="mor"><mw><pos><c>pro</c><s>dem</s></pos><stem>that</stem></mw><gra type="gra" index="1" head="2" relation="SUBJ"/><mor-post><mw><pos><c>cop</c></pos><stem>be</stem><mk type="sfxf">3S</mk></mw><gra type="gra" index="2" head="0" relation="ROOT"/></mor-post></mor></w>
    <w>a<mor type="mor"><mw><pos><c>art</c></pos><stem>a</stem></mw><gra type="gra" index="3" head="4" relation="MOD"/></mor></w>
    <w>wheel<mor type="mor"><mw><pos><c>n</c></pos><stem>wheel</stem></mw><gra type="gra" index="4" head="2" relation="PRED"/></mor></w>
    <t type="p"><mor type="mor"><mt type="p"/><gra type="gra" index="5" head="2" relation="PUNCT"/></mor></t>

    <a type="extension" flavor="pho">ðæt ə wi:l</a>
  </u>
  <u who="CHI" uID="u56">
    <w>you<mor type="mor"><mw><pos><c>pro</c></pos><stem>you</stem></mw><gra type="gra" index="1" head="2" relation="SUBJ"/></mor></w>
    <w>go<mor type="mor"><mw><pos><c>v</c></pos><stem>go</stem></mw><gra type="gra" index="2" head="0" relation="ROOT"/></mor></w>
    <w>that<mor type="mor"><mw><pos><c>pro</c><s>dem</s></pos><stem>that</stem></mw><gra type="gra" index="3" head="4" relation="MOD"/></mor></w>
    <w>side<mor type="mor"><mw><pos><c>n</c></pos><stem>side</stem></mw><gra type="gra" index="4" head="2" relation="OBJ"/></mor></w>
    <t type="p"><mor type="mor"><mt type="p"/><gra type="gra" index="5" head="2" relation="PUNCT"/></mor></t>

    <a type="extension" flavor="pho">jɔ ɡəʊ ðæt saıd</a>
    <a type="comments">affirmation , not command</a>
  </u>
  <u who="CHI" uID="u57">
    <w>you're<mor type="mor"><mw><pos><c>pro</c></pos><stem>you</stem></mw><gra type="gra" index="1" head="4" relation="SUBJ"/><mor-post><mw><pos><c>aux</c></pos><stem>be</stem><mk type="sfxf">PRES</mk></mw><gra type="gra" index="2" head="4" relation="AUX"/></mor-post></mor></w>
    <w>not<mor type="mor"><mw><pos><c>neg</c></pos><stem>not</stem></mw><gra type="gra" index="3" head="2" relation="NEG"/></mor></w>
    <w>cross<mor type="mor"><mw><pos><c>n</c></pos><stem>cross</stem></mw><gra type="gra" index="4" head="0" relation="INCROOT"/></mor></w>
    <w>with<mor type="mor"><mw><pos><c>prep</c></pos><stem>with</stem></mw><gra type="gra" index="5" head="4" relation="JCT"/></mor></w>
    <w>me<mor type="mor"><mw><pos><c>pro</c><s>obj</s></pos><stem>me</stem></mw><gra type="gra" index="6" head="5" relation="POBJ"/></mor></w>
    <t type="q"><mor type="mor"><mt type="q"/><gra type="gra" index="7" head="4" relation="PUNCT"/></mor></t>

    <a type="extension" flavor="pho">jɔ nɒt krɒs wıð mi</a>
  </u>
  <u who="CHI" uID="u58">
    <w>it's<mor type="mor"><mw><pos><c>pro</c></pos><stem>it</stem></mw><gra type="gra" index="1" head="2" relation="SUBJ"/><mor-post><mw><pos><c>cop</c></pos><stem>be</stem><mk type="sfxf">3S</mk></mw><gra type="gra" index="2" head="0" relation="ROOT"/></mor-post></mor></w>
    <w>on<mor type="mor"><mw><pos><c>adv</c></pos><stem>on</stem></mw><gra type="gra" index="3" head="2" relation="JCT"/></mor></w>
    <w>the<mor type="mor"><mw><pos><c>art</c></pos><stem>the</stem></mw><gra type="gra" index="4" head="5" relation="MOD"/></mor></w>
    <w>floor<mor type="mor"><mw><pos><c>n</c></pos><stem>floor</stem></mw><gra type="gra" index="5" head="2" relation="PRED"/></mor></w>
    <t type="p"><mor type="mor"><mt type="p"/><gra type="gra" index="6" head="2" relation="PUNCT"/></mor></t>

    <a type="extension" flavor="pho">ıts ɒn ə flɔ</a>
  </u>
  <u who="CHI" uID="u59">
    <w>it's<mor type="mor"><mw><pos><c>pro</c></pos><stem>it</stem></mw><gra type="gra" index="1" head="2" relation="SUBJ"/><mor-post><mw><pos><c>cop</c></pos><stem>be</stem><mk type="sfxf">3S</mk></mw><gra type="gra" index="2" head="0" relation="ROOT"/></mor-post></mor></w>
    <w>on<mor type="mor"><mw><pos><c>adv</c></pos><stem>on</stem></mw><gra type="gra" index="3" head="2" relation="JCT"/></mor></w>
    <w>the<mor type="mor"><mw><pos><c>art</c></pos><stem>the</stem></mw><gra type="gra" index="4" head="2" relation="PRED"/></mor></w>
    <w>floor<mor type="mor"><mw><pos><c>n</c></pos><stem>floor</stem></mw><gra type="gra" index="5" head="4" relation="XMOD"/></mor></w>
    <w>Jane<mor type="mor"><mw><pos><c>n</c><s>prop</s></pos><stem>Jane</stem></mw><gra type="gra" index="6" head="5" relation="APP"/></mor></w>
    <t type="p"><mor type="mor"><mt type="p"/><gra type="gra" index="7" head="2" relation="PUNCT"/></mor></t>

    <a type="extension" flavor="pho">ıts ɒn ə flɔ dʒeın</a>
  </u>
  <u who="CHI" uID="u60">
    <w>s<shortening>hall</shortening><mor type="mor"><mw><pos><c>mod</c></pos><stem>shall</stem></mw><gra type="gra" index="1" head="3" relation="AUX"/></mor></w>
    <w>we<mor type="mor"><mw><pos><c>pro</c><s>sub</s></pos><stem>we</stem></mw><gra type="gra" index="2" head="3" relation="SUBJ"/></mor></w>
    <w>do<mor type="mor"><mw><pos><c>v</c></pos><stem>do</stem></mw><gra type="gra" index="3" head="0" relation="ROOT"/></mor></w>
    <w>another<mor type="mor"><mw><pos><c>qn</c></pos><stem>another</stem></mw><gra type="gra" index="4" head="5" relation="QUANT"/></mor></w>
    <w>jig<wk type="cmp"/>saw<mor type="mor"><mwc><pos><c>n</c></pos><mw><pos><c>n</c></pos><stem>jig</stem></mw><mw><pos><c>n</c></pos><stem>saw</stem></mw></mwc><gra type="gra" index="5" head="3" relation="OBJ"/></mor></w>
    <t type="q"><mor type="mor"><mt type="q"/><gra type="gra" index="6" head="3" relation="PUNCT"/></mor></t>

    <a type="extension" flavor="pho">swi du ənʌðə dʒıɡsɔ:</a>
  </u>
  <u who="CHI" uID="u61">
    <w><shortening>you</shortening><mor type="mor"><mw><pos><c>pro</c></pos><stem>you</stem></mw><gra type="gra" index="1" head="3" relation="SUBJ"/></mor></w>
    <w>can<mor type="mor"><mw><pos><c>mod</c></pos><stem>can</stem></mw><gra type="gra" index="2" head="3" relation="AUX"/></mor></w>
    <w>have<mor type="mor"><mw><pos><c>v</c></pos><stem>have</stem></mw><gra type="gra" index="3" head="0" relation="ROOT"/></mor></w>
    <w>this<mor type="mor"><mw><pos><c>det</c></pos><stem>this</stem></mw><gra type="gra" index="4" head="5" relation="DET"/></mor></w>
    <w>now<mor type="mor"><mw><pos><c>adv</c></pos><stem>now</stem></mw><gra type="gra" index="5" head="3" relation="JCT"/></mor></w>
    <t type="p"><mor type="mor"><mt type="p"/><gra type="gra" index="6" head="3" relation="PUNCT"/></mor></t>

    <a type="extension" flavor="pho">[*] kæn æv ðıs naʊ</a>
    <a type="errcoding">'you' omitted;</a>
  </u>
  <u who="CHI" uID="u62">
    <w>what<mor type="mor"><mw><pos><c>pro</c><s>wh</s></pos><stem>what</stem></mw><gra type="gra" index="1" head="3" relation="LINK"/></mor></w>
    <w>we<mor type="mor"><mw><pos><c>pro</c><s>sub</s></pos><stem>we</stem></mw><gra type="gra" index="2" head="3" relation="SUBJ"/></mor></w>
    <w>finding<mor type="mor"><mw><pos><c>part</c></pos><stem>find</stem><mk type="sfx">PRESP</mk></mw><gra type="gra" index="3" head="0" relation="ROOT"/></mor></w>
    <w>here<mor type="mor"><mw><pos><c>adv</c></pos><stem>here</stem></mw><gra type="gra" index="4" head="3" relation="JCT"/></mor></w>
    <t type="q"><mor type="mor"><mt type="q"/><gra type="gra" index="5" head="3" relation="PUNCT"/></mor></t>

    <a type="extension" flavor="pho">wɒt [*] wi faındıŋ hıə</a>
    <a type="errcoding">'are' is omitted;</a>
  </u>
  <u who="CHI" uID="u63">
    <w>it's<mor type="mor"><mw><pos><c>pro</c></pos><stem>it</stem></mw><gra type="gra" index="1" head="2" relation="SUBJ"/><mor-post><mw><pos><c>cop</c></pos><stem>be</stem><mk type="sfxf">3S</mk></mw><gra type="gra" index="2" head="0" relation="ROOT"/></mor-post></mor></w>
    <w>now<mor type="mor"><mw><pos><c>adv</c></pos><stem>now</stem></mw><gra type="gra" index="3" head="2" relation="JCT"/></mor></w>
    <w>it's<mor type="mor"><mw><pos><c>pro</c></pos><stem>it</stem></mw><gra type="gra" index="4" head="5" relation="SUBJ"/><mor-post><mw><pos><c>cop</c></pos><stem>be</stem><mk type="sfxf">3S</mk></mw><gra type="gra" index="5" head="2" relation="PRED"/></mor-post></mor></w>
    <g><w>ready<mor type="mor"><mw><pos><c>adj</c></pos><stem>ready</stem></mw><gra type="gra" index="6" head="5" relation="PRED"/></mor></w><ga type="explanation">it's ready now</ga></g>
    <t type="p"><mor type="mor"><mt type="p"/><gra type="gra" index="7" head="2" relation="PUNCT"/></mor></t>

    <a type="extension" flavor="pho">ıts naʊ ıts [*] rɛdi</a>
    <a type="errcoding">repetition of 'it's';</a>
  </u>
  <u who="CHI" uID="u64">
    <w>I<mor type="mor"><mw><pos><c>pro</c><s>sub</s></pos><stem>I</stem></mw><gra type="gra" index="1" head="2" relation="SUBJ"/></mor></w>
    <w>sitting<mor type="mor"><mw><pos><c>part</c></pos><stem>sit</stem><mk type="sfx">PRESP</mk></mw><gra type="gra" index="2" head="0" relation="ROOT"/></mor></w>
    <w>nearer<mor type="mor"><mw><pos><c>prep</c></pos><stem>nearer</stem></mw><gra type="gra" index="3" head="2" relation="JCT"/></mor></w>
    <w>Mummy<mor type="mor"><mw><pos><c>n</c><s>prop</s></pos><stem>Mummy</stem></mw><gra type="gra" index="4" head="3" relation="POBJ"/></mor></w>
    <t type="p"><mor type="mor"><mt type="p"/><gra type="gra" index="5" head="2" relation="PUNCT"/></mor></t>

    <a type="extension" flavor="pho">aı [*] sıtıŋ nıərə mʌmi</a>
    <a type="errcoding">I = I'm;</a>
  </u>
  <comment type="Date">02-APR-1970</comment>
  <u who="CHI" uID="u65">
    <w>that<mor type="mor"><mw><pos><c>det</c></pos><stem>that</stem></mw><gra type="gra" index="1" head="2" relation="DET"/></mor></w>
    <w>one's<mor type="mor"><mw><pos><c>pro</c><s>indef</s></pos><stem>one</stem></mw><gra type="gra" index="2" head="3" relation="SUBJ"/><mor-post><mw><pos><c>cop</c></pos><stem>be</stem><mk type="sfxf">3S</mk></mw><gra type="gra" index="3" head="0" relation="ROOT"/></mor-post></mor></w>
    <w>tasty<mor type="mor"><mw><pos><c>adj</c></pos><stem>taste</stem><mk type="sfxf">dn</mk><mk type="sfx">Y</mk></mw><gra type="gra" index="4" head="3" relation="PRED"/></mor></w>
    <t type="p"><mor type="mor"><mt type="p"/><gra type="gra" index="5" head="3" relation="PUNCT"/></mor></t>

    <a type="extension" flavor="pho">ðæt wʌnz teısti</a>
    <a type="explanation">means to say 'not very nice'</a>
  </u>
  <u who="CHI" uID="u66">
    <w>choke<mor type="mor"><mw><pos><c>v</c></pos><stem>choke</stem></mw><gra type="gra" index="1" head="0" relation="ROOT"/></mor></w>
    <w>me<mor type="mor"><mw><pos><c>pro</c><s>obj</s></pos><stem>me</stem></mw><gra type="gra" index="2" head="1" relation="OBJ"/></mor></w>
    <w>Mummy<mor type="mor"><mw><pos><c>n</c><s>prop</s></pos><stem>Mummy</stem></mw><gra type="gra" index="3" head="1" relation="OBJ"/></mor></w>
    <t type="p"><mor type="mor"><mt type="p"/><gra type="gra" index="4" head="1" relation="PUNCT"/></mor></t>

    <a type="extension" flavor="pho">tʃəʊk mi mʌmi</a>
    <a type="explanation">means to say 'pat me on the back because I'm choking'</a>
  </u>
  <u who="CHI" uID="u67">
    <w>take<mor type="mor"><mw><pos><c>v</c></pos><stem>take</stem></mw><gra type="gra" index="1" head="0" relation="ROOT"/></mor></w>
    <w>the<mor type="mor"><mw><pos><c>art</c></pos><stem>the</stem></mw><gra type="gra" index="2" head="1" relation="OBJ"/></mor></w>
    <w>tasty<mor type="mor"><mw><pos><c>adj</c></pos><stem>taste</stem><mk type="sfxf">dn</mk><mk type="sfx">Y</mk></mw><gra type="gra" index="3" head="2" relation="XMOD"/></mor></w>
    <w>out<mor type="mor"><mw><pos><c>adv</c></pos><stem>out</stem></mw><gra type="gra" index="4" head="3" relation="JCT"/></mor></w>
    <t type="p"><mor type="mor"><mt type="p"/><gra type="gra" index="5" head="1" relation="PUNCT"/></mor></t>

    <a type="extension" flavor="pho">teık ðə teısti aʊt</a>
    <a type="explanation">means to say 'take out the piece which tastes nasty'</a>
  </u>
  <u who="CHI" uID="u68">
    <w>it's<mor type="mor"><mw><pos><c>pro</c></pos><stem>it</stem></mw><gra type="gra" index="1" head="2" relation="SUBJ"/><mor-post><mw><pos><c>cop</c></pos><stem>be</stem><mk type="sfxf">3S</mk></mw><gra type="gra" index="2" head="0" relation="ROOT"/></mor-post></mor></w>
    <w>back<mor type="mor"><mw><pos><c>adv</c></pos><stem>back</stem></mw><gra type="gra" index="3" head="2" relation="JCT"/></mor></w>
    <w>forwards<mor type="mor"><mw><pos><c>adv</c></pos><stem>forwards</stem></mw><gra type="gra" index="4" head="2" relation="JCT"/></mor></w>
    <t type="p"><mor type="mor"><mt type="p"/><gra type="gra" index="5" head="2" relation="PUNCT"/></mor></t>

    <a type="extension" flavor="pho">ıts bæk fɔ:wədz</a>
    <a type="explanation">means to say 'back to front'</a>
  </u>
  <u who="CHI" uID="u69">
    <w>it's<mor type="mor"><mw><pos><c>pro</c></pos><stem>it</stem></mw><gra type="gra" index="1" head="2" relation="SUBJ"/><mor-post><mw><pos><c>cop</c></pos><stem>be</stem><mk type="sfxf">3S</mk></mw><gra type="gra" index="2" head="0" relation="ROOT"/></mor-post></mor></w>
    <w>not<mor type="mor"><mw><pos><c>neg</c></pos><stem>not</stem></mw><gra type="gra" index="3" head="2" relation="NEG"/></mor></w>
    <w>too<mor type="mor"><mw><pos><c>adv</c></pos><stem>too</stem></mw><gra type="gra" index="4" head="5" relation="JCT"/></mor></w>
    <w>noisy<mor type="mor"><mw><pos><c>adj</c></pos><stem>noise</stem><mk type="sfxf">dn</mk><mk type="sfx">Y</mk></mw><gra type="gra" index="5" head="2" relation="PRED"/></mor></w>
    <t type="p"><mor type="mor"><mt type="p"/><gra type="gra" index="6" head="2" relation="PUNCT"/></mor></t>

    <a type="extension" flavor="pho">ıts nɒt tu nɔısi</a>
    <a type="comments">FR on "noisy"</a>
  </u>
  <u who="CHI" uID="u70">
    <w>this<mor type="mor"><mw><pos><c>pro</c><s>dem</s></pos><stem>this</stem></mw><gra type="gra" index="1" head="2" relation="SUBJ"/></mor></w>
    <w>is<mor type="mor"><mw><pos><c>cop</c></pos><stem>be</stem><mk type="sfxf">3S</mk></mw><gra type="gra" index="2" head="0" relation="ROOT"/></mor></w>
    <w>a<mor type="mor"><mw><pos><c>art</c></pos><stem>a</stem></mw><gra type="gra" index="3" head="4" relation="MOD"/></mor></w>
    <w>baby<mor type="mor"><mw><pos><c>n</c></pos><stem>baby</stem></mw><gra type="gra" index="4" head="2" relation="PRED"/></mor></w>
    <t type="p"><mor type="mor"><mt type="p"/><gra type="gra" index="5" head="2" relation="PUNCT"/></mor></t>

    <a type="extension" flavor="pho">ðıs ız ə beıbi</a>
  </u>
  <u who="CHI" uID="u71">
    <w>I<mor type="mor"><mw><pos><c>pro</c><s>sub</s></pos><stem>I</stem></mw><gra type="gra" index="1" head="3" relation="SUBJ"/></mor></w>
    <w>will<mor type="mor"><mw><pos><c>mod</c></pos><stem>will</stem></mw><gra type="gra" index="2" head="3" relation="AUX"/></mor></w>
    <w>get<mor type="mor"><mw><pos><c>v</c></pos><stem>get</stem></mw><gra type="gra" index="3" head="0" relation="ROOT"/></mor></w>
    <w>a<mor type="mor"><mw><pos><c>art</c></pos><stem>a</stem></mw><gra type="gra" index="4" head="5" relation="MOD"/></mor></w>
    <w>penny<mor type="mor"><mw><pos><c>n</c></pos><stem>penny</stem></mw><gra type="gra" index="5" head="3" relation="OBJ"/></mor></w>
    <t type="p"><mor type="mor"><mt type="p"/><gra type="gra" index="6" head="3" relation="PUNCT"/></mor></t>

    <a type="extension" flavor="pho">a wıʊ ɡɛt ə pɛni</a>
  </u>
  <u who="CHI" uID="u72">
    <w>Tuppence<mor type="mor"><mw><pos><c>n</c><s>prop</s></pos><stem>Tuppence</stem></mw><gra type="gra" index="1" head="2" relation="SUBJ"/></mor></w>
    <w>might<mor type="mor"><mw><pos><c>mod</c></pos><stem>might</stem></mw><gra type="gra" index="2" head="0" relation="ROOT"/></mor></w>
    <t type="p"><mor type="mor"><mt type="p"/><gra type="gra" index="3" head="2" relation="PUNCT"/></mor></t>

    <a type="extension" flavor="pho">tʌpəns maıt</a>
    <a type="explanation">referring to dog</a>
  </u>
  <u who="CHI" uID="u73">
    <w>can<mor type="mor"><mw><pos><c>mod</c></pos><stem>can</stem></mw><gra type="gra" index="1" head="3" relation="AUX"/></mor></w>
    <w>I<mor type="mor"><mw><pos><c>pro</c><s>sub</s></pos><stem>I</stem></mw><gra type="gra" index="2" head="3" relation="SUBJ"/></mor></w>
    <w>have<mor type="mor"><mw><pos><c>v</c></pos><stem>have</stem></mw><gra type="gra" index="3" head="0" relation="ROOT"/></mor></w>
    <w>one<mor type="mor"><mw><pos><c>det</c><s>num</s></pos><stem>one</stem></mw><gra type="gra" index="4" head="5" relation="QUANT"/></mor></w>
    <w>lid<mor type="mor"><mw><pos><c>n</c></pos><stem>lid</stem></mw><gra type="gra" index="5" head="3" relation="OBJ"/></mor></w>
    <t type="q"><mor type="mor"><mt type="q"/><gra type="gra" index="6" head="3" relation="PUNCT"/></mor></t>

    <a type="extension" flavor="pho">kæn a hæv wʌn lıd</a>
    <a type="comments">"one" used for "a"</a>
  </u>
  <comment type="Date">10-APR-1970</comment>
  <u who="CHI" uID="u74">
    <w>my<mor type="mor"><mw><pos><c>pro</c><s>poss</s><s>det</s></pos><stem>my</stem></mw><gra type="gra" index="1" head="3" relation="MOD"/></mor></w>
    <w>little<mor type="mor"><mw><pos><c>adj</c></pos><stem>little</stem></mw><gra type="gra" index="2" head="3" relation="MOD"/></mor></w>
    <w>sticker's<mor type="mor"><mw><pos><c>n</c></pos><stem>stick</stem><mk type="sfxf">dv</mk><mk type="sfx">AGT</mk></mw><gra type="gra" index="3" head="0" relation="INCROOT"/><mor-post><mw><pos><c>poss</c></pos><stem>s</stem></mw><gra type="gra" index="4" head="3" relation="POSS"/></mor-post></mor></w>
    <w>here<mor type="mor"><mw><pos><c>adv</c></pos><stem>here</stem></mw><gra type="gra" index="5" head="3" relation="JCT"/></mor></w>
    <t type="p"><mor type="mor"><mt type="p"/><gra type="gra" index="6" head="3" relation="PUNCT"/></mor></t>

    <a type="extension" flavor="pho">mɑ lıtʊ stıkəz hıə</a>
  </u>
  <u who="CHI" uID="u75">
    <w>Daddy<mor type="mor"><mw><pos><c>n</c><s>prop</s></pos><stem>Daddy</stem></mw><gra type="gra" index="1" head="3" relation="SUBJ"/></mor></w>
    <w>does<mor type="mor"><mw><pos><c>mod</c></pos><stem>do</stem><mk type="sfxf">3S</mk></mw><gra type="gra" index="2" head="3" relation="AUX"/></mor></w>
    <w>that<mor type="mor"><mw><pos><c>pro</c><s>dem</s></pos><stem>that</stem></mw><gra type="gra" index="3" head="0" relation="ROOT"/></mor></w>
    <w>too<mor type="mor"><mw><pos><c>post</c></pos><stem>too</stem></mw><gra type="gra" index="4" head="3" relation="PQ"/></mor></w>
    <t type="p"><mor type="mor"><mt type="p"/><gra type="gra" index="5" head="3" relation="PUNCT"/></mor></t>

    <a type="extension" flavor="pho">dædi dʊz ðæt tu</a>
  </u>
  <u who="CHI" uID="u76">
    <w>mine<mor type="mor"><mw><pos><c>n</c></pos><stem>mine</stem></mw><gra type="gra" index="1" head="2" relation="SUBJ"/></mor></w>
    <w>is<mor type="mor"><mw><pos><c>cop</c></pos><stem>be</stem><mk type="sfxf">3S</mk></mw><gra type="gra" index="2" head="0" relation="ROOT"/></mor></w>
    <w>orange<mor type="mor"><mw><pos><c>adj</c></pos><stem>orange</stem></mw><gra type="gra" index="3" head="2" relation="PRED"/></mor></w>
    <w>and<mor type="mor"><mw><pos><c>coord</c></pos><stem>and</stem></mw><gra type="gra" index="4" head="2" relation="CONJ"/></mor></w>
    <w>Jenny's<mor type="mor"><mw><pos><c>n</c><s>prop</s></pos><stem>Jenny</stem></mw><gra type="gra" index="5" head="7" relation="MOD"/><mor-post><mw><pos><c>poss</c></pos><stem>s</stem></mw><gra type="gra" index="6" head="5" relation="POSS"/></mor-post></mor></w>
    <w>red<mor type="mor"><mw><pos><c>n</c></pos><stem>red</stem></mw><gra type="gra" index="7" head="4" relation="COORD"/></mor></w>
    <t type="p"><mor type="mor"><mt type="p"/><gra type="gra" index="8" head="2" relation="PUNCT"/></mor></t>

    <a type="extension" flavor="pho">maın ız ɒrındʒ n̩ dʒɛnız rɛd</a>
  </u>
  <u who="CHI" uID="u77">
    <w>Mummy's<mor type="mor"><mw><pos><c>n</c><s>prop</s></pos><stem>Mummy</stem></mw><gra type="gra" index="1" head="3" relation="SUBJ"/><mor-post><mw><pos><c>aux</c></pos><stem>be</stem><mk type="sfxf">3S</mk></mw><gra type="gra" index="2" head="3" relation="AUX"/></mor-post></mor></w>
    <w>going<mor type="mor"><mw><pos><c>part</c></pos><stem>go</stem><mk type="sfx">PRESP</mk></mw><gra type="gra" index="3" head="0" relation="ROOT"/></mor></w>
    <w>out<mor type="mor"><mw><pos><c>adv</c></pos><stem>out</stem></mw><gra type="gra" index="4" head="3" relation="JCT"/></mor></w>
    <w>on<mor type="mor"><mw><pos><c>prep</c></pos><stem>on</stem></mw><gra type="gra" index="5" head="3" relation="JCT"/></mor></w>
    <w>Sunday<mor type="mor"><mw><pos><c>n</c><s>prop</s></pos><stem>Sunday</stem></mw><gra type="gra" index="6" head="5" relation="POBJ"/></mor></w>
    <t type="p"><mor type="mor"><mt type="p"/><gra type="gra" index="7" head="3" relation="PUNCT"/></mor></t>

    <a type="extension" flavor="pho">mʌmiz ɡəʊıŋ aʊt ɒn sʌndeı</a>
  </u>
  <u who="CHI" uID="u78">
    <w>there's<mor type="mor"><mw><pos><c>pro</c><s>exist</s></pos><stem>there</stem></mw><gra type="gra" index="1" head="2" relation="SUBJ"/><mor-post><mw><pos><c>cop</c></pos><stem>be</stem><mk type="sfxf">3S</mk></mw><gra type="gra" index="2" head="0" relation="ROOT"/></mor-post></mor></w>
    <w>a<mor type="mor"><mw><pos><c>art</c></pos><stem>a</stem></mw><gra type="gra" index="3" head="5" relation="MOD"/></mor></w>
    <w>skipping<mor type="mor"><mw><pos><c>part</c></pos><stem>skip</stem><mk type="sfx">PRESP</mk></mw><gra type="gra" index="4" head="5" relation="MOD"/></mor></w>
    <w>rope<mor type="mor"><mw><pos><c>n</c></pos><stem>rope</stem></mw><gra type="gra" index="5" head="2" relation="PRED"/></mor></w>
    <w>here<mor type="mor"><mw><pos><c>adv</c></pos><stem>here</stem></mw><gra type="gra" index="6" head="5" relation="JCT"/></mor></w>
    <w>and<mor type="mor"><mw><pos><c>coord</c></pos><stem>and</stem></mw><gra type="gra" index="7" head="5" relation="CONJ"/></mor></w>
    <w>a<mor type="mor"><mw><pos><c>art</c></pos><stem>a</stem></mw><gra type="gra" index="8" head="7" relation="COORD"/></mor></w>
    <w>skipping<mor type="mor"><mw><pos><c>part</c></pos><stem>skip</stem><mk type="sfx">PRESP</mk></mw><gra type="gra" index="9" head="10" relation="MOD"/></mor></w>
    <w>rope<mor type="mor"><mw><pos><c>n</c></pos><stem>rope</stem></mw><gra type="gra" index="10" head="8" relation="CMOD"/></mor></w>
    <w>there<mor type="mor"><mw><pos><c>adv</c></pos><stem>there</stem></mw><gra type="gra" index="11" head="10" relation="NJCT"/></mor></w>
    <t type="p"><mor type="mor"><mt type="p"/><gra type="gra" index="12" head="2" relation="PUNCT"/></mor></t>

    <a type="extension" flavor="pho">ðɛəz ə skıpıŋ rəʊp hıə n̩ ə skıpıŋ rəʊp ðɛə .</a>
  </u>
  <u who="CHI" uID="u79">
    <w>want<mor type="mor"><mw><pos><c>v</c></pos><stem>want</stem></mw><gra type="gra" index="1" head="0" relation="ROOT"/></mor></w>
    <w>to<mor type="mor"><mw><pos><c>inf</c></pos><stem>to</stem></mw><gra type="gra" index="2" head="3" relation="INF"/></mor></w>
    <w>go<mor type="mor"><mw><pos><c>v</c></pos><stem>go</stem></mw><gra type="gra" index="3" head="1" relation="XCOMP"/></mor></w>
    <w>in<mor type="mor"><mw><pos><c>prep</c></pos><stem>in</stem></mw><gra type="gra" index="4" head="3" relation="JCT"/></mor></w>
    <w>the<mor type="mor"><mw><pos><c>art</c></pos><stem>the</stem></mw><gra type="gra" index="5" head="7" relation="MOD"/></mor></w>
    <w>warm<mor type="mor"><mw><pos><c>adj</c></pos><stem>warm</stem></mw><gra type="gra" index="6" head="7" relation="MOD"/></mor></w>
    <w>seat<mor type="mor"><mw><pos><c>n</c></pos><stem>seat</stem></mw><gra type="gra" index="7" head="4" relation="POBJ"/></mor></w>
    <t type="p"><mor type="mor"><mt type="p"/><gra type="gra" index="8" head="1" relation="PUNCT"/></mor></t>

    <a type="extension" flavor="pho">wɒnt tə ɡəʊ ın ðə wɔ:m si:t</a>
    <a type="comments">unclear whether statement or question</a>
  </u>
  <u who="CHI" uID="u80">
    <w>you<mor type="mor"><mw><pos><c>pro</c></pos><stem>you</stem></mw><gra type="gra" index="1" head="2" relation="SUBJ"/></mor></w>
    <w>wash<mor type="mor"><mw><pos><c>v</c></pos><stem>wash</stem></mw><gra type="gra" index="2" head="0" relation="ROOT"/></mor></w>
    <w>your<mor type="mor"><mw><pos><c>pro</c><s>poss</s><s>det</s></pos><stem>your</stem></mw><gra type="gra" index="3" head="4" relation="MOD"/></mor></w>
    <w>stockings<mor type="mor"><mw><pos><c>n</c><s>gerund</s></pos><stem>stock</stem><mk type="sfx">PRESP</mk><mk type="sfx">PL</mk></mw><gra type="gra" index="4" head="2" relation="OBJ"/></mor></w>
    <w>tonight<mor type="mor"><mw><pos><c>adv</c><s>tem</s></pos><stem>tonight</stem></mw><gra type="gra" index="5" head="4" relation="OBJ"/></mor></w>
    <w>on<mor type="mor"><mw><pos><c>adv</c></pos><stem>on</stem></mw><gra type="gra" index="6" head="7" relation="JCT"/></mor></w>
    <w>Sunday<mor type="mor"><mw><pos><c>n</c><s>prop</s></pos><stem>Sunday</stem></mw><gra type="gra" index="7" head="5" relation="APP"/></mor></w>
    <t type="p"><mor type="mor"><mt type="p"/><gra type="gra" index="8" head="2" relation="PUNCT"/></mor></t>

    <a type="extension" flavor="pho">u [*] wɒʃ jɔ ʃtɒkıŋz [*] tənaıt ɒn sʌndeı</a>
    <a type="errcoding">voiced lateral approximant deleted in "you"; voiceless alveolar fricatve replaced by voiceless alveolar lateral fricative in "stockings";</a>
  </u>
  <u who="CHI" uID="u81">
    <w>this<mor type="mor"><mw><pos><c>det</c></pos><stem>this</stem></mw><gra type="gra" index="1" head="3" relation="DET"/></mor></w>
    <w>little<mor type="mor"><mw><pos><c>adj</c></pos><stem>little</stem></mw><gra type="gra" index="2" head="3" relation="MOD"/></mor></w>
    <w>house<mor type="mor"><mw><pos><c>n</c></pos><stem>house</stem></mw><gra type="gra" index="3" head="0" relation="INCROOT"/></mor></w>
    <t type="p"><mor type="mor"><mt type="p"/><gra type="gra" index="4" head="3" relation="PUNCT"/></mor></t>

    <a type="extension" flavor="pho">ðıs lıtʊ haʊs</a>
  </u>
  <u who="CHI" uID="u82">
    <w>undone<mor type="mor"><mw><mpfx>un</mpfx><pos><c>part</c></pos><stem>do</stem><mk type="sfxf">PASTP</mk></mw><gra type="gra" index="1" head="0" relation="INCROOT"/></mor></w>
    <w>me<mor type="mor"><mw><pos><c>pro</c><s>obj</s></pos><stem>me</stem></mw><gra type="gra" index="2" head="1" relation="OBJ"/></mor></w>
    <t type="p"><mor type="mor"><mt type="p"/><gra type="gra" index="3" head="1" relation="PUNCT"/></mor></t>

    <a type="extension" flavor="pho">ʌndʌn [*] mi</a>
    <a type="errcoding">undone = undo (unfasten);</a>
  </u>
  <u who="CHI" uID="u83">
    <w>you<mor type="mor"><mw><pos><c>pro</c></pos><stem>you</stem></mw><gra type="gra" index="1" head="2" relation="SUBJ"/></mor></w>
    <w>is<mor type="mor"><mw><pos><c>cop</c></pos><stem>be</stem><mk type="sfxf">3S</mk></mw><gra type="gra" index="2" head="0" relation="ROOT"/></mor></w>
    <w>silly<mor type="mor"><mw><pos><c>adj</c></pos><stem>silly</stem></mw><gra type="gra" index="3" head="2" relation="PRED"/></mor></w>
    <w>to<mor type="mor"><mw><pos><c>prep</c></pos><stem>to</stem></mw><gra type="gra" index="4" head="2" relation="JCT"/></mor></w>
    <w>call<mor type="mor"><mw><pos><c>n</c></pos><stem>call</stem></mw><gra type="gra" index="5" head="4" relation="POBJ"/></mor></w>
    <g><w>Jenny<mor type="mor"><mw><pos><c>n</c><s>prop</s></pos><stem>Jenny</stem></mw><gra type="gra" index="6" head="5" relation="APP"/></mor></w><ga type="explanation">you are silly to call me Jenny , since my name is Lucy</ga></g>
    <t type="p"><mor type="mor"><mt type="p"/><gra type="gra" index="7" head="2" relation="PUNCT"/></mor></t>

    <a type="extension" flavor="pho">u [*] ız [*] sıli tə kɔʊ dʒɛni</a>
    <a type="errcoding">voiced lateral approximant deleted in "you; is = are;</a>
  </u>
  <comment type="Generic">1. Lucy has the habit of stringing together series of adverbial phrases in a sentence , which are mutually contradictory e.g. Mummy's going out tonight on Sunday. 2. FR was the first tune learnt after F and was used to indicate (i) question , (ii) emphatic contrast , (iii) contradiction.</comment>
</CHAT>