<?xml version="1.0" encoding="UTF-8"?>

<CHAT xmlns:xsi="http://www.w3.org/2001/XMLSchema-instance"
      xmlns="http://www.talkbank.org/ns/talkbank"
      xsi:schemaLocation="http://www.talkbank.org/ns/talkbank http://talkbank.org/software/talkbank.xsd"
      PID="11312/c-00019090-1"
      Version="2.3.0"
      Lang="eng"
      Corpus="Cruttenden"
      Date="1968-12-20">
  <Participants>
    <participant
      id="CHI"
    name="Lucy"
      role="Target_Child"
      language="eng"
      age="P1Y7M19D"
      sex="female"
      group="typical"

    />
  </Participants>
  <comment type="Date">20-DEC-1968</comment>
  <u who="CHI" uID="u0">
    <w>letter<mor type="mor"><mw><pos><c>n</c></pos><stem>letter</stem></mw><gra type="gra" index="1" head="0" relation="INCROOT"/></mor></w>
    <t type="p"><mor type="mor"><mt type="p"/><gra type="gra" index="2" head="1" relation="PUNCT"/></mor></t>

    <a type="extension" flavor="pho">lıtʰʌ</a>
    <a type="comments">imit</a>
  </u>
  <u who="CHI" uID="u1">
    <w>pig<mor type="mor"><mw><pos><c>n</c></pos><stem>pig</stem></mw><gra type="gra" index="1" head="0" relation="INCROOT"/></mor></w>
    <t type="p"><mor type="mor"><mt type="p"/><gra type="gra" index="2" head="1" relation="PUNCT"/></mor></t>

    <a type="extension" flavor="pho">pıkʰ [*]</a>
    <a type="errcoding">voiced velar plosive becomes devoiced;</a>
  </u>
  <u who="CHI" uID="u2">
    <w>duck<mor type="mor"><mw><pos><c>n</c></pos><stem>duck</stem></mw><gra type="gra" index="1" head="0" relation="INCROOT"/></mor></w>
    <t type="p"><mor type="mor"><mt type="p"/><gra type="gra" index="2" head="1" relation="PUNCT"/></mor></t>

    <a type="extension" flavor="pho">kɑ:kʰə</a>
    <a type="explanation">indicating noise of duck</a>
  </u>
  <u who="CHI" uID="u3">
    <w>duck<mor type="mor"><mw><pos><c>n</c></pos><stem>duck</stem></mw><gra type="gra" index="1" head="0" relation="INCROOT"/></mor></w>
    <t type="p"><mor type="mor"><mt type="p"/><gra type="gra" index="2" head="1" relation="PUNCT"/></mor></t>

    <a type="extension" flavor="pho">dʌkʰ</a>
  </u>
  <u who="CHI" uID="u4">
    <w>bunny<mor type="mor"><mw><pos><c>n</c></pos><stem>bunny</stem></mw><gra type="gra" index="1" head="0" relation="INCROOT"/></mor></w>
    <t type="p"><mor type="mor"><mt type="p"/><gra type="gra" index="2" head="1" relation="PUNCT"/></mor></t>

    <a type="extension" flavor="pho">bʌmi</a>
  </u>
  <u who="CHI" uID="u5">
    <w>top<mor type="mor"><mw><pos><c>n</c></pos><stem>top</stem></mw><gra type="gra" index="1" head="0" relation="INCROOT"/></mor></w>
    <t type="p"><mor type="mor"><mt type="p"/><gra type="gra" index="2" head="1" relation="PUNCT"/></mor></t>

    <a type="extension" flavor="pho">t̚əpʰ</a>
  </u>
  <u who="CHI" uID="u6">
    <w>orange<mor type="mor"><mw><pos><c>adj</c></pos><stem>orange</stem></mw><gra type="gra" index="1" head="0" relation="INCROOT"/></mor></w>
    <t type="p"><mor type="mor"><mt type="p"/><gra type="gra" index="2" head="1" relation="PUNCT"/></mor></t>

    <a type="extension" flavor="pho">ɑ:in</a>
  </u>
  <comment type="Date">27-DEC-1968</comment>
  <u who="CHI" uID="u7">
    <w>good<mor type="mor"><mw><pos><c>adj</c></pos><stem>good</stem></mw><gra type="gra" index="1" head="2" relation="MOD"/></mor></w>
    <w>girl<mor type="mor"><mw><pos><c>n</c></pos><stem>girl</stem></mw><gra type="gra" index="2" head="0" relation="INCROOT"/></mor></w>
    <t type="p"><mor type="mor"><mt type="p"/><gra type="gra" index="3" head="2" relation="PUNCT"/></mor></t>

    <a type="extension" flavor="pho">dədə:də</a>
    <a type="comments">imit</a>
  </u>
  <u who="CHI" uID="u8">
    <w>parcel<mor type="mor"><mw><pos><c>n</c></pos><stem>parcel</stem></mw><gra type="gra" index="1" head="0" relation="INCROOT"/></mor></w>
    <t type="p"><mor type="mor"><mt type="p"/><gra type="gra" index="2" head="1" relation="PUNCT"/></mor></t>

    <a type="extension" flavor="pho">pʰɑ:pə [*]</a>
    <a type="errcoding">consonant harmony;</a>
  </u>
  <u who="CHI" uID="u9">
    <w>dark<mor type="mor"><mw><pos><c>adj</c></pos><stem>dark</stem></mw><gra type="gra" index="1" head="0" relation="INCROOT"/></mor></w>
    <t type="p"><mor type="mor"><mt type="p"/><gra type="gra" index="2" head="1" relation="PUNCT"/></mor></t>

    <a type="extension" flavor="pho">dɑ̈:k</a>
  </u>
  <u who="CHI" uID="u10">
    <w>dustbin<mor type="mor"><mwc><pos><c>n</c></pos><mw><pos><c>n</c></pos><stem>dust</stem></mw><mw><pos><c>n</c></pos><stem>bin</stem></mw></mwc><gra type="gra" index="1" head="2" relation="MOD"/></mor></w>
    <w>man<mor type="mor"><mw><pos><c>n</c></pos><stem>man</stem></mw><gra type="gra" index="2" head="0" relation="INCROOT"/></mor></w>
    <t type="p"><mor type="mor"><mt type="p"/><gra type="gra" index="3" head="2" relation="PUNCT"/></mor></t>

    <a type="extension" flavor="pho">dʌpın mæn</a>
  </u>
  <u who="CHI" uID="u11">
    <w>button<mor type="mor"><mw><pos><c>n</c></pos><stem>button</stem></mw><gra type="gra" index="1" head="0" relation="INCROOT"/></mor></w>
    <t type="p"><mor type="mor"><mt type="p"/><gra type="gra" index="2" head="1" relation="PUNCT"/></mor></t>

    <a type="extension" flavor="pho">bʌpə</a>
  </u>
  <u who="CHI" uID="u12">
    <w>sweetie<mor type="mor"><mw><pos><c>co</c></pos><stem>sweetie</stem></mw><gra type="gra" index="1" head="0" relation="INCROOT"/></mor></w>
    <t type="p"><mor type="mor"><mt type="p"/><gra type="gra" index="2" head="1" relation="PUNCT"/></mor></t>

    <a type="extension" flavor="pho">s̪ipi</a>
  </u>
  <u who="CHI" uID="u13">
    <w>sweetie<mor type="mor"><mw><pos><c>co</c></pos><stem>sweetie</stem></mw><gra type="gra" index="1" head="0" relation="INCROOT"/></mor></w>
    <t type="p"><mor type="mor"><mt type="p"/><gra type="gra" index="2" head="1" relation="PUNCT"/></mor></t>

    <a type="extension" flavor="pho">t̪ipi</a>
    <a type="comments">two separate renditions</a>
  </u>
  <u who="CHI" uID="u14">
    <w>chocolate<mor type="mor"><mw><pos><c>n</c></pos><stem>chocolate</stem></mw><gra type="gra" index="1" head="0" relation="INCROOT"/></mor></w>
    <t type="p"><mor type="mor"><mt type="p"/><gra type="gra" index="2" head="1" relation="PUNCT"/></mor></t>

    <a type="extension" flavor="pho">t̪jəkʰ</a>
  </u>
  <u who="CHI" uID="u15">
    <w>milk<mor type="mor"><mw><pos><c>n</c></pos><stem>milk</stem></mw><gra type="gra" index="1" head="0" relation="INCROOT"/></mor></w>
    <t type="p"><mor type="mor"><mt type="p"/><gra type="gra" index="2" head="1" relation="PUNCT"/></mor></t>

    <a type="extension" flavor="pho">məkʰ</a>
  </u>
  <u who="CHI" uID="u16">
    <w>all<mor type="mor"><mw><pos><c>qn</c></pos><stem>all</stem></mw><gra type="gra" index="1" head="2" relation="QUANT"/></mor></w>
    <w>right<mor type="mor"><mw><pos><c>n</c></pos><stem>right</stem></mw><gra type="gra" index="2" head="0" relation="INCROOT"/></mor></w>
    <t type="p"><mor type="mor"><mt type="p"/><gra type="gra" index="3" head="2" relation="PUNCT"/></mor></t>

    <a type="extension" flavor="pho">əʋaıtʰ</a>
  </u>
  <u who="CHI" uID="u17">
    <w>egg<mor type="mor"><mw><pos><c>n</c></pos><stem>egg</stem></mw><gra type="gra" index="1" head="0" relation="INCROOT"/></mor></w>
    <t type="p"><mor type="mor"><mt type="p"/><gra type="gra" index="2" head="1" relation="PUNCT"/></mor></t>

    <a type="extension" flavor="pho">e̞kʰi</a>
  </u>
  <u who="CHI" uID="u18">
    <w>good<mor type="mor"><mw><pos><c>adj</c></pos><stem>good</stem></mw><gra type="gra" index="1" head="0" relation="INCROOT"/></mor></w>
    <t type="p"><mor type="mor"><mt type="p"/><gra type="gra" index="2" head="1" relation="PUNCT"/></mor></t>

    <a type="extension" flavor="pho">gʊkʰ</a>
    <a type="comments">imit</a>
  </u>
  <u who="CHI" uID="u19">
    <w>holly<mor type="mor"><mw><pos><c>n</c></pos><stem>holly</stem></mw><gra type="gra" index="1" head="0" relation="INCROOT"/></mor></w>
    <t type="p"><mor type="mor"><mt type="p"/><gra type="gra" index="2" head="1" relation="PUNCT"/></mor></t>

    <a type="extension" flavor="pho">hɒli</a>
  </u>
  <u who="CHI" uID="u20">
    <w>sweetie<mor type="mor"><mw><pos><c>co</c></pos><stem>sweetie</stem></mw><gra type="gra" index="1" head="0" relation="INCROOT"/></mor></w>
    <t type="p"><mor type="mor"><mt type="p"/><gra type="gra" index="2" head="1" relation="PUNCT"/></mor></t>

    <a type="extension" flavor="pho">s̪ipi</a>
  </u>
  <comment type="Date">03-JAN-1969</comment>
  <u who="CHI" uID="u21">
    <w>top<mor type="mor"><mw><pos><c>n</c></pos><stem>top</stem></mw><gra type="gra" index="1" head="0" relation="INCROOT"/></mor></w>
    <t type="p"><mor type="mor"><mt type="p"/><gra type="gra" index="2" head="1" relation="PUNCT"/></mor></t>

    <a type="extension" flavor="pho">təpʰ</a>
  </u>
  <u who="CHI" uID="u22">
    <w>gorilla<mor type="mor"><mw><pos><c>n</c></pos><stem>gorilla</stem></mw><gra type="gra" index="1" head="0" relation="INCROOT"/></mor></w>
    <t type="p"><mor type="mor"><mt type="p"/><gra type="gra" index="2" head="1" relation="PUNCT"/></mor></t>

    <a type="extension" flavor="pho">ʋılə</a>
  </u>
  <u who="CHI" uID="u23">
    <w>crocodile<mor type="mor"><mw><pos><c>n</c></pos><stem>crocodile</stem></mw><gra type="gra" index="1" head="0" relation="INCROOT"/></mor></w>
    <t type="p"><mor type="mor"><mt type="p"/><gra type="gra" index="2" head="1" relation="PUNCT"/></mor></t>

    <a type="extension" flavor="pho">kaka</a>
  </u>
  <u who="CHI" uID="u24">
    <w>supper<mor type="mor"><mw><pos><c>n</c></pos><stem>supper</stem></mw><gra type="gra" index="1" head="0" relation="INCROOT"/></mor></w>
    <t type="p"><mor type="mor"><mt type="p"/><gra type="gra" index="2" head="1" relation="PUNCT"/></mor></t>

    <a type="extension" flavor="pho">papa</a>
  </u>
  <u who="CHI" uID="u25">
    <w>ready<mor type="mor"><mw><pos><c>adj</c></pos><stem>ready</stem></mw><gra type="gra" index="1" head="0" relation="INCROOT"/></mor></w>
    <t type="p"><mor type="mor"><mt type="p"/><gra type="gra" index="2" head="1" relation="PUNCT"/></mor></t>

    <a type="extension" flavor="pho">ʋe̞ʋi</a>
  </u>
  <u who="CHI" uID="u26">
    <w>pepper<mor type="mor"><mw><pos><c>n</c></pos><stem>pepper</stem></mw><gra type="gra" index="1" head="0" relation="INCROOT"/></mor></w>
    <t type="p"><mor type="mor"><mt type="p"/><gra type="gra" index="2" head="1" relation="PUNCT"/></mor></t>

    <a type="extension" flavor="pho">papa</a>
  </u>
  <u who="CHI" uID="u27">
    <w>water<mor type="mor"><mw><pos><c>n</c></pos><stem>water</stem></mw><gra type="gra" index="1" head="0" relation="INCROOT"/></mor></w>
    <t type="p"><mor type="mor"><mt type="p"/><gra type="gra" index="2" head="1" relation="PUNCT"/></mor></t>

    <a type="extension" flavor="pho">wɔtə</a>
  </u>
  <comment type="Date">11-JAN-1969</comment>
  <u who="CHI" uID="u28">
    <w>beer<mor type="mor"><mw><pos><c>n</c></pos><stem>beer</stem></mw><gra type="gra" index="1" head="0" relation="INCROOT"/></mor></w>
    <t type="p"><mor type="mor"><mt type="p"/><gra type="gra" index="2" head="1" relation="PUNCT"/></mor></t>

    <a type="extension" flavor="pho">bıə</a>
  </u>
  <comment type="Generic">1. Words with nuclear stress are generally imitated. Initial unstressed syllables are usually dropped , i.e. words are imitated as initially stressed words. 2. Two-word sentences appear to be occurring by accident e.g. 'Daddy , bye-byeÕ , usually with a separate intonation group on each.</comment>
</CHAT>