<?xml version="1.0" encoding="UTF-8"?>

<CHAT xmlns:xsi="http://www.w3.org/2001/XMLSchema-instance"
      xmlns="http://www.talkbank.org/ns/talkbank"
      xsi:schemaLocation="http://www.talkbank.org/ns/talkbank http://talkbank.org/software/talkbank.xsd"
      PID="11312/c-00019091-1"
      Version="2.3.0"
      Lang="eng"
      Corpus="Cruttenden"
      Date="1969-03-19">
  <Participants>
    <participant
      id="CHI"
    name="Lucy"
      role="Target_Child"
      language="eng"
      age="P1Y8M19D"
      sex="female"
      group="typical"

    />
  </Participants>
  <comment type="Date">19-MAR-1969</comment>
  <u who="CHI" uID="u0">
    <w>yellow<mor type="mor"><mw><pos><c>n</c></pos><stem>yellow</stem></mw><gra type="gra" index="1" head="0" relation="INCROOT"/></mor></w>
    <t type="p"><mor type="mor"><mt type="p"/><gra type="gra" index="2" head="1" relation="PUNCT"/></mor></t>

    <a type="extension" flavor="pho">lɛləʊ</a>
    <a type="comments">'yellow' used in several contexts e .g . nice , another</a>
  </u>
  <u who="CHI" uID="u1">
    <w>pinkie<mor type="mor"><mw><pos><c>n</c></pos><stem>pink</stem><mk type="sfxf">dadj</mk><mk type="sfx">DIM</mk></mw><gra type="gra" index="1" head="0" relation="INCROOT"/></mor></w>
    <t type="p"><mor type="mor"><mt type="p"/><gra type="gra" index="2" head="1" relation="PUNCT"/></mor></t>

    <a type="extension" flavor="pho">pıŋki</a>
    <a type="explanation">name for pink dummy (comforter)</a>
  </u>
  <u who="CHI" uID="u2">
    <w>feet<mor type="mor"><mw><pos><c>n</c></pos><stem>foot</stem><mk type="sfxf">PL</mk></mw><gra type="gra" index="1" head="0" relation="INCROOT"/></mor></w>
    <t type="p"><mor type="mor"><mt type="p"/><gra type="gra" index="2" head="1" relation="PUNCT"/></mor></t>

    <a type="extension" flavor="pho">fï̝:t</a>
  </u>
  <u who="CHI" uID="u3">
    <w>broken<mor type="mor"><mw><pos><c>part</c></pos><stem>break</stem><mk type="sfxf">PASTP</mk></mw><gra type="gra" index="1" head="0" relation="INCROOT"/></mor></w>
    <w>dolly<mor type="mor"><mw><pos><c>n</c></pos><stem>doll</stem><mk type="sfx">DIM</mk></mw><gra type="gra" index="2" head="1" relation="OBJ"/></mor></w>
    <t type="p"><mor type="mor"><mt type="p"/><gra type="gra" index="3" head="1" relation="PUNCT"/></mor></t>

    <a type="extension" flavor="pho">bokʰn [*] dɒli</a>
    <a type="errcoding">second element of cluster omitted;</a>
  </u>
  <u who="CHI" uID="u4">
    <w>pink<mor type="mor"><mw><pos><c>adj</c></pos><stem>pink</stem></mw><gra type="gra" index="1" head="0" relation="INCROOT"/></mor></w>
    <t type="p"><mor type="mor"><mt type="p"/><gra type="gra" index="2" head="1" relation="PUNCT"/></mor></t>

    <a type="extension" flavor="pho">pıŋk</a>
  </u>
  <u who="CHI" uID="u5">
    <w>red<mor type="mor"><mw><pos><c>adj</c></pos><stem>red</stem></mw><gra type="gra" index="1" head="0" relation="INCROOT"/></mor></w>
    <t type="p"><mor type="mor"><mt type="p"/><gra type="gra" index="2" head="1" relation="PUNCT"/></mor></t>

    <a type="extension" flavor="pho">ʋɛd</a>
  </u>
  <u who="CHI" uID="u6">
    <w>another<mor type="mor"><mw><pos><c>qn</c></pos><stem>another</stem></mw><gra type="gra" index="1" head="2" relation="QUANT"/></mor></w>
    <w>one<mor type="mor"><mw><pos><c>pro</c><s>indef</s></pos><stem>one</stem></mw><gra type="gra" index="2" head="0" relation="ROOT"/></mor></w>
    <t type="p"><mor type="mor"><mt type="p"/><gra type="gra" index="3" head="2" relation="PUNCT"/></mor></t>

    <a type="extension" flavor="pho">lɛləʊ wən</a>
  </u>
  <u who="CHI" uID="u7">
    <w>water<mor type="mor"><mw><pos><c>n</c></pos><stem>water</stem></mw><gra type="gra" index="1" head="0" relation="INCROOT"/></mor></w>
    <t type="p"><mor type="mor"><mt type="p"/><gra type="gra" index="2" head="1" relation="PUNCT"/></mor></t>

    <a type="extension" flavor="pho">wɔ:tə</a>
  </u>
  <u who="CHI" uID="u8">
    <w>Sally<mor type="mor"><mw><pos><c>n</c><s>prop</s></pos><stem>Sally</stem></mw><gra type="gra" index="1" head="0" relation="INCROOT"/></mor></w>
    <w>bye<mor type="mor"><mw><pos><c>co</c></pos><stem>bye</stem></mw><gra type="gra" index="2" head="3" relation="COM"/></mor></w>
    <g><w>bye<mor type="mor"><mw><pos><c>co</c></pos><stem>bye</stem></mw><gra type="gra" index="3" head="1" relation="COM"/></mor></w><ga type="explanation">bye bye Sally</ga></g>
    <t type="p"><mor type="mor"><mt type="p"/><gra type="gra" index="4" head="1" relation="PUNCT"/></mor></t>

    <a type="extension" flavor="pho">sali ba bai</a>
  </u>
  <u who="CHI" uID="u9">
    <w>all_gone<mor type="mor"><mw><pos><c>co</c></pos><stem>all_gone</stem></mw><gra type="gra" index="1" head="2" relation="COM"/></mor></w>
    <w>Lucy<mor type="mor"><mw><pos><c>n</c><s>prop</s></pos><stem>Lucy</stem></mw><gra type="gra" index="2" head="0" relation="ROOT"/></mor></w>
    <t type="p"><mor type="mor"><mt type="p"/><gra type="gra" index="3" head="2" relation="PUNCT"/></mor></t>

    <a type="extension" flavor="pho">ɔ ɡɒn lusi</a>
    <a type="explanation">referring to plate being empty</a>
  </u>
  <u who="CHI" uID="u10">
    <w>curler<mor type="mor"><mw><pos><c>n</c></pos><stem>curl</stem><mk type="sfxf">dv</mk><mk type="sfx">AGT</mk></mw><gra type="gra" index="1" head="0" relation="INCROOT"/></mor></w>
    <t type="p"><mor type="mor"><mt type="p"/><gra type="gra" index="2" head="1" relation="PUNCT"/></mor></t>

    <a type="extension" flavor="pho">kələ</a>
  </u>
  <u who="CHI" uID="u11">
    <w>Daddy<shortening>'s</shortening><mor type="mor"><mw><pos><c>n</c><s>prop</s></pos><stem>Daddy</stem></mw><gra type="gra" index="1" head="3" relation="MOD"/><mor-post><mw><pos><c>poss</c></pos><stem>s</stem></mw><gra type="gra" index="2" head="1" relation="POSS"/></mor-post></mor></w>
    <w>pen<mor type="mor"><mw><pos><c>n</c></pos><stem>pen</stem></mw><gra type="gra" index="3" head="0" relation="INCROOT"/></mor></w>
    <t type="p"><mor type="mor"><mt type="p"/><gra type="gra" index="4" head="3" relation="PUNCT"/></mor></t>

    <a type="extension" flavor="pho">dədi pın</a>
  </u>
  <comment type="Date">28-MAR-1969</comment>
  <u who="CHI" uID="u12">
    <w>sleep<mor type="mor"><mw><pos><c>v</c></pos><stem>sleep</stem></mw><gra type="gra" index="1" head="0" relation="ROOT"/></mor></w>
    <t type="p"><mor type="mor"><mt type="p"/><gra type="gra" index="2" head="1" relation="PUNCT"/></mor></t>

    <a type="extension" flavor="pho">s̪i:p</a>
  </u>
  <u who="CHI" uID="u13">
    <w>swimming<mor type="mor"><mw><pos><c>part</c></pos><stem>swim</stem><mk type="sfx">PRESP</mk></mw><gra type="gra" index="1" head="0" relation="INCROOT"/></mor></w>
    <t type="p"><mor type="mor"><mt type="p"/><gra type="gra" index="2" head="1" relation="PUNCT"/></mor></t>

    <a type="extension" flavor="pho">fımıŋ [*]</a>
    <a type="errcoding">voiceless alveolar fricative replaced by voiceless labio-dental fricative; second element of cluster omitted;</a>
  </u>
  <comment type="Date">07-APR-1969</comment>
  <u who="CHI" uID="u14">
    <w>Daddy<mor type="mor"><mw><pos><c>n</c><s>prop</s></pos><stem>Daddy</stem></mw><gra type="gra" index="1" head="0" relation="INCROOT"/></mor></w>
    <t type="p"><mor type="mor"><mt type="p"/><gra type="gra" index="2" head="1" relation="PUNCT"/></mor></t>

    <a type="extension" flavor="pho">dadi</a>
  </u>
  <u who="CHI" uID="u15">
    <w>dear<mor type="mor"><mw><pos><c>adj</c></pos><stem>dear</stem></mw><gra type="gra" index="1" head="2" relation="MOD"/></mor></w>
    <w>dear<mor type="mor"><mw><pos><c>co</c></pos><stem>dear</stem></mw><gra type="gra" index="2" head="0" relation="INCROOT"/></mor></w>
    <t type="p"><mor type="mor"><mt type="p"/><gra type="gra" index="3" head="2" relation="PUNCT"/></mor></t>

    <a type="extension" flavor="pho">diə diə</a>
  </u>
  <u who="CHI" uID="u16">
    <w>more<mor type="mor"><mw><pos><c>qn</c></pos><stem>more</stem></mw><gra type="gra" index="1" head="2" relation="QUANT"/></mor></w>
    <w>cup<mor type="mor"><mw><pos><c>n</c></pos><stem>cup</stem></mw><gra type="gra" index="2" head="0" relation="INCROOT"/></mor></w>
    <w>of<mor type="mor"><mw><pos><c>prep</c></pos><stem>of</stem></mw><gra type="gra" index="3" head="2" relation="NJCT"/></mor></w>
    <w>tea<mor type="mor"><mw><pos><c>n</c></pos><stem>tea</stem></mw><gra type="gra" index="4" head="3" relation="POBJ"/></mor></w>
    <t type="p"><mor type="mor"><mt type="p"/><gra type="gra" index="5" head="2" relation="PUNCT"/></mor></t>

    <a type="extension" flavor="pho">mɔ tʌp [*] ə ti</a>
    <a type="errcoding">voiceless velar plosive replaced by voiceless alveolar plosive;</a>
    <a type="explanation">request</a>
  </u>
  <u who="CHI" uID="u17">
    <w>all_gone<mor type="mor"><mw><pos><c>co</c></pos><stem>all_gone</stem></mw><gra type="gra" index="1" head="2" relation="COM"/></mor></w>
    <w>Jenny<mor type="mor"><mw><pos><c>n</c><s>prop</s></pos><stem>Jenny</stem></mw><gra type="gra" index="2" head="0" relation="ROOT"/></mor></w>
    <t type="p"><mor type="mor"><mt type="p"/><gra type="gra" index="3" head="2" relation="PUNCT"/></mor></t>

    <a type="extension" flavor="pho">ɔ ɡɒn d̪ʒıni</a>
  </u>
  <u who="CHI" uID="u18">
    <w>good<mor type="mor"><mw><pos><c>adj</c></pos><stem>good</stem></mw><gra type="gra" index="1" head="2" relation="MOD"/></mor></w>
    <w>girl<mor type="mor"><mw><pos><c>n</c></pos><stem>girl</stem></mw><gra type="gra" index="2" head="0" relation="INCROOT"/></mor></w>
    <t type="p"><mor type="mor"><mt type="p"/><gra type="gra" index="3" head="2" relation="PUNCT"/></mor></t>

    <a type="extension" flavor="pho">ɡɯd ɡəl</a>
  </u>
  <u who="CHI" uID="u19">
    <w>jam<mor type="mor"><mw><pos><c>n</c></pos><stem>jam</stem></mw><gra type="gra" index="1" head="0" relation="INCROOT"/></mor></w>
    <t type="p"><mor type="mor"><mt type="p"/><gra type="gra" index="2" head="1" relation="PUNCT"/></mor></t>

    <a type="extension" flavor="pho">d̪am</a>
  </u>
  <u who="CHI" uID="u20">
    <w>another<mor type="mor"><mw><pos><c>qn</c></pos><stem>another</stem></mw><gra type="gra" index="1" head="0" relation="INCROOT"/></mor></w>
    <t type="p"><mor type="mor"><mt type="p"/><gra type="gra" index="2" head="1" relation="PUNCT"/></mor></t>

    <a type="extension" flavor="pho">lɛləʊ</a>
    <a type="comments">probably from 'yellow'</a>
  </u>
  <u who="CHI" uID="u21">
    <w>more<mor type="mor"><mw><pos><c>qn</c></pos><stem>more</stem></mw><gra type="gra" index="1" head="2" relation="QUANT"/></mor></w>
    <w>milk<mor type="mor"><mw><pos><c>n</c></pos><stem>milk</stem></mw><gra type="gra" index="2" head="0" relation="INCROOT"/></mor></w>
    <t type="p"><mor type="mor"><mt type="p"/><gra type="gra" index="3" head="2" relation="PUNCT"/></mor></t>

    <a type="extension" flavor="pho">mɑ: mʌk</a>
    <a type="explanation">request</a>
  </u>
  <u who="CHI" uID="u22">
    <w>own<mor type="mor"><mw><pos><c>adj</c></pos><stem>own</stem></mw><gra type="gra" index="1" head="2" relation="MOD"/></mor></w>
    <w>tea<mor type="mor"><mw><pos><c>n</c></pos><stem>tea</stem></mw><gra type="gra" index="2" head="0" relation="INCROOT"/></mor></w>
    <t type="p"><mor type="mor"><mt type="p"/><gra type="gra" index="3" head="2" relation="PUNCT"/></mor></t>

    <a type="extension" flavor="pho">əʊn ti</a>
    <a type="comments">imit</a>
  </u>
  <u who="CHI" uID="u23">
    <w>Jenny's<mor type="mor"><mw><pos><c>n</c><s>prop</s></pos><stem>Jenny</stem></mw><gra type="gra" index="1" head="3" relation="MOD"/><mor-post><mw><pos><c>poss</c></pos><stem>s</stem></mw><gra type="gra" index="2" head="1" relation="POSS"/></mor-post></mor></w>
    <w>tea<mor type="mor"><mw><pos><c>n</c></pos><stem>tea</stem></mw><gra type="gra" index="3" head="0" relation="INCROOT"/></mor></w>
    <t type="p"><mor type="mor"><mt type="p"/><gra type="gra" index="4" head="3" relation="PUNCT"/></mor></t>

    <a type="extension" flavor="pho">d̪ʒenz ti</a>
    <a type="comments">imit</a>
  </u>
  <u who="CHI" uID="u24">
    <w>pudding<mor type="mor"><mw><pos><c>n</c></pos><stem>pudding</stem></mw><gra type="gra" index="1" head="0" relation="INCROOT"/></mor></w>
    <g><w>like<mor type="mor"><mw><pos><c>prep</c></pos><stem>like</stem></mw><gra type="gra" index="2" head="1" relation="JCT"/></mor></w><ga type="explanation">I would like some pudding</ga></g>
    <t type="p"><mor type="mor"><mt type="p"/><gra type="gra" index="3" head="1" relation="PUNCT"/></mor></t>

    <a type="extension" flavor="pho">pʊdıŋ laık</a>
  </u>
  <u who="CHI" uID="u25">
    <w>Lucy<mor type="mor"><mw><pos><c>n</c><s>prop</s></pos><stem>Lucy</stem></mw><gra type="gra" index="1" head="0" relation="INCROOT"/></mor></w>
    <t type="p"><mor type="mor"><mt type="p"/><gra type="gra" index="2" head="1" relation="PUNCT"/></mor></t>

    <a type="extension" flavor="pho">lu:si</a>
  </u>
  <u who="CHI" uID="u26">
    <w>Daddy's<mor type="mor"><mw><pos><c>n</c><s>prop</s></pos><stem>Daddy</stem></mw><gra type="gra" index="1" head="3" relation="MOD"/><mor-post><mw><pos><c>poss</c></pos><stem>s</stem></mw><gra type="gra" index="2" head="1" relation="POSS"/></mor-post></mor></w>
    <w>glasses<mor type="mor"><mw><pos><c>n</c></pos><stem>glass</stem><mk type="sfx">PL</mk></mw><gra type="gra" index="3" head="0" relation="INCROOT"/></mor></w>
    <t type="p"><mor type="mor"><mt type="p"/><gra type="gra" index="4" head="3" relation="PUNCT"/></mor></t>

    <a type="extension" flavor="pho">dædız ɡɑ:ɡız [*]</a>
    <a type="errcoding">consonant harmony;</a>
  </u>
  <u who="CHI" uID="u27">
    <w>Daddy's<mor type="mor"><mw><pos><c>n</c><s>prop</s></pos><stem>Daddy</stem></mw><gra type="gra" index="1" head="3" relation="MOD"/><mor-post><mw><pos><c>poss</c></pos><stem>s</stem></mw><gra type="gra" index="2" head="1" relation="POSS"/></mor-post></mor></w>
    <w>glasses<mor type="mor"><mw><pos><c>n</c></pos><stem>glass</stem><mk type="sfx">PL</mk></mw><gra type="gra" index="3" head="0" relation="INCROOT"/></mor></w>
    <t type="p"><mor type="mor"><mt type="p"/><gra type="gra" index="4" head="3" relation="PUNCT"/></mor></t>

    <a type="extension" flavor="pho">dædız ɡɑ:sız</a>
    <a type="comments">imit-two attempts</a>
  </u>
  <u who="CHI" uID="u28">
    <w>Daddy's<mor type="mor"><mw><pos><c>n</c><s>prop</s></pos><stem>Daddy</stem></mw><gra type="gra" index="1" head="3" relation="MOD"/><mor-post><mw><pos><c>poss</c></pos><stem>s</stem></mw><gra type="gra" index="2" head="1" relation="POSS"/></mor-post></mor></w>
    <w>kiss<mor type="mor"><mw><pos><c>n</c></pos><stem>kiss</stem></mw><gra type="gra" index="3" head="0" relation="INCROOT"/></mor></w>
    <t type="p"><mor type="mor"><mt type="p"/><gra type="gra" index="4" head="3" relation="PUNCT"/></mor></t>

    <a type="extension" flavor="pho">dædız kıs</a>
    <a type="comments">imit - 'give Daddy a kiss'</a>
  </u>
  <u who="CHI" uID="u29">
    <w>another<mor type="mor"><mw><pos><c>qn</c></pos><stem>another</stem></mw><gra type="gra" index="1" head="2" relation="QUANT"/></mor></w>
    <w>kiss<mor type="mor"><mw><pos><c>n</c></pos><stem>kiss</stem></mw><gra type="gra" index="2" head="0" relation="INCROOT"/></mor></w>
    <t type="p"><mor type="mor"><mt type="p"/><gra type="gra" index="3" head="2" relation="PUNCT"/></mor></t>

    <a type="extension" flavor="pho">nɔðız kıs</a>
    <a type="comments">imit</a>
  </u>
  <u who="CHI" uID="u30">
    <w>cuddle<mor type="mor"><mw><pos><c>v</c></pos><stem>cuddle</stem></mw><gra type="gra" index="1" head="0" relation="ROOT"/></mor></w>
    <t type="p"><mor type="mor"><mt type="p"/><gra type="gra" index="2" head="1" relation="PUNCT"/></mor></t>

    <a type="extension" flavor="pho">kʌku [*]</a>
    <a type="errcoding">consonant harmony;</a>
  </u>
  <u who="CHI" uID="u31">
    <w>spoons<mor type="mor"><mw><pos><c>v</c></pos><stem>spoon</stem><mk type="sfx">3S</mk></mw><gra type="gra" index="1" head="0" relation="ROOT"/></mor></w>
    <t type="p"><mor type="mor"><mt type="p"/><gra type="gra" index="2" head="1" relation="PUNCT"/></mor></t>

    <a type="extension" flavor="pho">pu:nts</a>
  </u>
  <u who="CHI" uID="u32">
    <w>knife<mor type="mor"><mw><pos><c>n</c></pos><stem>knife</stem></mw><gra type="gra" index="1" head="0" relation="INCROOT"/></mor></w>
    <t type="p"><mor type="mor"><mt type="p"/><gra type="gra" index="2" head="1" relation="PUNCT"/></mor></t>

    <a type="extension" flavor="pho">neıf</a>
  </u>
  <u who="CHI" uID="u33">
    <w>bottle<mor type="mor"><mw><pos><c>n</c></pos><stem>bottle</stem></mw><gra type="gra" index="1" head="0" relation="INCROOT"/></mor></w>
    <t type="p"><mor type="mor"><mt type="p"/><gra type="gra" index="2" head="1" relation="PUNCT"/></mor></t>

    <a type="extension" flavor="pho">bɑ:tu:</a>
  </u>
  <u who="CHI" uID="u34">
    <w>sugar<mor type="mor"><mw><pos><c>n</c></pos><stem>sugar</stem></mw><gra type="gra" index="1" head="0" relation="INCROOT"/></mor></w>
    <w>in<mor type="mor"><mw><pos><c>adv</c></pos><stem>in</stem></mw><gra type="gra" index="2" head="3" relation="JCT"/></mor></w>
    <w>there<mor type="mor"><mw><pos><c>adv</c></pos><stem>there</stem></mw><gra type="gra" index="3" head="1" relation="JCT"/></mor></w>
    <t type="p"><mor type="mor"><mt type="p"/><gra type="gra" index="4" head="1" relation="PUNCT"/></mor></t>

    <a type="extension" flavor="pho">s̪ʊɡɑ: n ɛə</a>
  </u>
  <u who="CHI" uID="u35">
    <w>book<mor type="mor"><mw><pos><c>n</c></pos><stem>book</stem></mw><gra type="gra" index="1" head="0" relation="INCROOT"/></mor></w>
    <t type="p"><mor type="mor"><mt type="p"/><gra type="gra" index="2" head="1" relation="PUNCT"/></mor></t>

    <a type="extension" flavor="pho">bək</a>
  </u>
  <u who="CHI" uID="u36">
    <w>baby's<mor type="mor"><mw><pos><c>n</c></pos><stem>baby</stem></mw><gra type="gra" index="1" head="3" relation="MOD"/><mor-post><mw><pos><c>poss</c></pos><stem>s</stem></mw><gra type="gra" index="2" head="1" relation="POSS"/></mor-post></mor></w>
    <w>pram<mor type="mor"><mw><pos><c>n</c></pos><stem>pram</stem></mw><gra type="gra" index="3" head="0" relation="INCROOT"/></mor></w>
    <t type="p"><mor type="mor"><mt type="p"/><gra type="gra" index="4" head="3" relation="PUNCT"/></mor></t>

    <a type="extension" flavor="pho">bebıs pæm [*]</a>
    <a type="errcoding">second element of cluster deleted;</a>
  </u>
  <u who="CHI" uID="u37">
    <w>train<mor type="mor"><mw><pos><c>n</c></pos><stem>train</stem></mw><gra type="gra" index="1" head="0" relation="INCROOT"/></mor></w>
    <t type="p"><mor type="mor"><mt type="p"/><gra type="gra" index="2" head="1" relation="PUNCT"/></mor></t>

    <a type="extension" flavor="pho">tʚ̥eın</a>
  </u>
  <u who="CHI" uID="u38">
    <w>train<mor type="mor"><mw><pos><c>n</c></pos><stem>train</stem></mw><gra type="gra" index="1" head="0" relation="INCROOT"/></mor></w>
    <t type="p"><mor type="mor"><mt type="p"/><gra type="gra" index="2" head="1" relation="PUNCT"/></mor></t>

    <a type="extension" flavor="pho">teın [*]</a>
    <a type="errcoding">second element of cluster deleted;</a>
    <a type="comments">two separate renditions</a>
  </u>
  <u who="CHI" uID="u39">
    <w>bike<mor type="mor"><mw><pos><c>n</c></pos><stem>bike</stem></mw><gra type="gra" index="1" head="0" relation="INCROOT"/></mor></w>
    <t type="p"><mor type="mor"><mt type="p"/><gra type="gra" index="2" head="1" relation="PUNCT"/></mor></t>

    <a type="extension" flavor="pho">baıʔ</a>
  </u>
  <u who="CHI" uID="u40">
    <w>curler<mor type="mor"><mw><pos><c>n</c></pos><stem>curl</stem><mk type="sfxf">dv</mk><mk type="sfx">AGT</mk></mw><gra type="gra" index="1" head="0" relation="INCROOT"/></mor></w>
    <t type="p"><mor type="mor"><mt type="p"/><gra type="gra" index="2" head="1" relation="PUNCT"/></mor></t>

    <a type="extension" flavor="pho">kələ</a>
  </u>
  <u who="CHI" uID="u41">
    <w>nose<mor type="mor"><mw><pos><c>n</c></pos><stem>nose</stem></mw><gra type="gra" index="1" head="0" relation="INCROOT"/></mor></w>
    <t type="p"><mor type="mor"><mt type="p"/><gra type="gra" index="2" head="1" relation="PUNCT"/></mor></t>

    <a type="extension" flavor="pho">nəʊsi</a>
  </u>
  <u who="CHI" uID="u42">
    <w>ear<mor type="mor"><mw><pos><c>n</c></pos><stem>ear</stem></mw><gra type="gra" index="1" head="0" relation="INCROOT"/></mor></w>
    <t type="p"><mor type="mor"><mt type="p"/><gra type="gra" index="2" head="1" relation="PUNCT"/></mor></t>

    <a type="extension" flavor="pho">ijə</a>
  </u>
  <u who="CHI" uID="u43">
    <w>peg<mor type="mor"><mw><pos><c>n</c></pos><stem>peg</stem></mw><gra type="gra" index="1" head="0" relation="INCROOT"/></mor></w>
    <t type="p"><mor type="mor"><mt type="p"/><gra type="gra" index="2" head="1" relation="PUNCT"/></mor></t>

    <a type="extension" flavor="pho">peɡ̥</a>
  </u>
  <u who="CHI" uID="u44">
    <w>boat<mor type="mor"><mw><pos><c>n</c></pos><stem>boat</stem></mw><gra type="gra" index="1" head="0" relation="INCROOT"/></mor></w>
    <t type="p"><mor type="mor"><mt type="p"/><gra type="gra" index="2" head="1" relation="PUNCT"/></mor></t>

    <a type="extension" flavor="pho">bəʊt</a>
  </u>
  <u who="CHI" uID="u45">
    <w>Teddy<shortening>'s</shortening><mor type="mor"><mw><pos><c>n</c><s>prop</s></pos><stem>Teddy</stem></mw><gra type="gra" index="1" head="3" relation="SUBJ"/><mor-post><mw><pos><c>aux</c></pos><stem>be</stem><mk type="sfxf">3S</mk></mw><gra type="gra" index="2" head="3" relation="AUX"/></mor-post></mor></w>
    <w>gone<mor type="mor"><mw><pos><c>part</c></pos><stem>go</stem><mk type="sfxf">PASTP</mk></mw><gra type="gra" index="3" head="0" relation="ROOT"/></mor></w>
    <t type="p"><mor type="mor"><mt type="p"/><gra type="gra" index="4" head="3" relation="PUNCT"/></mor></t>

    <a type="extension" flavor="pho">tɛ̝di ɡɒn</a>
  </u>
  <u who="CHI" uID="u46">
    <w>ride<mor type="mor"><mw><pos><c>v</c></pos><stem>ride</stem></mw><gra type="gra" index="1" head="0" relation="ROOT"/></mor></w>
    <w>it<mor type="mor"><mw><pos><c>pro</c></pos><stem>it</stem></mw><gra type="gra" index="2" head="1" relation="OBJ"/></mor></w>
    <t type="p"><mor type="mor"><mt type="p"/><gra type="gra" index="3" head="1" relation="PUNCT"/></mor></t>

    <a type="extension" flavor="pho">raıdı</a>
  </u>
  <comment type="Date">10-APR-1969</comment>
  <u who="CHI" uID="u47">
    <w>Daddy<shortening>'s</shortening><mor type="mor"><mw><pos><c>n</c><s>prop</s></pos><stem>Daddy</stem></mw><gra type="gra" index="1" head="3" relation="SUBJ"/><mor-post><mw><pos><c>aux</c></pos><stem>be</stem><mk type="sfxf">3S</mk></mw><gra type="gra" index="2" head="3" relation="AUX"/></mor-post></mor></w>
    <w>gone<mor type="mor"><mw><pos><c>part</c></pos><stem>go</stem><mk type="sfxf">PASTP</mk></mw><gra type="gra" index="3" head="0" relation="ROOT"/></mor></w>
    <t type="p"><mor type="mor"><mt type="p"/><gra type="gra" index="4" head="3" relation="PUNCT"/></mor></t>

    <a type="extension" flavor="pho">dædi ɡɒn</a>
  </u>
  <u who="CHI" uID="u48">
    <w>cup<mor type="mor"><mw><pos><c>n</c></pos><stem>cup</stem></mw><gra type="gra" index="1" head="0" relation="INCROOT"/></mor></w>
    <w>of<mor type="mor"><mw><pos><c>prep</c></pos><stem>of</stem></mw><gra type="gra" index="2" head="1" relation="NJCT"/></mor></w>
    <w>tea<mor type="mor"><mw><pos><c>n</c></pos><stem>tea</stem></mw><gra type="gra" index="3" head="2" relation="POBJ"/></mor></w>
    <t type="p"><mor type="mor"><mt type="p"/><gra type="gra" index="4" head="1" relation="PUNCT"/></mor></t>

    <a type="extension" flavor="pho">kʌpətıi</a>
    <a type="comments">spoken as one word</a>
  </u>
  <u who="CHI" uID="u49">
    <w>corner<mor type="mor"><mw><pos><c>n</c></pos><stem>corner</stem></mw><gra type="gra" index="1" head="0" relation="INCROOT"/></mor></w>
    <t type="p"><mor type="mor"><mt type="p"/><gra type="gra" index="2" head="1" relation="PUNCT"/></mor></t>

    <a type="extension" flavor="pho">kə:nə</a>
  </u>
  <u who="CHI" uID="u50">
    <w>toast<mor type="mor"><mw><pos><c>n</c></pos><stem>toast</stem></mw><gra type="gra" index="1" head="0" relation="INCROOT"/></mor></w>
    <t type="p"><mor type="mor"><mt type="p"/><gra type="gra" index="2" head="1" relation="PUNCT"/></mor></t>

    <a type="extension" flavor="pho">tɒst</a>
  </u>
  <u who="CHI" uID="u51">
    <w>Daddy<mor type="mor"><mw><pos><c>n</c><s>prop</s></pos><stem>Daddy</stem></mw><gra type="gra" index="1" head="2" relation="SUBJ"/></mor></w>
    <w>like<shortening>s</shortening><mor type="mor"><mw><pos><c>v</c></pos><stem>like</stem><mk type="sfx">3S</mk></mw><gra type="gra" index="2" head="0" relation="ROOT"/></mor></w>
    <w><shortening>it</shortening><mor type="mor"><mw><pos><c>pro</c></pos><stem>it</stem></mw><gra type="gra" index="3" head="2" relation="OBJ"/></mor></w>
    <t type="p"><mor type="mor"><mt type="p"/><gra type="gra" index="4" head="2" relation="PUNCT"/></mor></t>

    <a type="extension" flavor="pho">dædiz leık</a>
  </u>
  <u who="CHI" uID="u52">
    <w>cup<mor type="mor"><mw><pos><c>n</c></pos><stem>cup</stem></mw><gra type="gra" index="1" head="0" relation="INCROOT"/></mor></w>
    <w>of<mor type="mor"><mw><pos><c>prep</c></pos><stem>of</stem></mw><gra type="gra" index="2" head="1" relation="NJCT"/></mor></w>
    <w>tea<mor type="mor"><mw><pos><c>n</c></pos><stem>tea</stem></mw><gra type="gra" index="3" head="4" relation="MOD"/></mor></w>
    <w>another<mor type="mor"><mw><pos><c>qn</c></pos><stem>another</stem></mw><gra type="gra" index="4" head="2" relation="POBJ"/></mor></w>
    <t type="p"><mor type="mor"><mt type="p"/><gra type="gra" index="5" head="1" relation="PUNCT"/></mor></t>

    <a type="extension" flavor="pho">kʌp ə tıi lɛləʊ</a>
    <a type="explanation">request</a>
  </u>
  <u who="CHI" uID="u53">
    <w>cup<mor type="mor"><mw><pos><c>n</c></pos><stem>cup</stem></mw><gra type="gra" index="1" head="0" relation="INCROOT"/></mor></w>
    <w>of<mor type="mor"><mw><pos><c>prep</c></pos><stem>of</stem></mw><gra type="gra" index="2" head="1" relation="NJCT"/></mor></w>
    <w>tea<mor type="mor"><mw><pos><c>n</c></pos><stem>tea</stem></mw><gra type="gra" index="3" head="4" relation="MOD"/></mor></w>
    <w>more<mor type="mor"><mw><pos><c>pro</c><s>indef</s></pos><stem>more</stem></mw><gra type="gra" index="4" head="2" relation="POBJ"/></mor></w>
    <t type="p"><mor type="mor"><mt type="p"/><gra type="gra" index="5" head="1" relation="PUNCT"/></mor></t>

    <a type="extension" flavor="pho">kʌp ə tıi mɑ</a>
    <a type="explanation">request</a>
  </u>
  <u who="CHI" uID="u54">
    <w>good<mor type="mor"><mw><pos><c>adj</c></pos><stem>good</stem></mw><gra type="gra" index="1" head="0" relation="INCROOT"/></mor></w>
    <t type="p"><mor type="mor"><mt type="p"/><gra type="gra" index="2" head="1" relation="PUNCT"/></mor></t>

    <a type="extension" flavor="pho">ɡʊd</a>
  </u>
  <u who="CHI" uID="u55">
    <w>birdie's<mor type="mor"><mw><pos><c>n</c></pos><stem>bird</stem><mk type="sfx">DIM</mk></mw><gra type="gra" index="1" head="3" relation="SUBJ"/><mor-post><mw><pos><c>aux</c></pos><stem>be</stem><mk type="sfxf">3S</mk></mw><gra type="gra" index="2" head="3" relation="AUX"/></mor-post></mor></w>
    <w>gone<mor type="mor"><mw><pos><c>part</c></pos><stem>go</stem><mk type="sfxf">PASTP</mk></mw><gra type="gra" index="3" head="0" relation="ROOT"/></mor></w>
    <t type="p"><mor type="mor"><mt type="p"/><gra type="gra" index="4" head="3" relation="PUNCT"/></mor></t>

    <a type="extension" flavor="pho">bəbi ɡɒn:</a>
  </u>
  <u who="CHI" uID="u56">
    <w>ups_a_daisy<mor type="mor"><mw><pos><c>co</c></pos><stem>ups_a_daisy</stem></mw><gra type="gra" index="1" head="0" relation="INCROOT"/></mor></w>
    <t type="p"><mor type="mor"><mt type="p"/><gra type="gra" index="2" head="1" relation="PUNCT"/></mor></t>

    <a type="extension" flavor="pho">ʌbʌdebi</a>
  </u>
  <u who="CHI" uID="u57">
    <w>gone<mor type="mor"><mw><pos><c>part</c></pos><stem>go</stem><mk type="sfxf">PASTP</mk></mw><gra type="gra" index="1" head="0" relation="INCROOT"/></mor></w>
    <w>now<mor type="mor"><mw><pos><c>adv</c></pos><stem>now</stem></mw><gra type="gra" index="2" head="1" relation="JCT"/></mor></w>
    <t type="p"><mor type="mor"><mt type="p"/><gra type="gra" index="3" head="1" relation="PUNCT"/></mor></t>

    <a type="extension" flavor="pho">ɡɒn: naʊ</a>
  </u>
  <u who="CHI" uID="u58">
    <w>over<mor type="mor"><mw><pos><c>adv</c></pos><stem>over</stem></mw><gra type="gra" index="1" head="2" relation="JCT"/></mor></w>
    <w>there<mor type="mor"><mw><pos><c>adv</c></pos><stem>there</stem></mw><gra type="gra" index="2" head="0" relation="ROOT"/></mor></w>
    <t type="p"><mor type="mor"><mt type="p"/><gra type="gra" index="3" head="2" relation="PUNCT"/></mor></t>

    <a type="extension" flavor="pho">əʊwə ðɛə</a>
  </u>
  <u who="CHI" uID="u59">
    <w>blue<mor type="mor"><mw><pos><c>adj</c></pos><stem>blue</stem></mw><gra type="gra" index="1" head="2" relation="MOD"/></mor></w>
    <w>tit<mor type="mor"><mw><pos><c>n</c></pos><stem>tit</stem></mw><gra type="gra" index="2" head="0" relation="INCROOT"/></mor></w>
    <t type="p"><mor type="mor"><mt type="p"/><gra type="gra" index="3" head="2" relation="PUNCT"/></mor></t>

    <a type="extension" flavor="pho">bu tıt</a>
  </u>
  <u who="CHI" uID="u60">
    <w>blue<mor type="mor"><mw><pos><c>adj</c></pos><stem>blue</stem></mw><gra type="gra" index="1" head="2" relation="MOD"/></mor></w>
    <w>tits<mor type="mor"><mw><pos><c>n</c></pos><stem>tit</stem><mk type="sfx">PL</mk></mw><gra type="gra" index="2" head="0" relation="INCROOT"/></mor></w>
    <t type="p"><mor type="mor"><mt type="p"/><gra type="gra" index="3" head="2" relation="PUNCT"/></mor></t>

    <a type="extension" flavor="pho">bu [*] tıts</a>
    <a type="errcoding">second element in cluster omitted;</a>
    <a type="comments">imit-two attempts</a>
  </u>
  <u who="CHI" uID="u61">
    <w>butter<mor type="mor"><mw><pos><c>n</c></pos><stem>butter</stem></mw><gra type="gra" index="1" head="0" relation="INCROOT"/></mor></w>
    <w>gone<mor type="mor"><mw><pos><c>part</c></pos><stem>go</stem><mk type="sfxf">PASTP</mk></mw><gra type="gra" index="2" head="1" relation="XMOD"/></mor></w>
    <t type="p"><mor type="mor"><mt type="p"/><gra type="gra" index="3" head="1" relation="PUNCT"/></mor></t>

    <a type="extension" flavor="pho">bɔ̈tə ɡɒn:</a>
  </u>
  <u who="CHI" uID="u62">
    <w>butter<mor type="mor"><mw><pos><c>v</c></pos><stem>butter</stem></mw><gra type="gra" index="1" head="0" relation="ROOT"/></mor></w>
    <g><w>more<mor type="mor"><mw><pos><c>pro</c><s>indef</s></pos><stem>more</stem></mw><gra type="gra" index="2" head="1" relation="OBJ"/></mor></w><ga type="explanation">more butter</ga></g>
    <t type="p"><mor type="mor"><mt type="p"/><gra type="gra" index="3" head="1" relation="PUNCT"/></mor></t>

    <a type="extension" flavor="pho">bɔ̈tə mɑ</a>
    <a type="explanation">request</a>
  </u>
  <u who="CHI" uID="u63">
    <w>toast<mor type="mor"><mw><pos><c>v</c></pos><stem>toast</stem></mw><gra type="gra" index="1" head="0" relation="ROOT"/></mor></w>
    <g><w>another<mor type="mor"><mw><pos><c>qn</c></pos><stem>another</stem></mw><gra type="gra" index="2" head="1" relation="OBJ"/></mor></w><ga type="explanation">I want more toast</ga></g>
    <t type="p"><mor type="mor"><mt type="p"/><gra type="gra" index="3" head="1" relation="PUNCT"/></mor></t>

    <a type="extension" flavor="pho">təʊst lɛləʊ</a>
    <a type="explanation">request</a>
  </u>
  <u who="CHI" uID="u64">
    <w>up<mor type="mor"><mw><pos><c>adv</c></pos><stem>up</stem></mw><gra type="gra" index="1" head="3" relation="JCT"/></mor></w>
    <w>there<mor type="mor"><mw><pos><c>adv</c></pos><stem>there</stem></mw><gra type="gra" index="2" head="3" relation="JCT"/></mor></w>
    <g><w>corner<mor type="mor"><mw><pos><c>n</c></pos><stem>corner</stem></mw><gra type="gra" index="3" head="0" relation="INCROOT"/></mor></w><ga type="explanation">up there on the corner</ga></g>
    <t type="p"><mor type="mor"><mt type="p"/><gra type="gra" index="4" head="3" relation="PUNCT"/></mor></t>

    <a type="extension" flavor="pho">ʌp dɛə kɑ:nə</a>
    <a type="comments">gesture , pointing</a>
  </u>
  <u who="CHI" uID="u65">
    <w>up<mor type="mor"><mw><pos><c>adv</c></pos><stem>up</stem></mw><gra type="gra" index="1" head="2" relation="JCT"/></mor></w>
    <w>there<mor type="mor"><mw><pos><c>adv</c></pos><stem>there</stem></mw><gra type="gra" index="2" head="0" relation="ROOT"/></mor></w>
    <t type="p"><mor type="mor"><mt type="p"/><gra type="gra" index="3" head="2" relation="PUNCT"/></mor></t>

    <a type="extension" flavor="pho">ʌpɛə</a>
    <a type="comments">spoken as one word</a>
  </u>
  <u who="CHI" uID="u66">
    <w>more<mor type="mor"><mw><pos><c>qn</c></pos><stem>more</stem></mw><gra type="gra" index="1" head="2" relation="QUANT"/></mor></w>
    <w>toast<mor type="mor"><mw><pos><c>n</c></pos><stem>toast</stem></mw><gra type="gra" index="2" head="0" relation="INCROOT"/></mor></w>
    <t type="p"><mor type="mor"><mt type="p"/><gra type="gra" index="3" head="2" relation="PUNCT"/></mor></t>

    <a type="extension" flavor="pho">mɑ: təʊst</a>
  </u>
  <u who="CHI" uID="u67">
    <w>blue<mor type="mor"><mw><pos><c>adj</c></pos><stem>blue</stem></mw><gra type="gra" index="1" head="2" relation="MOD"/></mor></w>
    <w>tit<mor type="mor"><mw><pos><c>n</c></pos><stem>tit</stem></mw><gra type="gra" index="2" head="0" relation="INCROOT"/></mor></w>
    <t type="p"><mor type="mor"><mt type="p"/><gra type="gra" index="3" head="2" relation="PUNCT"/></mor></t>

    <a type="extension" flavor="pho">bu: tıt</a>
    <a type="comments">imit</a>
  </u>
  <u who="CHI" uID="u68">
    <w>animals<mor type="mor"><mw><pos><c>n</c></pos><stem>animal</stem><mk type="sfx">PL</mk></mw><gra type="gra" index="1" head="0" relation="INCROOT"/></mor></w>
    <t type="p"><mor type="mor"><mt type="p"/><gra type="gra" index="2" head="1" relation="PUNCT"/></mor></t>

    <a type="extension" flavor="pho">ænu:s [*]</a>
    <a type="errcoding">second syllable deleted;</a>
  </u>
  <u who="CHI" uID="u69">
    <w>oh<mor type="mor"><mw><pos><c>co</c></pos><stem>oh</stem></mw><gra type="gra" index="1" head="3" relation="COM"/></mor></w>
    <w>dear<mor type="mor"><mw><pos><c>co</c></pos><stem>dear</stem></mw><gra type="gra" index="2" head="3" relation="COM"/></mor></w>
    <g><w>corner<mor type="mor"><mw><pos><c>n</c></pos><stem>corner</stem></mw><gra type="gra" index="3" head="0" relation="INCROOT"/></mor></w><ga type="explanation">oh dear ! something's fallen in the corner</ga></g>
    <t type="p"><mor type="mor"><mt type="p"/><gra type="gra" index="4" head="3" relation="PUNCT"/></mor></t>

    <a type="extension" flavor="pho">əʊ diə kɑ .nə</a>
  </u>
  <u who="CHI" uID="u70">
    <w>gone<mor type="mor"><mw><pos><c>part</c></pos><stem>go</stem><mk type="sfxf">PASTP</mk></mw><gra type="gra" index="1" head="0" relation="INCROOT"/></mor></w>
    <w>now<mor type="mor"><mw><pos><c>adv</c></pos><stem>now</stem></mw><gra type="gra" index="2" head="1" relation="JCT"/></mor></w>
    <t type="p"><mor type="mor"><mt type="p"/><gra type="gra" index="3" head="1" relation="PUNCT"/></mor></t>

    <a type="extension" flavor="pho">ɡɒn: nəʊ</a>
  </u>
  <u who="CHI" uID="u71">
    <w>crispies<mor type="mor"><mw><pos><c>n</c></pos><stem>crisp</stem><mk type="sfxf">dadj</mk><mk type="sfx">DIM</mk><mk type="sfx">PL</mk></mw><gra type="gra" index="1" head="2" relation="MOD"/></mor></w>
    <g><w>wipe<mor type="mor"><mw><pos><c>n</c></pos><stem>wipe</stem></mw><gra type="gra" index="2" head="0" relation="INCROOT"/></mor></w><ga type="explanation">wipe up the crispies</ga></g>
    <t type="p"><mor type="mor"><mt type="p"/><gra type="gra" index="3" head="2" relation="PUNCT"/></mor></t>

    <a type="extension" flavor="pho">pıpız [*] waıp</a>
    <a type="errcoding">consonant harmony;</a>
    <a type="comments">imit of Jenny</a>
  </u>
  <u who="CHI" uID="u72">
    <w>chocolate<mor type="mor"><mw><pos><c>n</c></pos><stem>chocolate</stem></mw><gra type="gra" index="1" head="2" relation="MOD"/></mor></w>
    <g><w>wipe<mor type="mor"><mw><pos><c>n</c></pos><stem>wipe</stem></mw><gra type="gra" index="2" head="0" relation="INCROOT"/></mor></w><ga type="explanation">wipe up the chocolate</ga></g>
    <t type="p"><mor type="mor"><mt type="p"/><gra type="gra" index="3" head="2" relation="PUNCT"/></mor></t>

    <a type="extension" flavor="pho">kɒki [*] waıp</a>
    <a type="errcoding">consonant harmony;</a>
  </u>
  <u who="CHI" uID="u73">
    <w>basket<mor type="mor"><mw><pos><c>n</c></pos><stem>basket</stem></mw><gra type="gra" index="1" head="2" relation="MOD"/></mor></w>
    <g><w>another<mor type="mor"><mw><pos><c>qn</c></pos><stem>another</stem></mw><gra type="gra" index="2" head="0" relation="INCROOT"/></mor></w><ga type="explanation">another basket</ga></g>
    <t type="p"><mor type="mor"><mt type="p"/><gra type="gra" index="3" head="2" relation="PUNCT"/></mor></t>

    <a type="extension" flavor="pho">bɑ .skıt lɛləʊ</a>
  </u>
  <u who="CHI" uID="u74">
    <w>polar<mor type="mor"><mw><pos><c>adj</c></pos><stem>polar</stem></mw><gra type="gra" index="1" head="2" relation="MOD"/></mor></w>
    <w>bear<mor type="mor"><mw><pos><c>n</c></pos><stem>bear</stem></mw><gra type="gra" index="2" head="0" relation="INCROOT"/></mor></w>
    <t type="p"><mor type="mor"><mt type="p"/><gra type="gra" index="3" head="2" relation="PUNCT"/></mor></t>

    <a type="extension" flavor="pho">pəʊlə bɛə</a>
    <a type="comments">imit</a>
  </u>
  <u who="CHI" uID="u75">
    <w>lion<mor type="mor"><mw><pos><c>n</c></pos><stem>lion</stem></mw><gra type="gra" index="1" head="0" relation="INCROOT"/></mor></w>
    <t type="p"><mor type="mor"><mt type="p"/><gra type="gra" index="2" head="1" relation="PUNCT"/></mor></t>

    <a type="extension" flavor="pho">laın</a>
  </u>
  <u who="CHI" uID="u76">
    <w>shy<mor type="mor"><mw><pos><c>adj</c></pos><stem>shy</stem></mw><gra type="gra" index="1" head="0" relation="INCROOT"/></mor></w>
    <t type="p"><mor type="mor"><mt type="p"/><gra type="gra" index="2" head="1" relation="PUNCT"/></mor></t>

    <a type="extension" flavor="pho">ʃaı</a>
    <a type="comments">imit</a>
  </u>
  <u who="CHI" uID="u77">
    <w>Daddy<shortening>'s</shortening><mor type="mor"><mw><pos><c>n</c><s>prop</s></pos><stem>Daddy</stem></mw><gra type="gra" index="1" head="0" relation="INCROOT"/><mor-post><mw><pos><c>poss</c></pos><stem>s</stem></mw><gra type="gra" index="2" head="1" relation="POSS"/></mor-post></mor></w>
    <w>busy<mor type="mor"><mw><pos><c>adj</c></pos><stem>busy</stem></mw><gra type="gra" index="3" head="1" relation="PRED"/></mor></w>
    <t type="p"><mor type="mor"><mt type="p"/><gra type="gra" index="4" head="1" relation="PUNCT"/></mor></t>

    <a type="extension" flavor="pho">dædi bızi</a>
  </u>
  <u who="CHI" uID="u78">
    <w>cup<mor type="mor"><mw><pos><c>n</c></pos><stem>cup</stem></mw><gra type="gra" index="1" head="0" relation="INCROOT"/></mor></w>
    <w>of<mor type="mor"><mw><pos><c>prep</c></pos><stem>of</stem></mw><gra type="gra" index="2" head="1" relation="NJCT"/></mor></w>
    <w>tea<mor type="mor"><mw><pos><c>n</c></pos><stem>tea</stem></mw><gra type="gra" index="3" head="2" relation="POBJ"/></mor></w>
    <g><w>Daddy<mor type="mor"><mw><pos><c>n</c><s>prop</s></pos><stem>Daddy</stem></mw><gra type="gra" index="4" head="3" relation="APP"/></mor></w><ga type="explanation">Daddy's cup of tea</ga></g>
    <t type="p"><mor type="mor"><mt type="p"/><gra type="gra" index="5" head="1" relation="PUNCT"/></mor></t>

    <a type="extension" flavor="pho">kʌp ə tıi dædi</a>
  </u>
  <u who="CHI" uID="u79">
    <w>Daddy<shortening>'s</shortening><mor type="mor"><mw><pos><c>n</c><s>prop</s></pos><stem>Daddy</stem></mw><gra type="gra" index="1" head="0" relation="INCROOT"/><mor-post><mw><pos><c>poss</c></pos><stem>s</stem></mw><gra type="gra" index="2" head="1" relation="POSS"/></mor-post></mor></w>
    <w>cup<mor type="mor"><mw><pos><c>n</c></pos><stem>cup</stem></mw><gra type="gra" index="3" head="1" relation="XMOD"/></mor></w>
    <w>of<mor type="mor"><mw><pos><c>prep</c></pos><stem>of</stem></mw><gra type="gra" index="4" head="3" relation="NJCT"/></mor></w>
    <w>tea<mor type="mor"><mw><pos><c>n</c></pos><stem>tea</stem></mw><gra type="gra" index="5" head="4" relation="POBJ"/></mor></w>
    <g><w>Daddy<mor type="mor"><mw><pos><c>n</c><s>prop</s></pos><stem>Daddy</stem></mw><gra type="gra" index="6" head="5" relation="APP"/></mor></w><ga type="explanation">Daddy's cup of tea</ga></g>
    <t type="p"><mor type="mor"><mt type="p"/><gra type="gra" index="7" head="1" relation="PUNCT"/></mor></t>

    <a type="extension" flavor="pho">dædi kʌp ə tıi dædi</a>
    <a type="comments">immediate repetition of preceding utterance</a>
  </u>
  <u who="CHI" uID="u80">
    <w>bike<mor type="mor"><mw><pos><c>n</c></pos><stem>bike</stem></mw><gra type="gra" index="1" head="0" relation="INCROOT"/></mor></w>
    <t type="p"><mor type="mor"><mt type="p"/><gra type="gra" index="2" head="1" relation="PUNCT"/></mor></t>

    <a type="extension" flavor="pho">baık</a>
  </u>
  <u who="CHI" uID="u81">
    <w>fight<mor type="mor"><mw><pos><c>n</c></pos><stem>fight</stem></mw><gra type="gra" index="1" head="0" relation="INCROOT"/></mor></w>
    <t type="p"><mor type="mor"><mt type="p"/><gra type="gra" index="2" head="1" relation="PUNCT"/></mor></t>

    <a type="extension" flavor="pho">ϕaıt</a>
  </u>
  <u who="CHI" uID="u82">
    <w>gone<mor type="mor"><mw><pos><c>part</c></pos><stem>go</stem><mk type="sfxf">PASTP</mk></mw><gra type="gra" index="1" head="0" relation="INCROOT"/></mor></w>
    <w>now<mor type="mor"><mw><pos><c>adv</c></pos><stem>now</stem></mw><gra type="gra" index="2" head="1" relation="JCT"/></mor></w>
    <t type="p"><mor type="mor"><mt type="p"/><gra type="gra" index="3" head="1" relation="PUNCT"/></mor></t>

    <a type="extension" flavor="pho">ɡɒnaʊ</a>
  </u>
  <u who="CHI" uID="u83">
    <w>ups_a_daisy<mor type="mor"><mw><pos><c>co</c></pos><stem>ups_a_daisy</stem></mw><gra type="gra" index="1" head="0" relation="INCROOT"/></mor></w>
    <t type="p"><mor type="mor"><mt type="p"/><gra type="gra" index="2" head="1" relation="PUNCT"/></mor></t>

    <a type="extension" flavor="pho">ʌpsədeıbi</a>
  </u>
  <u who="CHI" uID="u84">
    <w>leave<mor type="mor"><mw><pos><c>n</c></pos><stem>leave</stem></mw><gra type="gra" index="1" head="0" relation="INCROOT"/></mor></w>
    <w>alone<mor type="mor"><mw><pos><c>adv</c></pos><stem>alone</stem></mw><gra type="gra" index="2" head="1" relation="JCT"/></mor></w>
    <t type="p"><mor type="mor"><mt type="p"/><gra type="gra" index="3" head="1" relation="PUNCT"/></mor></t>

    <a type="extension" flavor="pho">li:v ələʊn</a>
  </u>
  <u who="CHI" uID="u85">
    <w>bag<mor type="mor"><mw><pos><c>n</c></pos><stem>bag</stem></mw><gra type="gra" index="1" head="0" relation="INCROOT"/></mor></w>
    <t type="p"><mor type="mor"><mt type="p"/><gra type="gra" index="2" head="1" relation="PUNCT"/></mor></t>

    <a type="extension" flavor="pho">bæɡ̚</a>
  </u>
  <u who="CHI" uID="u86">
    <w>reindeer<mor type="mor"><mw><pos><c>n</c></pos><stem>reindeer</stem></mw><gra type="gra" index="1" head="0" relation="INCROOT"/></mor></w>
    <t type="p"><mor type="mor"><mt type="p"/><gra type="gra" index="2" head="1" relation="PUNCT"/></mor></t>

    <a type="extension" flavor="pho">ʋeındıə</a>
    <a type="comments">imit</a>
  </u>
  <u who="CHI" uID="u87">
    <w>keys<mor type="mor"><mw><pos><c>v</c></pos><stem>key</stem><mk type="sfx">3S</mk></mw><gra type="gra" index="1" head="0" relation="ROOT"/></mor></w>
    <t type="p"><mor type="mor"><mt type="p"/><gra type="gra" index="2" head="1" relation="PUNCT"/></mor></t>

    <a type="extension" flavor="pho">ki:z</a>
  </u>
  <u who="CHI" uID="u88">
    <w>kiss<mor type="mor"><mw><pos><c>n</c></pos><stem>kiss</stem></mw><gra type="gra" index="1" head="0" relation="INCROOT"/></mor></w>
    <t type="p"><mor type="mor"><mt type="p"/><gra type="gra" index="2" head="1" relation="PUNCT"/></mor></t>

    <a type="extension" flavor="pho">kıs̪</a>
  </u>
  <u who="CHI" uID="u89">
    <w>Daddy's<mor type="mor"><mw><pos><c>n</c><s>prop</s></pos><stem>Daddy</stem></mw><gra type="gra" index="1" head="3" relation="MOD"/><mor-post><mw><pos><c>poss</c></pos><stem>s</stem></mw><gra type="gra" index="2" head="1" relation="POSS"/></mor-post></mor></w>
    <g><w>man<mor type="mor"><mw><pos><c>n</c></pos><stem>man</stem></mw><gra type="gra" index="3" head="0" relation="INCROOT"/></mor></w><ga type="alternative">got some men</ga></g>
    <t type="p"><mor type="mor"><mt type="p"/><gra type="gra" index="4" head="3" relation="PUNCT"/></mor></t>

    <a type="extension" flavor="pho">dædız mɛ:n</a>
    <a type="explanation">on finding some toy soldiers in Daddy's briefcase</a>
  </u>
  <u who="CHI" uID="u90">
    <w>hat<mor type="mor"><mw><pos><c>n</c></pos><stem>hat</stem></mw><gra type="gra" index="1" head="0" relation="INCROOT"/></mor></w>
    <g><w>on<mor type="mor"><mw><pos><c>adv</c></pos><stem>on</stem></mw><gra type="gra" index="2" head="1" relation="JCT"/></mor></w><ga type="alternative">put my hat on</ga></g>
    <t type="p"><mor type="mor"><mt type="p"/><gra type="gra" index="3" head="1" relation="PUNCT"/></mor></t>

    <a type="extension" flavor="pho">hʌt ʌn</a>
  </u>
  <u who="CHI" uID="u91">
    <w>shopping<mor type="mor"><mw><pos><c>part</c></pos><stem>shop</stem><mk type="sfx">PRESP</mk></mw><gra type="gra" index="1" head="0" relation="INCROOT"/></mor></w>
    <t type="p"><mor type="mor"><mt type="p"/><gra type="gra" index="2" head="1" relation="PUNCT"/></mor></t>

    <a type="extension" flavor="pho">pɒpın [*]</a>
    <a type="errcoding">consonant harmony;</a>
  </u>
  <u who="CHI" uID="u92">
    <w>Daddy's<mor type="mor"><mw><pos><c>n</c><s>prop</s></pos><stem>Daddy</stem></mw><gra type="gra" index="1" head="3" relation="MOD"/><mor-post><mw><pos><c>poss</c></pos><stem>s</stem></mw><gra type="gra" index="2" head="1" relation="POSS"/></mor-post></mor></w>
    <w>book<mor type="mor"><mw><pos><c>n</c></pos><stem>book</stem></mw><gra type="gra" index="3" head="0" relation="INCROOT"/></mor></w>
    <t type="p"><mor type="mor"><mt type="p"/><gra type="gra" index="4" head="3" relation="PUNCT"/></mor></t>

    <a type="extension" flavor="pho">dædız bək</a>
  </u>
  <u who="CHI" uID="u93">
    <w>Daddy's<mor type="mor"><mw><pos><c>n</c><s>prop</s></pos><stem>Daddy</stem></mw><gra type="gra" index="1" head="3" relation="MOD"/><mor-post><mw><pos><c>poss</c></pos><stem>s</stem></mw><gra type="gra" index="2" head="1" relation="POSS"/></mor-post></mor></w>
    <w>man<mor type="mor"><mw><pos><c>n</c></pos><stem>man</stem></mw><gra type="gra" index="3" head="0" relation="INCROOT"/></mor></w>
    <t type="p"><mor type="mor"><mt type="p"/><gra type="gra" index="4" head="3" relation="PUNCT"/></mor></t>

    <a type="extension" flavor="pho">dædız mæ:n</a>
    <a type="explanation">referring to toy soldier</a>
  </u>
  <u who="CHI" uID="u94">
    <w>upstairs<mor type="mor"><mw><pos><c>adv</c></pos><stem>upstairs</stem></mw><gra type="gra" index="1" head="2" relation="JCT"/></mor></w>
    <g><w>Suki<mor type="mor"><mw><pos><c>n</c><s>prop</s></pos><stem>Suki</stem></mw><gra type="gra" index="2" head="0" relation="ROOT"/></mor></w><ga type="explanation">Suki is upstairs</ga></g>
    <t type="p"><mor type="mor"><mt type="p"/><gra type="gra" index="3" head="2" relation="PUNCT"/></mor></t>

    <a type="extension" flavor="pho">ʌpstɛəz su:ki</a>
  </u>
  <u who="CHI" uID="u95">
    <w>Suki<shortening>'s</shortening><mor type="mor"><mw><pos><c>n</c><s>prop</s></pos><stem>Suki</stem></mw><gra type="gra" index="1" head="3" relation="SUBJ"/><mor-post><mw><pos><c>aux</c></pos><stem>be</stem><mk type="sfxf">3S</mk></mw><gra type="gra" index="2" head="3" relation="AUX"/></mor-post></mor></w>
    <w>gone<mor type="mor"><mw><pos><c>part</c></pos><stem>go</stem><mk type="sfxf">PASTP</mk></mw><gra type="gra" index="3" head="0" relation="ROOT"/></mor></w>
    <t type="p"><mor type="mor"><mt type="p"/><gra type="gra" index="4" head="3" relation="PUNCT"/></mor></t>

    <a type="extension" flavor="pho">su:ki ɡɒn</a>
  </u>
  <u who="CHI" uID="u96">
    <w>worn<mor type="mor"><mw><pos><c>part</c></pos><stem>wear</stem><mk type="sfxf">PASTP</mk></mw><gra type="gra" index="1" head="0" relation="INCROOT"/></mor></w>
    <w>out<mor type="mor"><mw><pos><c>adv</c></pos><stem>out</stem></mw><gra type="gra" index="2" head="1" relation="JCT"/></mor></w>
    <t type="p"><mor type="mor"><mt type="p"/><gra type="gra" index="3" head="1" relation="PUNCT"/></mor></t>

    <a type="extension" flavor="pho">ɑ:n ɑʊt</a>
    <a type="comments">imit</a>
  </u>
  <u who="CHI" uID="u97">
    <w>enough<mor type="mor"><mw><pos><c>adv</c></pos><stem>enough</stem></mw><gra type="gra" index="1" head="0" relation="INCROOT"/></mor></w>
    <t type="p"><mor type="mor"><mt type="p"/><gra type="gra" index="2" head="1" relation="PUNCT"/></mor></t>

    <a type="extension" flavor="pho">nʌf [*]</a>
    <a type="errcoding">first syllable deleted;</a>
    <a type="comments">imit</a>
  </u>
  <u who="CHI" uID="u98">
    <w>table<mor type="mor"><mw><pos><c>n</c></pos><stem>table</stem></mw><gra type="gra" index="1" head="0" relation="INCROOT"/></mor></w>
    <t type="p"><mor type="mor"><mt type="p"/><gra type="gra" index="2" head="1" relation="PUNCT"/></mor></t>

    <a type="extension" flavor="pho">teıbʊ</a>
  </u>
  <u who="CHI" uID="u99">
    <w>tables<mor type="mor"><mw><pos><c>v</c></pos><stem>table</stem><mk type="sfx">3S</mk></mw><gra type="gra" index="1" head="0" relation="ROOT"/></mor></w>
    <t type="p"><mor type="mor"><mt type="p"/><gra type="gra" index="2" head="1" relation="PUNCT"/></mor></t>

    <a type="extension" flavor="pho">teıbʊz</a>
    <a type="comments">two separate renditions - both referring to singular object</a>
  </u>
  <u who="CHI" uID="u100">
    <g><w>wireless<mor type="mor"><mw><pos><c>adj</c></pos><stem>wire</stem><mk type="sfxf">dn</mk><mk type="sfx">LESS</mk></mw><gra type="gra" index="1" head="0" relation="INCROOT"/></mor></w><ga type="explanation">radio</ga></g>
    <t type="p"><mor type="mor"><mt type="p"/><gra type="gra" index="2" head="1" relation="PUNCT"/></mor></t>

    <a type="extension" flavor="pho">ʋɑ:les</a>
  </u>
  <u who="CHI" uID="u101">
    <w>alone<mor type="mor"><mw><pos><c>adv</c></pos><stem>alone</stem></mw><gra type="gra" index="1" head="2" relation="JCT"/></mor></w>
    <w>love<mor type="mor"><mw><pos><c>v</c></pos><stem>love</stem></mw><gra type="gra" index="2" head="0" relation="ROOT"/></mor></w>
    <t type="p"><mor type="mor"><mt type="p"/><gra type="gra" index="3" head="2" relation="PUNCT"/></mor></t>

    <a type="extension" flavor="pho">ləʊn lʌv</a>
    <a type="comments">imit</a>
  </u>
  <u who="CHI" uID="u102">
    <w>gone<mor type="mor"><mw><pos><c>part</c></pos><stem>go</stem><mk type="sfxf">PASTP</mk></mw><gra type="gra" index="1" head="0" relation="INCROOT"/></mor></w>
    <t type="p"><mor type="mor"><mt type="p"/><gra type="gra" index="2" head="1" relation="PUNCT"/></mor></t>

    <a type="extension" flavor="pho">ɡɒn</a>
  </u>
  <u who="CHI" uID="u103">
    <w>gone<mor type="mor"><mw><pos><c>part</c></pos><stem>go</stem><mk type="sfxf">PASTP</mk></mw><gra type="gra" index="1" head="0" relation="INCROOT"/></mor></w>
    <t type="p"><mor type="mor"><mt type="p"/><gra type="gra" index="2" head="1" relation="PUNCT"/></mor></t>

    <a type="extension" flavor="pho">ɡən</a>
    <a type="comments">two separate renditions</a>
  </u>
  <u who="CHI" uID="u104">
    <w>horse<mor type="mor"><mw><pos><c>n</c></pos><stem>horse</stem></mw><gra type="gra" index="1" head="0" relation="INCROOT"/></mor></w>
    <t type="p"><mor type="mor"><mt type="p"/><gra type="gra" index="2" head="1" relation="PUNCT"/></mor></t>

    <a type="extension" flavor="pho">hɑ:si</a>
  </u>
  <u who="CHI" uID="u105">
    <w>curtains<mor type="mor"><mw><pos><c>n</c></pos><stem>curtain</stem><mk type="sfx">PL</mk></mw><gra type="gra" index="1" head="0" relation="INCROOT"/></mor></w>
    <t type="p"><mor type="mor"><mt type="p"/><gra type="gra" index="2" head="1" relation="PUNCT"/></mor></t>

    <a type="extension" flavor="pho">k̚ətənz</a>
  </u>
  <u who="CHI" uID="u106">
    <w>Daddy<mor type="mor"><mw><pos><c>n</c><s>prop</s></pos><stem>Daddy</stem></mw><gra type="gra" index="1" head="2" relation="SUBJ"/></mor></w>
    <w type="omission">and<mor type="mor"><mw><pos><c>0conj</c></pos><stem>and</stem></mw><gra type="gra" index="2" head="0" relation="ROOT"/></mor></w>
    <w>Mummy<mor type="mor"><mw><pos><c>n</c><s>prop</s></pos><stem>Mummy</stem></mw><gra type="gra" index="3" head="2" relation="APP"/></mor></w>
    <t type="p"><mor type="mor"><mt type="p"/><gra type="gra" index="4" head="2" relation="PUNCT"/></mor></t>

    <a type="extension" flavor="pho">dædi mʌmi</a>
    <a type="explanation">when they came in together</a>
  </u>
  <u who="CHI" uID="u107">
    <w>apple<mor type="mor"><mw><pos><c>n</c></pos><stem>apple</stem></mw><gra type="gra" index="1" head="0" relation="INCROOT"/></mor></w>
    <t type="p"><mor type="mor"><mt type="p"/><gra type="gra" index="2" head="1" relation="PUNCT"/></mor></t>

    <a type="extension" flavor="pho">apʰ u</a>
  </u>
  <u who="CHI" uID="u108">
    <w>chocolate<mor type="mor"><mw><pos><c>n</c></pos><stem>chocolate</stem></mw><gra type="gra" index="1" head="2" relation="MOD"/></mor></w>
    <w>biscuit<mor type="mor"><mw><pos><c>n</c></pos><stem>biscuit</stem></mw><gra type="gra" index="2" head="0" relation="INCROOT"/></mor></w>
    <t type="p"><mor type="mor"><mt type="p"/><gra type="gra" index="3" head="2" relation="PUNCT"/></mor></t>

    <a type="extension" flavor="pho">kɒki bıskıt</a>
  </u>
  <u who="CHI" uID="u109">
    <w>biscuit<mor type="mor"><mw><pos><c>n</c></pos><stem>biscuit</stem></mw><gra type="gra" index="1" head="2" relation="MOD"/></mor></w>
    <w>please<mor type="mor"><mw><pos><c>co</c></pos><stem>please</stem></mw><gra type="gra" index="2" head="0" relation="INCROOT"/></mor></w>
    <t type="p"><mor type="mor"><mt type="p"/><gra type="gra" index="3" head="2" relation="PUNCT"/></mor></t>

    <a type="extension" flavor="pho">bıskıt pi:s [*]</a>
    <a type="errcoding">second element of cluster deleted;</a>
  </u>
  <u who="CHI" uID="u110">
    <w>heavy<mor type="mor"><mw><pos><c>adj</c></pos><stem>heavy</stem></mw><gra type="gra" index="1" head="0" relation="INCROOT"/></mor></w>
    <t type="p"><mor type="mor"><mt type="p"/><gra type="gra" index="2" head="1" relation="PUNCT"/></mor></t>

    <a type="extension" flavor="pho">hɛʋi</a>
  </u>
  <u who="CHI" uID="u111">
    <w>tin<mor type="mor"><mw><pos><c>n</c></pos><stem>tin</stem></mw><gra type="gra" index="1" head="0" relation="INCROOT"/></mor></w>
    <t type="p"><mor type="mor"><mt type="p"/><gra type="gra" index="2" head="1" relation="PUNCT"/></mor></t>

    <a type="extension" flavor="pho">tın</a>
  </u>
  <u who="CHI" uID="u112">
    <w>more<mor type="mor"><mw><pos><c>qn</c></pos><stem>more</stem></mw><gra type="gra" index="1" head="2" relation="QUANT"/></mor></w>
    <w>tins<mor type="mor"><mw><pos><c>n</c></pos><stem>tin</stem><mk type="sfx">PL</mk></mw><gra type="gra" index="2" head="0" relation="INCROOT"/></mor></w>
    <t type="p"><mor type="mor"><mt type="p"/><gra type="gra" index="3" head="2" relation="PUNCT"/></mor></t>

    <a type="extension" flavor="pho">mɑ: tınz</a>
  </u>
  <u who="CHI" uID="u113">
    <w>Jenny<mor type="mor"><mw><pos><c>n</c><s>prop</s></pos><stem>Jenny</stem></mw><gra type="gra" index="1" head="0" relation="INCROOT"/></mor></w>
    <t type="p"><mor type="mor"><mt type="p"/><gra type="gra" index="2" head="1" relation="PUNCT"/></mor></t>

    <a type="extension" flavor="pho">d̪ʒeni</a>
  </u>
  <u who="CHI" uID="u114">
    <w>Lucy<mor type="mor"><mw><pos><c>n</c><s>prop</s></pos><stem>Lucy</stem></mw><gra type="gra" index="1" head="0" relation="INCROOT"/></mor></w>
    <w>Lockett<mor type="mor"><mw><pos><c>n</c><s>prop</s></pos><stem>Lockett</stem></mw><gra type="gra" index="2" head="1" relation="APP"/></mor></w>
    <t type="p"><mor type="mor"><mt type="p"/><gra type="gra" index="3" head="1" relation="PUNCT"/></mor></t>

    <a type="extension" flavor="pho">lu:si lʌkıt</a>
  </u>
  <u who="CHI" uID="u115">
    <w>bark<mor type="mor"><mw><pos><c>n</c></pos><stem>bark</stem></mw><gra type="gra" index="1" head="0" relation="INCROOT"/></mor></w>
    <t type="p"><mor type="mor"><mt type="p"/><gra type="gra" index="2" head="1" relation="PUNCT"/></mor></t>

    <a type="extension" flavor="pho">ba:k</a>
    <a type="comments">imit</a>
  </u>
  <u who="CHI" uID="u116">
    <w>careful<mor type="mor"><mw><pos><c>adj</c></pos><stem>care</stem><mk type="sfxf">dn</mk><mk type="sfx">FULL</mk></mw><gra type="gra" index="1" head="0" relation="INCROOT"/></mor></w>
    <t type="p"><mor type="mor"><mt type="p"/><gra type="gra" index="2" head="1" relation="PUNCT"/></mor></t>

    <a type="extension" flavor="pho">kɛəfʊ</a>
  </u>
  <u who="CHI" uID="u117">
    <w>Daddy<mor type="mor"><mw><pos><c>n</c><s>prop</s></pos><stem>Daddy</stem></mw><gra type="gra" index="1" head="2" relation="MOD"/></mor></w>
    <g><w>lunch<mor type="mor"><mw><pos><c>n</c></pos><stem>lunch</stem></mw><gra type="gra" index="2" head="0" relation="INCROOT"/></mor></w><ga type="explanation">Daddy's having his lunch</ga></g>
    <t type="p"><mor type="mor"><mt type="p"/><gra type="gra" index="3" head="2" relation="PUNCT"/></mor></t>

    <a type="extension" flavor="pho">dædi lʌn [*]</a>
    <a type="errcoding">final consonant deleted;</a>
  </u>
  <u who="CHI" uID="u118">
    <w>too<mor type="mor"><mw><pos><c>adv</c></pos><stem>too</stem></mw><gra type="gra" index="1" head="2" relation="JCT"/></mor></w>
    <w>hot<mor type="mor"><mw><pos><c>adj</c></pos><stem>hot</stem></mw><gra type="gra" index="2" head="0" relation="ROOT"/></mor></w>
    <t type="p"><mor type="mor"><mt type="p"/><gra type="gra" index="3" head="2" relation="PUNCT"/></mor></t>

    <a type="extension" flavor="pho">tu hɑt</a>
  </u>
  <u who="CHI" uID="u119">
    <w>got<mor type="mor"><mw><pos><c>v</c></pos><stem>get</stem><mk type="sfxf">PAST</mk></mw><gra type="gra" index="1" head="0" relation="ROOT"/></mor></w>
    <g><w>you<mor type="mor"><mw><pos><c>pro</c></pos><stem>you</stem></mw><gra type="gra" index="2" head="1" relation="OBJ"/></mor></w><ga type="explanation">don't let me fall</ga></g>
    <t type="p"><mor type="mor"><mt type="p"/><gra type="gra" index="3" head="1" relation="PUNCT"/></mor></t>

    <a type="extension" flavor="pho">ɡɒtʃu</a>
    <a type="comments">delayed imit of parents saying 'I've got you'</a>
  </u>
  <u who="CHI" uID="u120">
    <w>Daddy's<mor type="mor"><mw><pos><c>n</c><s>prop</s></pos><stem>Daddy</stem></mw><gra type="gra" index="1" head="3" relation="SUBJ"/><mor-post><mw><pos><c>poss</c></pos><stem>s</stem></mw><gra type="gra" index="2" head="1" relation="POSS"/></mor-post></mor></w>
    <g><w>one<mor type="mor"><mw><pos><c>pro</c><s>indef</s></pos><stem>one</stem></mw><gra type="gra" index="3" head="0" relation="ROOT"/></mor></w><ga type="alternative">Daddy's got one</ga></g>
    <t type="p"><mor type="mor"><mt type="p"/><gra type="gra" index="4" head="3" relation="PUNCT"/></mor></t>

    <a type="extension" flavor="pho">dædi ʋʌn</a>
  </u>
  <comment type="Generic">ϕ is used to represent the voiced bilabial fricative.</comment>
</CHAT>