<?xml version="1.0" encoding="UTF-8"?>

<CHAT xmlns:xsi="http://www.w3.org/2001/XMLSchema-instance"
      xmlns="http://www.talkbank.org/ns/talkbank"
      xsi:schemaLocation="http://www.talkbank.org/ns/talkbank http://talkbank.org/software/talkbank.xsd"
      PID="11312/c-00019095-1"
      Version="2.3.0"
      Lang="eng"
      Corpus="Cruttenden"
      Date="1969-08-07">
  <Participants>
    <participant
      id="CHI"
    name="Lucy"
      role="Target_Child"
      language="eng"
      age="P2Y3M17D"
      sex="female"
      group="typical"

    />
  </Participants>
  <comment type="Date">07-AUG-1969</comment>
  <u who="CHI" uID="u0">
    <w>got<mor type="mor"><mw><pos><c>v</c></pos><stem>get</stem><mk type="sfxf">PAST</mk></mw><gra type="gra" index="1" head="0" relation="ROOT"/></mor></w>
    <w>a<mor type="mor"><mw><pos><c>art</c></pos><stem>a</stem></mw><gra type="gra" index="2" head="3" relation="MOD"/></mor></w>
    <w>blanket<mor type="mor"><mw><pos><c>n</c></pos><stem>blanket</stem></mw><gra type="gra" index="3" head="1" relation="OBJ"/></mor></w>
    <t type="p"><mor type="mor"><mt type="p"/><gra type="gra" index="4" head="1" relation="PUNCT"/></mor></t>

    <a type="extension" flavor="pho">ɡɒt ə blæŋkıt</a>
  </u>
  <u who="CHI" uID="u1">
    <w>there's<mor type="mor"><mw><pos><c>pro</c><s>exist</s></pos><stem>there</stem></mw><gra type="gra" index="1" head="2" relation="SUBJ"/><mor-post><mw><pos><c>cop</c></pos><stem>be</stem><mk type="sfxf">3S</mk></mw><gra type="gra" index="2" head="0" relation="ROOT"/></mor-post></mor></w>
    <w>a<mor type="mor"><mw><pos><c>art</c></pos><stem>a</stem></mw><gra type="gra" index="3" head="4" relation="MOD"/></mor></w>
    <w>nappie<mor type="mor"><mw><pos><c>n</c></pos><stem>nappie</stem></mw><gra type="gra" index="4" head="2" relation="PRED"/></mor></w>
    <t type="p"><mor type="mor"><mt type="p"/><gra type="gra" index="5" head="2" relation="PUNCT"/></mor></t>

    <a type="extension" flavor="pho">dɛəz [*] ə næpi</a>
    <a type="errcoding">voiced dental fricative replaced by voiced alveolar plosive;</a>
  </u>
  <u who="CHI" uID="u2">
    <w>Lucky<mor type="mor"><mw><pos><c>n</c><s>prop</s></pos><stem>Lucky</stem></mw><gra type="gra" index="1" head="2" relation="SUBJ"/></mor></w>
    <w>go<mor type="mor"><mw><pos><c>v</c></pos><stem>go</stem></mw><gra type="gra" index="2" head="0" relation="ROOT"/></mor></w>
    <w>to<mor type="mor"><mw><pos><c>prep</c></pos><stem>to</stem></mw><gra type="gra" index="3" head="2" relation="JCT"/></mor></w>
    <w>bed<mor type="mor"><mw><pos><c>n</c></pos><stem>bed</stem></mw><gra type="gra" index="4" head="3" relation="POBJ"/></mor></w>
    <w>in<mor type="mor"><mw><pos><c>adv</c></pos><stem>in</stem></mw><gra type="gra" index="5" head="4" relation="NJCT"/></mor></w>
    <w>here<mor type="mor"><mw><pos><c>adv</c></pos><stem>here</stem></mw><gra type="gra" index="6" head="5" relation="JCT"/></mor></w>
    <t type="p"><mor type="mor"><mt type="p"/><gra type="gra" index="7" head="2" relation="PUNCT"/></mor></t>

    <a type="extension" flavor="pho">lʌki ɡəʊ tə bed ın hıə</a>
  </u>
  <u who="CHI" uID="u3">
    <w>Lucky's<mor type="mor"><mw><pos><c>n</c><s>prop</s></pos><stem>Lucky</stem></mw><gra type="gra" index="1" head="3" relation="MOD"/><mor-post><mw><pos><c>poss</c></pos><stem>s</stem></mw><gra type="gra" index="2" head="1" relation="POSS"/></mor-post></mor></w>
    <w>fast<mor type="mor"><mw><pos><c>n</c></pos><stem>fast</stem></mw><gra type="gra" index="3" head="0" relation="INCROOT"/></mor></w>
    <w>asleep<mor type="mor"><mw><pos><c>adv</c></pos><stem>asleep</stem></mw><gra type="gra" index="4" head="3" relation="JCT"/></mor></w>
    <w>in<mor type="mor"><mw><pos><c>prep</c></pos><stem>in</stem></mw><gra type="gra" index="5" head="3" relation="JCT"/></mor></w>
    <w>a<mor type="mor"><mw><pos><c>art</c></pos><stem>a</stem></mw><gra type="gra" index="6" head="7" relation="MOD"/></mor></w>
    <w>bed<mor type="mor"><mw><pos><c>n</c></pos><stem>bed</stem></mw><gra type="gra" index="7" head="5" relation="POBJ"/></mor></w>
    <t type="p"><mor type="mor"><mt type="p"/><gra type="gra" index="8" head="3" relation="PUNCT"/></mor></t>

    <a type="extension" flavor="pho">ləkız fɑst əsli:p ın ə bed</a>
  </u>
  <u who="CHI" uID="u4">
    <w>in<mor type="mor"><mw><pos><c>prep</c></pos><stem>in</stem></mw><gra type="gra" index="1" head="0" relation="INCROOT"/></mor></w>
    <w>the<mor type="mor"><mw><pos><c>art</c></pos><stem>the</stem></mw><gra type="gra" index="2" head="3" relation="MOD"/></mor></w>
    <w>bath<wk type="cmp"/>room<mor type="mor"><mwc><pos><c>n</c></pos><mw><pos><c>n</c></pos><stem>bath</stem></mw><mw><pos><c>n</c></pos><stem>room</stem></mw></mwc><gra type="gra" index="3" head="1" relation="POBJ"/></mor></w>
    <t type="p"><mor type="mor"><mt type="p"/><gra type="gra" index="4" head="1" relation="PUNCT"/></mor></t>

    <a type="extension" flavor="pho">ın ə bɑ:srʊm [*]</a>
    <a type="errcoding">voiceless dental fricative replaced by voiceless alveolar fricative;</a>
    <a type="comments">neutralisation of 'a' and 'the' .</a>
  </u>
  <u who="CHI" uID="u5">
    <w>Lucky's<mor type="mor"><mw><pos><c>n</c><s>prop</s></pos><stem>Lucky</stem></mw><gra type="gra" index="1" head="3" relation="SUBJ"/><mor-post><mw><pos><c>aux</c></pos><stem>be</stem><mk type="sfxf">3S</mk></mw><gra type="gra" index="2" head="3" relation="AUX"/></mor-post></mor></w>
    <w>gone<mor type="mor"><mw><pos><c>part</c></pos><stem>go</stem><mk type="sfxf">PASTP</mk></mw><gra type="gra" index="3" head="0" relation="ROOT"/></mor></w>
    <w>now<mor type="mor"><mw><pos><c>adv</c></pos><stem>now</stem></mw><gra type="gra" index="4" head="3" relation="JCT"/></mor></w>
    <t type="p"><mor type="mor"><mt type="p"/><gra type="gra" index="5" head="3" relation="PUNCT"/></mor></t>

    <a type="extension" flavor="pho">lʌkiz ɡɒnaʊ</a>
  </u>
  <u who="CHI" uID="u6">
    <w>all_gone<mor type="mor"><mw><pos><c>co</c></pos><stem>all_gone</stem></mw><gra type="gra" index="1" head="2" relation="COM"/></mor></w>
    <w>now<mor type="mor"><mw><pos><c>adv</c></pos><stem>now</stem></mw><gra type="gra" index="2" head="0" relation="ROOT"/></mor></w>
    <t type="p"><mor type="mor"><mt type="p"/><gra type="gra" index="3" head="2" relation="PUNCT"/></mor></t>

    <a type="extension" flavor="pho">ɔ ɡɒnaʊ</a>
  </u>
  <u who="CHI" uID="u7">
    <w>Lucky<mor type="mor"><mw><pos><c>n</c><s>prop</s></pos><stem>Lucky</stem></mw><gra type="gra" index="1" head="3" relation="SUBJ"/></mor></w>
    <w><shortening>will</shortening><mor type="mor"><mw><pos><c>mod</c></pos><stem>will</stem></mw><gra type="gra" index="2" head="3" relation="AUX"/></mor></w>
    <w><shortening>be</shortening><mor type="mor"><mw><pos><c>cop</c></pos><stem>be</stem></mw><gra type="gra" index="3" head="0" relation="ROOT"/></mor></w>
    <w>fast<mor type="mor"><mw><pos><c>adv</c></pos><stem>fast</stem></mw><gra type="gra" index="4" head="3" relation="JCT"/></mor></w>
    <w>asleep<mor type="mor"><mw><pos><c>adv</c></pos><stem>asleep</stem></mw><gra type="gra" index="5" head="3" relation="JCT"/></mor></w>
    <w>in<mor type="mor"><mw><pos><c>prep</c></pos><stem>in</stem></mw><gra type="gra" index="6" head="3" relation="JCT"/></mor></w>
    <w>a<mor type="mor"><mw><pos><c>art</c></pos><stem>a</stem></mw><gra type="gra" index="7" head="8" relation="MOD"/></mor></w>
    <w>minute<mor type="mor"><mw><pos><c>n</c></pos><stem>minute</stem></mw><gra type="gra" index="8" head="6" relation="POBJ"/></mor></w>
    <t type="p"><mor type="mor"><mt type="p"/><gra type="gra" index="9" head="3" relation="PUNCT"/></mor></t>

    <a type="extension" flavor="pho">lʌki fɑ:st əsli:p ın ə mınıt</a>
  </u>
  <u who="CHI" uID="u8">
    <w>Lucky's<mor type="mor"><mw><pos><c>n</c><s>prop</s></pos><stem>Lucky</stem></mw><gra type="gra" index="1" head="3" relation="SUBJ"/><mor-post><mw><pos><c>aux</c></pos><stem>be</stem><mk type="sfxf">3S</mk></mw><gra type="gra" index="2" head="3" relation="AUX"/></mor-post></mor></w>
    <w>in<mor type="mor"><mw><pos><c>adv</c></pos><stem>in</stem></mw><gra type="gra" index="3" head="0" relation="ROOT"/></mor></w>
    <w>there<mor type="mor"><mw><pos><c>adv</c></pos><stem>there</stem></mw><gra type="gra" index="4" head="3" relation="JCT"/></mor></w>
    <t type="p"><mor type="mor"><mt type="p"/><gra type="gra" index="5" head="3" relation="PUNCT"/></mor></t>

    <a type="extension" flavor="pho">lʌkiz ın dɛə [*]</a>
    <a type="errcoding">voiced dental fricative replaced by voiced alveolar plosive;</a>
  </u>
  <u who="CHI" uID="u9">
    <w>Lucky's<mor type="mor"><mw><pos><c>n</c><s>prop</s></pos><stem>Lucky</stem></mw><gra type="gra" index="1" head="2" relation="SUBJ"/><mor-post><mw><pos><c>cop</c></pos><stem>be</stem><mk type="sfxf">3S</mk></mw><gra type="gra" index="2" head="0" relation="ROOT"/></mor-post></mor></w>
    <w>out_of<mor type="mor"><mw><pos><c>prep</c></pos><stem>out_of</stem></mw><gra type="gra" index="3" head="2" relation="JCT"/></mor></w>
    <w>bed<mor type="mor"><mw><pos><c>n</c></pos><stem>bed</stem></mw><gra type="gra" index="4" head="3" relation="POBJ"/></mor></w>
    <t type="p"><mor type="mor"><mt type="p"/><gra type="gra" index="5" head="2" relation="PUNCT"/></mor></t>

    <a type="extension" flavor="pho">lʌkiz aʊt ə bɛd</a>
  </u>
  <u who="CHI" uID="u10">
    <w>Mummy's<mor type="mor"><mw><pos><c>n</c><s>prop</s></pos><stem>Mummy</stem></mw><gra type="gra" index="1" head="3" relation="SUBJ"/><mor-post><mw><pos><c>aux</c></pos><stem>be</stem><mk type="sfxf">3S</mk></mw><gra type="gra" index="2" head="3" relation="AUX"/></mor-post></mor></w>
    <w>sneezing<mor type="mor"><mw><pos><c>part</c></pos><stem>sneeze</stem><mk type="sfx">PRESP</mk></mw><gra type="gra" index="3" head="0" relation="ROOT"/></mor></w>
    <t type="p"><mor type="mor"><mt type="p"/><gra type="gra" index="4" head="3" relation="PUNCT"/></mor></t>

    <a type="extension" flavor="pho">mʌmız sni:zıŋ</a>
  </u>
  <u who="CHI" uID="u11">
    <w>make<mor type="mor"><mw><pos><c>v</c></pos><stem>make</stem></mw><gra type="gra" index="1" head="0" relation="ROOT"/></mor></w>
    <w>him<mor type="mor"><mw><pos><c>pro</c><s>obj</s></pos><stem>him</stem></mw><gra type="gra" index="2" head="1" relation="OBJ"/></mor></w>
    <w>again<mor type="mor"><mw><pos><c>adv</c></pos><stem>again</stem></mw><gra type="gra" index="3" head="1" relation="JCT"/></mor></w>
    <t type="p"><mor type="mor"><mt type="p"/><gra type="gra" index="4" head="1" relation="PUNCT"/></mor></t>

    <a type="extension" flavor="pho">meık ım əɡɛn</a>
    <a type="explanation">referring to teddy</a>
  </u>
  <u who="CHI" uID="u12">
    <w>Teddy's<mor type="mor"><mw><pos><c>n</c><s>prop</s></pos><stem>Teddy</stem></mw><gra type="gra" index="1" head="3" relation="SUBJ"/><mor-post><mw><pos><c>poss</c></pos><stem>s</stem></mw><gra type="gra" index="2" head="1" relation="POSS"/></mor-post></mor></w>
    <w>fast<mor type="mor"><mw><pos><c>n</c></pos><stem>fast</stem></mw><gra type="gra" index="3" head="0" relation="INCROOT"/></mor></w>
    <w>asleep<mor type="mor"><mw><pos><c>adv</c></pos><stem>asleep</stem></mw><gra type="gra" index="4" head="3" relation="JCT"/></mor></w>
    <w>again<mor type="mor"><mw><pos><c>adv</c></pos><stem>again</stem></mw><gra type="gra" index="5" head="4" relation="JCT"/></mor></w>
    <t type="p"><mor type="mor"><mt type="p"/><gra type="gra" index="6" head="3" relation="PUNCT"/></mor></t>

    <a type="extension" flavor="pho">tɛdız fɑ:st əsli:ps əɡɛn</a>
  </u>
  <u who="CHI" uID="u13">
    <w>all<mor type="mor"><mw><pos><c>post</c></pos><stem>all</stem></mw><gra type="gra" index="1" head="0" relation="INCROOT"/></mor></w>
    <w>go<mor type="mor"><mw><pos><c>v</c></pos><stem>go</stem></mw><gra type="gra" index="2" head="1" relation="ROOT"/></mor></w>
    <w>to<mor type="mor"><mw><pos><c>prep</c></pos><stem>to</stem></mw><gra type="gra" index="3" head="2" relation="JCT"/></mor></w>
    <w>bed<mor type="mor"><mw><pos><c>n</c></pos><stem>bed</stem></mw><gra type="gra" index="4" head="3" relation="POBJ"/></mor></w>
    <w>in<mor type="mor"><mw><pos><c>prep</c></pos><stem>in</stem></mw><gra type="gra" index="5" head="4" relation="NJCT"/></mor></w>
    <w>here<mor type="mor"><mw><pos><c>pro</c><s>dem</s></pos><stem>here</stem></mw><gra type="gra" index="6" head="5" relation="POBJ"/></mor></w>
    <t type="p"><mor type="mor"><mt type="p"/><gra type="gra" index="7" head="2" relation="PUNCT"/></mor></t>

    <a type="extension" flavor="pho">ɔ: ɡəʊ tə bɛd ın hıə</a>
  </u>
  <u who="CHI" uID="u14">
    <w>going<mor type="mor"><mw><pos><c>part</c></pos><stem>go</stem><mk type="sfx">PRESP</mk></mw><gra type="gra" index="1" head="0" relation="INCROOT"/></mor></w>
    <w>coughing<mor type="mor"><mw><pos><c>part</c></pos><stem>cough</stem><mk type="sfx">PRESP</mk></mw><gra type="gra" index="2" head="1" relation="OBJ"/></mor></w>
    <t type="p"><mor type="mor"><mt type="p"/><gra type="gra" index="3" head="1" relation="PUNCT"/></mor></t>

    <a type="extension" flavor="pho">ɡəʊın kɒfın</a>
    <a type="explanation">referring to noise of water in saucepan</a>
  </u>
  <u who="CHI" uID="u15">
    <w>cushion<mor type="mor"><mw><pos><c>n</c></pos><stem>cushion</stem></mw><gra type="gra" index="1" head="0" relation="INCROOT"/></mor></w>
    <w>on<mor type="mor"><mw><pos><c>adv</c></pos><stem>on</stem></mw><gra type="gra" index="2" head="3" relation="JCT"/></mor></w>
    <w>there<mor type="mor"><mw><pos><c>adv</c></pos><stem>there</stem></mw><gra type="gra" index="3" head="1" relation="JCT"/></mor></w>
    <t type="p"><mor type="mor"><mt type="p"/><gra type="gra" index="4" head="1" relation="PUNCT"/></mor></t>

    <a type="extension" flavor="pho">kʊʃn̩ ɒn dɛə</a>
  </u>
  <u who="CHI" uID="u16">
    <w>Daddy's<mor type="mor"><mw><pos><c>n</c><s>prop</s></pos><stem>Daddy</stem></mw><gra type="gra" index="1" head="3" relation="MOD"/><mor-post><mw><pos><c>poss</c></pos><stem>s</stem></mw><gra type="gra" index="2" head="1" relation="POSS"/></mor-post></mor></w>
    <w><shortening>ver</shortening>ruka<mor type="mor"><mw><pos><c>n</c></pos><stem>verruka</stem></mw><gra type="gra" index="3" head="0" relation="INCROOT"/></mor></w>
    <t type="p"><mor type="mor"><mt type="p"/><gra type="gra" index="4" head="3" relation="PUNCT"/></mor></t>

    <a type="extension" flavor="pho">dædız ru:kə [*]</a>
    <a type="errcoding">first syllable omitted;</a>
  </u>
  <u who="CHI" uID="u17">
    <w>Daddy's<mor type="mor"><mw><pos><c>n</c><s>prop</s></pos><stem>Daddy</stem></mw><gra type="gra" index="1" head="0" relation="INCROOT"/><mor-post><mw><pos><c>poss</c></pos><stem>s</stem></mw><gra type="gra" index="2" head="1" relation="POSS"/></mor-post></mor></w>
    <w>busy<mor type="mor"><mw><pos><c>adj</c></pos><stem>busy</stem></mw><gra type="gra" index="3" head="1" relation="PRED"/></mor></w>
    <t type="p"><mor type="mor"><mt type="p"/><gra type="gra" index="4" head="1" relation="PUNCT"/></mor></t>

    <a type="extension" flavor="pho">dædız bızı</a>
  </u>
  <u who="CHI" uID="u18">
    <w>there's<mor type="mor"><mw><pos><c>pro</c><s>exist</s></pos><stem>there</stem></mw><gra type="gra" index="1" head="2" relation="SUBJ"/><mor-post><mw><pos><c>cop</c></pos><stem>be</stem><mk type="sfxf">3S</mk></mw><gra type="gra" index="2" head="0" relation="ROOT"/></mor-post></mor></w>
    <w>a<mor type="mor"><mw><pos><c>art</c></pos><stem>a</stem></mw><gra type="gra" index="3" head="2" relation="PRED"/></mor></w>
    <w>donkey<mor type="mor"><mw><pos><c>n</c></pos><stem>donkey</stem></mw><gra type="gra" index="4" head="3" relation="XMOD"/></mor></w>
    <w>Jenny<mor type="mor"><mw><pos><c>n</c><s>prop</s></pos><stem>Jenny</stem></mw><gra type="gra" index="5" head="4" relation="APP"/></mor></w>
    <t type="p"><mor type="mor"><mt type="p"/><gra type="gra" index="6" head="2" relation="PUNCT"/></mor></t>

    <a type="extension" flavor="pho">dɛəz ə dɒŋki dʒɛni</a>
  </u>
  <u who="CHI" uID="u19">
    <w>there's<mor type="mor"><mw><pos><c>pro</c><s>exist</s></pos><stem>there</stem></mw><gra type="gra" index="1" head="2" relation="SUBJ"/><mor-post><mw><pos><c>cop</c></pos><stem>be</stem><mk type="sfxf">3S</mk></mw><gra type="gra" index="2" head="0" relation="ROOT"/></mor-post></mor></w>
    <w>a<mor type="mor"><mw><pos><c>art</c></pos><stem>a</stem></mw><gra type="gra" index="3" head="4" relation="MOD"/></mor></w>
    <w>tractor<mor type="mor"><mw><pos><c>n</c></pos><stem>tractor</stem></mw><gra type="gra" index="4" head="2" relation="PRED"/></mor></w>
    <t type="p"><mor type="mor"><mt type="p"/><gra type="gra" index="5" head="2" relation="PUNCT"/></mor></t>

    <a type="extension" flavor="pho">dɛəz ə tæktə [*]</a>
    <a type="errcoding">second element of cluster omitted;</a>
  </u>
  <u who="CHI" uID="u20">
    <w>those<mor type="mor"><mw><pos><c>pro</c><s>dem</s></pos><stem>those</stem></mw><gra type="gra" index="1" head="2" relation="SUBJ"/></mor></w>
    <w>are<mor type="mor"><mw><pos><c>cop</c></pos><stem>be</stem><mk type="sfxf">PRES</mk></mw><gra type="gra" index="2" head="0" relation="ROOT"/></mor></w>
    <w>snakes<mor type="mor"><mw><pos><c>n</c></pos><stem>snake</stem><mk type="sfx">PL</mk></mw><gra type="gra" index="3" head="2" relation="PRED"/></mor></w>
    <w>Daddy<mor type="mor"><mw><pos><c>n</c><s>prop</s></pos><stem>Daddy</stem></mw><gra type="gra" index="4" head="3" relation="APP"/></mor></w>
    <t type="p"><mor type="mor"><mt type="p"/><gra type="gra" index="5" head="2" relation="PUNCT"/></mor></t>

    <a type="extension" flavor="pho">dəʊz ə sneıks dædi</a>
  </u>
  <u who="CHI" uID="u21">
    <w>Daddy's<mor type="mor"><mw><pos><c>n</c><s>prop</s></pos><stem>Daddy</stem></mw><gra type="gra" index="1" head="3" relation="SUBJ"/><mor-post><mw><pos><c>poss</c></pos><stem>s</stem></mw><gra type="gra" index="2" head="1" relation="POSS"/></mor-post></mor></w>
    <w>inside<mor type="mor"><mw><pos><c>n</c></pos><stem>inside</stem></mw><gra type="gra" index="3" head="0" relation="INCROOT"/></mor></w>
    <w>now<mor type="mor"><mw><pos><c>adv</c></pos><stem>now</stem></mw><gra type="gra" index="4" head="3" relation="JCT"/></mor></w>
    <t type="p"><mor type="mor"><mt type="p"/><gra type="gra" index="5" head="3" relation="PUNCT"/></mor></t>

    <a type="extension" flavor="pho">dædız ınsaı [*] naʊ</a>
    <a type="errcoding">final consonant deleted;</a>
  </u>
  <u who="CHI" uID="u22">
    <w>Lulu's<mor type="mor"><mw><pos><c>n</c><s>prop</s></pos><stem>Lulu</stem></mw><gra type="gra" index="1" head="3" relation="SUBJ"/><mor-post><mw><pos><c>aux</c></pos><stem>be</stem><mk type="sfxf">3S</mk></mw><gra type="gra" index="2" head="3" relation="AUX"/></mor-post></mor></w>
    <w>having<mor type="mor"><mw><pos><c>part</c></pos><stem>have</stem><mk type="sfx">PRESP</mk></mw><gra type="gra" index="3" head="0" relation="ROOT"/></mor></w>
    <w>another<mor type="mor"><mw><pos><c>qn</c></pos><stem>another</stem></mw><gra type="gra" index="4" head="5" relation="QUANT"/></mor></w>
    <w>one<mor type="mor"><mw><pos><c>pro</c><s>indef</s></pos><stem>one</stem></mw><gra type="gra" index="5" head="3" relation="OBJ"/></mor></w>
    <t type="p"><mor type="mor"><mt type="p"/><gra type="gra" index="6" head="3" relation="PUNCT"/></mor></t>

    <a type="extension" flavor="pho">luluz hævın ənʌd [*] wʌm</a>
    <a type="errcoding">unstressed final syllable deleted;</a>
  </u>
  <comment type="Generic">At this stage , fall-rise commonly used on 'too'.</comment>
</CHAT>