<?xml version="1.0" encoding="UTF-8"?>

<CHAT xmlns:xsi="http://www.w3.org/2001/XMLSchema-instance"
      xmlns="http://www.talkbank.org/ns/talkbank"
      xsi:schemaLocation="http://www.talkbank.org/ns/talkbank http://talkbank.org/software/talkbank.xsd"
      PID="11312/c-00019067-1"
      Version="2.3.0"
      Lang="eng"
      Corpus="Cruttenden"
      Date="1968-10-12">
  <Participants>
    <participant
      id="CHI"
    name="Jane"
      role="Target_Child"
      language="eng"
      age="P1Y5M17D"
      sex="female"
      group="typical"

    />
  </Participants>
  <comment type="Date">12-OCT-1968</comment>
  <u who="CHI" uID="u0">
    <w>book<mor type="mor"><mw><pos><c>n</c></pos><stem>book</stem></mw><gra type="gra" index="1" head="0" relation="INCROOT"/></mor></w>
    <t type="p"><mor type="mor"><mt type="p"/><gra type="gra" index="2" head="1" relation="PUNCT"/></mor></t>

    <a type="extension" flavor="pho">bʊ</a>
  </u>
  <u who="CHI" uID="u1">
    <w>toothbrush<mor type="mor"><mwc><pos><c>n</c></pos><mw><pos><c>n</c></pos><stem>tooth</stem></mw><mw><pos><c>n</c></pos><stem>brush</stem></mw></mwc><gra type="gra" index="1" head="0" relation="INCROOT"/></mor></w>
    <t type="p"><mor type="mor"><mt type="p"/><gra type="gra" index="2" head="1" relation="PUNCT"/></mor></t>

    <a type="extension" flavor="pho">ɡabʊ</a>
  </u>
  <u who="CHI" uID="u2">
    <w>brush<mor type="mor"><mw><pos><c>n</c></pos><stem>brush</stem></mw><gra type="gra" index="1" head="0" relation="INCROOT"/></mor></w>
    <t type="p"><mor type="mor"><mt type="p"/><gra type="gra" index="2" head="1" relation="PUNCT"/></mor></t>

    <a type="extension" flavor="pho">ba</a>
  </u>
  <u who="CHI" uID="u3">
    <w>banana<mor type="mor"><mw><pos><c>n</c></pos><stem>banana</stem></mw><gra type="gra" index="1" head="0" relation="INCROOT"/></mor></w>
    <t type="p"><mor type="mor"><mt type="p"/><gra type="gra" index="2" head="1" relation="PUNCT"/></mor></t>

    <a type="extension" flavor="pho">nɛ</a>
  </u>
  <u who="CHI" uID="u4">
    <w>flowers<mor type="mor"><mw><pos><c>v</c></pos><stem>flower</stem><mk type="sfx">3S</mk></mw><gra type="gra" index="1" head="0" relation="ROOT"/></mor></w>
    <t type="p"><mor type="mor"><mt type="p"/><gra type="gra" index="2" head="1" relation="PUNCT"/></mor></t>

    <a type="extension" flavor="pho">n̥</a>
    <a type="comments">ingressive and onomatopoeic</a>
  </u>
  <u who="CHI" uID="u5">
    <w>representing<mor type="mor"><mw><pos><c>part</c></pos><stem>represent</stem><mk type="sfx">PRESP</mk></mw><gra type="gra" index="1" head="3" relation="MOD"/></mor></w>
    <w>car<mor type="mor"><mw><pos><c>n</c></pos><stem>car</stem></mw><gra type="gra" index="2" head="3" relation="MOD"/></mor></w>
    <w>noise<mor type="mor"><mw><pos><c>n</c></pos><stem>noise</stem></mw><gra type="gra" index="3" head="0" relation="INCROOT"/></mor></w>
    <t type="p"><mor type="mor"><mt type="p"/><gra type="gra" index="4" head="3" relation="PUNCT"/></mor></t>

    <a type="extension" flavor="pho">ɡıʌʊɡıʌʊɡıʌʊ</a>
    <a type="comments">onomatopoeic-playing with toy car</a>
  </u>
  <u who="CHI" uID="u6">
    <w>Daddy<mor type="mor"><mw><pos><c>n</c><s>prop</s></pos><stem>Daddy</stem></mw><gra type="gra" index="1" head="0" relation="INCROOT"/></mor></w>
    <t type="p"><mor type="mor"><mt type="p"/><gra type="gra" index="2" head="1" relation="PUNCT"/></mor></t>

    <a type="extension" flavor="pho">dæ:dı</a>
  </u>
  <comment type="Date">15-OCT-1968</comment>
  <u who="CHI" uID="u7">
    <w>spoon<mor type="mor"><mw><pos><c>n</c></pos><stem>spoon</stem></mw><gra type="gra" index="1" head="0" relation="INCROOT"/></mor></w>
    <t type="p"><mor type="mor"><mt type="p"/><gra type="gra" index="2" head="1" relation="PUNCT"/></mor></t>

    <a type="extension" flavor="pho">pʊ</a>
  </u>
  <u who="CHI" uID="u8">
    <w>cot<mor type="mor"><mw><pos><c>n</c></pos><stem>cot</stem></mw><gra type="gra" index="1" head="0" relation="INCROOT"/></mor></w>
    <t type="p"><mor type="mor"><mt type="p"/><gra type="gra" index="2" head="1" relation="PUNCT"/></mor></t>

    <a type="extension" flavor="pho">ɡɒ</a>
  </u>
  <comment type="Date">19-OCT-1968</comment>
  <u who="CHI" uID="u9">
    <w>door<mor type="mor"><mw><pos><c>n</c></pos><stem>door</stem></mw><gra type="gra" index="1" head="0" relation="INCROOT"/></mor></w>
    <t type="p"><mor type="mor"><mt type="p"/><gra type="gra" index="2" head="1" relation="PUNCT"/></mor></t>

    <a type="extension" flavor="pho">ɡɔ:</a>
  </u>
  <u who="CHI" uID="u10">
    <w>pig<mor type="mor"><mw><pos><c>n</c></pos><stem>pig</stem></mw><gra type="gra" index="1" head="0" relation="INCROOT"/></mor></w>
    <t type="p"><mor type="mor"><mt type="p"/><gra type="gra" index="2" head="1" relation="PUNCT"/></mor></t>

    <a type="extension" flavor="pho">pəd</a>
  </u>
  <u who="CHI" uID="u11">
    <w>nose<mor type="mor"><mw><pos><c>n</c></pos><stem>nose</stem></mw><gra type="gra" index="1" head="0" relation="INCROOT"/></mor></w>
    <t type="p"><mor type="mor"><mt type="p"/><gra type="gra" index="2" head="1" relation="PUNCT"/></mor></t>

    <a type="extension" flavor="pho">mə</a>
  </u>
  <comment type="Date">23-OCT-1968</comment>
  <u who="CHI" uID="u12">
    <w>chair<mor type="mor"><mw><pos><c>n</c></pos><stem>chair</stem></mw><gra type="gra" index="1" head="0" relation="INCROOT"/></mor></w>
    <t type="p"><mor type="mor"><mt type="p"/><gra type="gra" index="2" head="1" relation="PUNCT"/></mor></t>

    <a type="extension" flavor="pho">dʒɛ</a>
  </u>
  <u who="CHI" uID="u13">
    <w>mouth<mor type="mor"><mw><pos><c>n</c></pos><stem>mouth</stem></mw><gra type="gra" index="1" head="0" relation="INCROOT"/></mor></w>
    <t type="p"><mor type="mor"><mt type="p"/><gra type="gra" index="2" head="1" relation="PUNCT"/></mor></t>

    <a type="extension" flavor="pho">mæ</a>
  </u>
  <u who="CHI" uID="u14">
    <w>paper<mor type="mor"><mw><pos><c>n</c></pos><stem>paper</stem></mw><gra type="gra" index="1" head="0" relation="INCROOT"/></mor></w>
    <t type="p"><mor type="mor"><mt type="p"/><gra type="gra" index="2" head="1" relation="PUNCT"/></mor></t>

    <a type="extension" flavor="pho">pʰeı</a>
  </u>
  <u who="CHI" uID="u15">
    <w>book<mor type="mor"><mw><pos><c>n</c></pos><stem>book</stem></mw><gra type="gra" index="1" head="0" relation="INCROOT"/></mor></w>
    <t type="p"><mor type="mor"><mt type="p"/><gra type="gra" index="2" head="1" relation="PUNCT"/></mor></t>

    <a type="extension" flavor="pho">bʊ</a>
  </u>
  <u who="CHI" uID="u16">
    <w>mouth<mor type="mor"><mw><pos><c>n</c></pos><stem>mouth</stem></mw><gra type="gra" index="1" head="0" relation="INCROOT"/></mor></w>
    <t type="p"><mor type="mor"><mt type="p"/><gra type="gra" index="2" head="1" relation="PUNCT"/></mor></t>

    <a type="extension" flavor="pho">mæ</a>
  </u>
  <u who="CHI" uID="u17">
    <w>byebye<mor type="mor"><mw><pos><c>co</c></pos><stem>byebye</stem></mw><gra type="gra" index="1" head="0" relation="INCROOT"/></mor></w>
    <t type="p"><mor type="mor"><mt type="p"/><gra type="gra" index="2" head="1" relation="PUNCT"/></mor></t>

    <a type="extension" flavor="pho">beıbə</a>
  </u>
  <comment type="Date">24-OCT-1968</comment>
  <u who="CHI" uID="u18">
    <w>plane<mor type="mor"><mw><pos><c>n</c></pos><stem>plane</stem></mw><gra type="gra" index="1" head="0" relation="INCROOT"/></mor></w>
    <t type="p"><mor type="mor"><mt type="p"/><gra type="gra" index="2" head="1" relation="PUNCT"/></mor></t>

    <a type="extension" flavor="pho">beı</a>
  </u>
  <u who="CHI" uID="u19">
    <w>cow<mor type="mor"><mw><pos><c>n</c></pos><stem>cow</stem></mw><gra type="gra" index="1" head="0" relation="INCROOT"/></mor></w>
    <t type="p"><mor type="mor"><mt type="p"/><gra type="gra" index="2" head="1" relation="PUNCT"/></mor></t>

    <a type="extension" flavor="pho">ɡɑ:</a>
  </u>
  <u who="CHI" uID="u20">
    <w>chair<mor type="mor"><mw><pos><c>n</c></pos><stem>chair</stem></mw><gra type="gra" index="1" head="0" relation="INCROOT"/></mor></w>
    <t type="p"><mor type="mor"><mt type="p"/><gra type="gra" index="2" head="1" relation="PUNCT"/></mor></t>

    <a type="extension" flavor="pho">çæ</a>
  </u>
  <u who="CHI" uID="u21">
    <w>meow<mor type="mor"><mw><pos><c>on</c></pos><stem>meow</stem></mw><gra type="gra" index="1" head="0" relation="INCROOT"/></mor></w>
    <t type="p"><mor type="mor"><mt type="p"/><gra type="gra" index="2" head="1" relation="PUNCT"/></mor></t>

    <a type="extension" flavor="pho">mənmən</a>
    <a type="comments">imit of parent's production of cat's noise</a>
  </u>
  <comment type="Date">31-OCT-1968</comment>
  <u who="CHI" uID="u22">
    <w>boy<mor type="mor"><mw><pos><c>co</c></pos><stem>boy</stem></mw><gra type="gra" index="1" head="0" relation="INCROOT"/></mor></w>
    <t type="p"><mor type="mor"><mt type="p"/><gra type="gra" index="2" head="1" relation="PUNCT"/></mor></t>

    <a type="extension" flavor="pho">bəı</a>
  </u>
  <u who="CHI" uID="u23">
    <w>ball<mor type="mor"><mw><pos><c>n</c></pos><stem>ball</stem></mw><gra type="gra" index="1" head="0" relation="INCROOT"/></mor></w>
    <t type="p"><mor type="mor"><mt type="p"/><gra type="gra" index="2" head="1" relation="PUNCT"/></mor></t>

    <a type="extension" flavor="pho">boʊ:</a>
  </u>
  <u who="CHI" uID="u24">
    <w>ball<mor type="mor"><mw><pos><c>n</c></pos><stem>ball</stem></mw><gra type="gra" index="1" head="0" relation="INCROOT"/></mor></w>
    <t type="p"><mor type="mor"><mt type="p"/><gra type="gra" index="2" head="1" relation="PUNCT"/></mor></t>

    <a type="extension" flavor="pho">pæ</a>
    <a type="comments">two separate renditions</a>
  </u>
  <u who="CHI" uID="u25">
    <w>bus<mor type="mor"><mw><pos><c>n</c></pos><stem>bus</stem></mw><gra type="gra" index="1" head="0" relation="INCROOT"/></mor></w>
    <t type="p"><mor type="mor"><mt type="p"/><gra type="gra" index="2" head="1" relation="PUNCT"/></mor></t>

    <a type="extension" flavor="pho">bæ</a>
  </u>
  <u who="CHI" uID="u26">
    <w>brush<mor type="mor"><mw><pos><c>n</c></pos><stem>brush</stem></mw><gra type="gra" index="1" head="0" relation="INCROOT"/></mor></w>
    <t type="p"><mor type="mor"><mt type="p"/><gra type="gra" index="2" head="1" relation="PUNCT"/></mor></t>

    <a type="extension" flavor="pho">ba</a>
  </u>
  <u who="CHI" uID="u27">
    <w>shoes<mor type="mor"><mw><pos><c>n</c></pos><stem>shoe</stem><mk type="sfx">PL</mk></mw><gra type="gra" index="1" head="0" relation="INCROOT"/></mor></w>
    <t type="p"><mor type="mor"><mt type="p"/><gra type="gra" index="2" head="1" relation="PUNCT"/></mor></t>

    <a type="extension" flavor="pho">s̪</a>
  </u>
  <u who="CHI" uID="u28">
    <w>teddy<mor type="mor"><mw><pos><c>n</c></pos><stem>teddy</stem></mw><gra type="gra" index="1" head="0" relation="INCROOT"/></mor></w>
    <t type="p"><mor type="mor"><mt type="p"/><gra type="gra" index="2" head="1" relation="PUNCT"/></mor></t>

    <a type="extension" flavor="pho">de:di:</a>
  </u>
  <u who="CHI" uID="u29">
    <w>pram<mor type="mor"><mw><pos><c>n</c></pos><stem>pram</stem></mw><gra type="gra" index="1" head="0" relation="INCROOT"/></mor></w>
    <t type="p"><mor type="mor"><mt type="p"/><gra type="gra" index="2" head="1" relation="PUNCT"/></mor></t>

    <a type="extension" flavor="pho">pæ</a>
  </u>
  <u who="CHI" uID="u30">
    <w>mug<mor type="mor"><mw><pos><c>n</c></pos><stem>mug</stem></mw><gra type="gra" index="1" head="0" relation="INCROOT"/></mor></w>
    <t type="p"><mor type="mor"><mt type="p"/><gra type="gra" index="2" head="1" relation="PUNCT"/></mor></t>

    <a type="extension" flavor="pho">mæ</a>
  </u>
  <u who="CHI" uID="u31">
    <w>gate<mor type="mor"><mw><pos><c>n</c></pos><stem>gate</stem></mw><gra type="gra" index="1" head="0" relation="INCROOT"/></mor></w>
    <t type="p"><mor type="mor"><mt type="p"/><gra type="gra" index="2" head="1" relation="PUNCT"/></mor></t>

    <a type="extension" flavor="pho">ɡe</a>
  </u>
  <u who="CHI" uID="u32">
    <w>paper<mor type="mor"><mw><pos><c>n</c></pos><stem>paper</stem></mw><gra type="gra" index="1" head="0" relation="INCROOT"/></mor></w>
    <t type="p"><mor type="mor"><mt type="p"/><gra type="gra" index="2" head="1" relation="PUNCT"/></mor></t>

    <a type="extension" flavor="pho">pæpʰ</a>
  </u>
  <u who="CHI" uID="u33">
    <w>paper<mor type="mor"><mw><pos><c>n</c></pos><stem>paper</stem></mw><gra type="gra" index="1" head="0" relation="INCROOT"/></mor></w>
    <t type="p"><mor type="mor"><mt type="p"/><gra type="gra" index="2" head="1" relation="PUNCT"/></mor></t>

    <a type="extension" flavor="pho">bæp</a>
    <a type="comments">two separate renditions</a>
  </u>
  <u who="CHI" uID="u34">
    <w>cake<mor type="mor"><mw><pos><c>n</c></pos><stem>cake</stem></mw><gra type="gra" index="1" head="0" relation="INCROOT"/></mor></w>
    <t type="p"><mor type="mor"><mt type="p"/><gra type="gra" index="2" head="1" relation="PUNCT"/></mor></t>

    <a type="extension" flavor="pho">ki:k</a>
  </u>
  <comment type="Date">02-NOV-1968</comment>
  <u who="CHI" uID="u35">
    <w>shoes<mor type="mor"><mw><pos><c>n</c></pos><stem>shoe</stem><mk type="sfx">PL</mk></mw><gra type="gra" index="1" head="0" relation="INCROOT"/></mor></w>
    <t type="p"><mor type="mor"><mt type="p"/><gra type="gra" index="2" head="1" relation="PUNCT"/></mor></t>

    <a type="extension" flavor="pho">ɵ:</a>
  </u>
  <u who="CHI" uID="u36">
    <w>brush<mor type="mor"><mw><pos><c>n</c></pos><stem>brush</stem></mw><gra type="gra" index="1" head="0" relation="INCROOT"/></mor></w>
    <t type="p"><mor type="mor"><mt type="p"/><gra type="gra" index="2" head="1" relation="PUNCT"/></mor></t>

    <a type="extension" flavor="pho">ba</a>
  </u>
  <u who="CHI" uID="u37">
    <w>biscuit<mor type="mor"><mw><pos><c>n</c></pos><stem>biscuit</stem></mw><gra type="gra" index="1" head="0" relation="INCROOT"/></mor></w>
    <t type="p"><mor type="mor"><mt type="p"/><gra type="gra" index="2" head="1" relation="PUNCT"/></mor></t>

    <a type="extension" flavor="pho">bi:</a>
  </u>
  <comment type="Date">07-NOV-1968</comment>
  <u who="CHI" uID="u38">
    <w>door<mor type="mor"><mw><pos><c>n</c></pos><stem>door</stem></mw><gra type="gra" index="1" head="0" relation="INCROOT"/></mor></w>
    <t type="p"><mor type="mor"><mt type="p"/><gra type="gra" index="2" head="1" relation="PUNCT"/></mor></t>

    <a type="extension" flavor="pho">kɔʊ</a>
  </u>
  <u who="CHI" uID="u39">
    <w>light<mor type="mor"><mw><pos><c>n</c></pos><stem>light</stem></mw><gra type="gra" index="1" head="0" relation="INCROOT"/></mor></w>
    <t type="p"><mor type="mor"><mt type="p"/><gra type="gra" index="2" head="1" relation="PUNCT"/></mor></t>

    <a type="extension" flavor="pho">jaı</a>
  </u>
  <u who="CHI" uID="u40">
    <w>baby<mor type="mor"><mw><pos><c>n</c></pos><stem>baby</stem></mw><gra type="gra" index="1" head="0" relation="INCROOT"/></mor></w>
    <t type="p"><mor type="mor"><mt type="p"/><gra type="gra" index="2" head="1" relation="PUNCT"/></mor></t>

    <a type="extension" flavor="pho">bi:bi:</a>
  </u>
  <u who="CHI" uID="u41">
    <w>chair<mor type="mor"><mw><pos><c>n</c></pos><stem>chair</stem></mw><gra type="gra" index="1" head="0" relation="INCROOT"/></mor></w>
    <t type="p"><mor type="mor"><mt type="p"/><gra type="gra" index="2" head="1" relation="PUNCT"/></mor></t>

    <a type="extension" flavor="pho">tsɑ</a>
  </u>
  <u who="CHI" uID="u42">
    <w>door<mor type="mor"><mw><pos><c>n</c></pos><stem>door</stem></mw><gra type="gra" index="1" head="0" relation="INCROOT"/></mor></w>
    <t type="p"><mor type="mor"><mt type="p"/><gra type="gra" index="2" head="1" relation="PUNCT"/></mor></t>

    <a type="extension" flavor="pho">ɡɔ</a>
  </u>
  <u who="CHI" uID="u43">
    <w>fish<mor type="mor"><mw><pos><c>n</c></pos><stem>fish</stem></mw><gra type="gra" index="1" head="0" relation="INCROOT"/></mor></w>
    <t type="p"><mor type="mor"><mt type="p"/><gra type="gra" index="2" head="1" relation="PUNCT"/></mor></t>

    <a type="extension" flavor="pho">pi:</a>
  </u>
  <u who="CHI" uID="u44">
    <w>hat<mor type="mor"><mw><pos><c>n</c></pos><stem>hat</stem></mw><gra type="gra" index="1" head="0" relation="INCROOT"/></mor></w>
    <t type="p"><mor type="mor"><mt type="p"/><gra type="gra" index="2" head="1" relation="PUNCT"/></mor></t>

    <a type="extension" flavor="pho">jæ</a>
  </u>
  <u who="CHI" uID="u45">
    <w>down<mor type="mor"><mw><pos><c>adv</c></pos><stem>down</stem></mw><gra type="gra" index="1" head="0" relation="INCROOT"/></mor></w>
    <t type="p"><mor type="mor"><mt type="p"/><gra type="gra" index="2" head="1" relation="PUNCT"/></mor></t>

    <a type="extension" flavor="pho">dɑ̈</a>
  </u>
  <u who="CHI" uID="u46">
    <w>milk<mor type="mor"><mw><pos><c>n</c></pos><stem>milk</stem></mw><gra type="gra" index="1" head="0" relation="INCROOT"/></mor></w>
    <t type="p"><mor type="mor"><mt type="p"/><gra type="gra" index="2" head="1" relation="PUNCT"/></mor></t>

    <a type="extension" flavor="pho">mu</a>
  </u>
  <u who="CHI" uID="u47">
    <w>pencil<mor type="mor"><mw><pos><c>n</c></pos><stem>pencil</stem></mw><gra type="gra" index="1" head="0" relation="INCROOT"/></mor></w>
    <t type="p"><mor type="mor"><mt type="p"/><gra type="gra" index="2" head="1" relation="PUNCT"/></mor></t>

    <a type="extension" flavor="pho">pu:pu</a>
  </u>
  <u who="CHI" uID="u48">
    <w>rain<mor type="mor"><mw><pos><c>n</c></pos><stem>rain</stem></mw><gra type="gra" index="1" head="0" relation="INCROOT"/></mor></w>
    <t type="p"><mor type="mor"><mt type="p"/><gra type="gra" index="2" head="1" relation="PUNCT"/></mor></t>

    <a type="extension" flavor="pho">ʋeıə</a>
  </u>
  <u who="CHI" uID="u49">
    <w>boy<mor type="mor"><mw><pos><c>co</c></pos><stem>boy</stem></mw><gra type="gra" index="1" head="0" relation="INCROOT"/></mor></w>
    <t type="p"><mor type="mor"><mt type="p"/><gra type="gra" index="2" head="1" relation="PUNCT"/></mor></t>

    <a type="extension" flavor="pho">bwaı</a>
  </u>
  <u who="CHI" uID="u50">
    <w>tea<mor type="mor"><mw><pos><c>n</c></pos><stem>tea</stem></mw><gra type="gra" index="1" head="0" relation="INCROOT"/></mor></w>
    <t type="p"><mor type="mor"><mt type="p"/><gra type="gra" index="2" head="1" relation="PUNCT"/></mor></t>

    <a type="extension" flavor="pho">pʰıi</a>
  </u>
  <u who="CHI" uID="u51">
    <w>woman<mor type="mor"><mw><pos><c>n</c></pos><stem>woman</stem></mw><gra type="gra" index="1" head="0" relation="INCROOT"/></mor></w>
    <t type="p"><mor type="mor"><mt type="p"/><gra type="gra" index="2" head="1" relation="PUNCT"/></mor></t>

    <a type="extension" flavor="pho">mi:mi:</a>
  </u>
</CHAT>