<?xml version="1.0" encoding="UTF-8"?>

<CHAT xmlns:xsi="http://www.w3.org/2001/XMLSchema-instance"
      xmlns="http://www.talkbank.org/ns/talkbank"
      xsi:schemaLocation="http://www.talkbank.org/ns/talkbank http://talkbank.org/software/talkbank.xsd"
      PID="11312/c-00019085-1"
      Version="2.3.0"
      Lang="eng"
      Corpus="Cruttenden"
      Date="1970-08-16">
  <Participants>
    <participant
      id="CHI"
    name="Jane"
      role="Target_Child"
      language="eng"
      age="P3Y4M18D"
      sex="female"
      group="typical"

    />
  </Participants>
  <comment type="Date">16-AUG-1970</comment>
  <u who="CHI" uID="u0">
    <w>it's<mor type="mor"><mw><pos><c>pro</c></pos><stem>it</stem></mw><gra type="gra" index="1" head="2" relation="SUBJ"/><mor-post><mw><pos><c>cop</c></pos><stem>be</stem><mk type="sfxf">3S</mk></mw><gra type="gra" index="2" head="0" relation="ROOT"/></mor-post></mor></w>
    <w>a<mor type="mor"><mw><pos><c>art</c></pos><stem>a</stem></mw><gra type="gra" index="3" head="5" relation="MOD"/></mor></w>
    <w>nice<mor type="mor"><mw><pos><c>adj</c></pos><stem>nice</stem></mw><gra type="gra" index="4" head="5" relation="MOD"/></mor></w>
    <w>day<mor type="mor"><mw><pos><c>n</c></pos><stem>day</stem></mw><gra type="gra" index="5" head="2" relation="PRED"/></mor></w>
    <w>round<mor type="mor"><mw><pos><c>adv</c></pos><stem>round</stem></mw><gra type="gra" index="6" head="8" relation="JCT"/></mor></w>
    <w>the<mor type="mor"><mw><pos><c>art</c></pos><stem>the</stem></mw><gra type="gra" index="7" head="8" relation="MOD"/></mor></w>
    <w>corner<mor type="mor"><mw><pos><c>n</c></pos><stem>corner</stem></mw><gra type="gra" index="8" head="5" relation="NJCT"/></mor></w>
    <t type="p"><mor type="mor"><mt type="p"/><gra type="gra" index="9" head="2" relation="PUNCT"/></mor></t>

    <a type="extension" flavor="pho">ıts ə naıs deı raʊnd ðə kɔ:ne</a>
  </u>
  <u who="CHI" uID="u1">
    <w>the<mor type="mor"><mw><pos><c>art</c></pos><stem>the</stem></mw><gra type="gra" index="1" head="0" relation="INCROOT"/></mor></w>
    <w>tea's<mor type="mor"><mw><pos><c>n</c></pos><stem>tea</stem></mw><gra type="gra" index="2" head="1" relation="OBJ"/><mor-post><mw><pos><c>poss</c></pos><stem>s</stem></mw><gra type="gra" index="3" head="2" relation="POSS"/></mor-post></mor></w>
    <w>ready<mor type="mor"><mw><pos><c>adj</c></pos><stem>ready</stem></mw><gra type="gra" index="4" head="2" relation="XMOD"/></mor></w>
    <w><shortening>be</shortening>cause<mor type="mor"><mw><pos><c>conj</c></pos><stem>because</stem></mw><gra type="gra" index="5" head="9" relation="LINK"/></mor></w>
    <w>you've<mor type="mor"><mw><pos><c>pro</c></pos><stem>you</stem></mw><gra type="gra" index="6" head="9" relation="SUBJ"/><mor-post><mw><pos><c>aux</c></pos><stem>have</stem></mw><gra type="gra" index="7" head="9" relation="AUX"/></mor-post></mor></w>
    <w>got_to<mor type="mor"><mw><pos><c>mod</c><s>aux</s></pos><stem>got_to</stem></mw><gra type="gra" index="8" head="9" relation="AUX"/></mor></w>
    <w>sit<mor type="mor"><mw><pos><c>v</c></pos><stem>sit</stem></mw><gra type="gra" index="9" head="4" relation="CJCT"/></mor></w>
    <w>up<mor type="mor"><mw><pos><c>adv</c></pos><stem>up</stem></mw><gra type="gra" index="10" head="9" relation="JCT"/></mor></w>
    <t type="p"><mor type="mor"><mt type="p"/><gra type="gra" index="11" head="1" relation="PUNCT"/></mor></t>

    <a type="extension" flavor="pho">ðə ti:z rɛdi kɒs [*] ju ɡɒt tə sıt ʌp</a>
    <a type="errcoding">because = so;</a>
  </u>
  <u who="CHI" uID="u2">
    <w>I<mor type="mor"><mw><pos><c>pro</c><s>sub</s></pos><stem>I</stem></mw><gra type="gra" index="1" head="2" relation="SUBJ"/></mor></w>
    <w>blowed<mor type="mor"><mw><pos><c>v</c></pos><stem>blow</stem><mk type="sfx">PAST</mk></mw><gra type="gra" index="2" head="0" relation="ROOT"/></mor></w>
    <w>my<mor type="mor"><mw><pos><c>pro</c><s>poss</s><s>det</s></pos><stem>my</stem></mw><gra type="gra" index="3" head="4" relation="MOD"/></mor></w>
    <w>kite<mor type="mor"><mw><pos><c>n</c></pos><stem>kite</stem></mw><gra type="gra" index="4" head="2" relation="OBJ"/></mor></w>
    <t type="p"><mor type="mor"><mt type="p"/><gra type="gra" index="5" head="2" relation="PUNCT"/></mor></t>

    <a type="extension" flavor="pho">aı bləʊwd [*] maı kaıt</a>
    <a type="errcoding">blowed = blew; blew = flew;</a>
  </u>
  <u who="CHI" uID="u3">
    <w>I<shortening>'m</shortening><mor type="mor"><mw><pos><c>pro</c><s>sub</s></pos><stem>I</stem></mw><gra type="gra" index="1" head="3" relation="SUBJ"/><mor-post><mw><pos><c>aux</c></pos><stem>be</stem><mk type="sfxf">1S</mk></mw><gra type="gra" index="2" head="3" relation="AUX"/></mor-post></mor></w>
    <w>going<mor type="mor"><mw><pos><c>part</c></pos><stem>go</stem><mk type="sfx">PRESP</mk></mw><gra type="gra" index="3" head="0" relation="ROOT"/></mor></w>
    <w>to<mor type="mor"><mw><pos><c>inf</c></pos><stem>to</stem></mw><gra type="gra" index="4" head="5" relation="INF"/></mor></w>
    <w>drink<mor type="mor"><mw><pos><c>v</c></pos><stem>drink</stem></mw><gra type="gra" index="5" head="3" relation="XCOMP"/></mor></w>
    <w>it<mor type="mor"><mw><pos><c>pro</c></pos><stem>it</stem></mw><gra type="gra" index="6" head="5" relation="OBJ"/></mor></w>
    <w>now<mor type="mor"><mw><pos><c>adv</c></pos><stem>now</stem></mw><gra type="gra" index="7" head="5" relation="JCT"/></mor></w>
    <t type="p"><mor type="mor"><mt type="p"/><gra type="gra" index="8" head="3" relation="PUNCT"/></mor></t>

    <a type="extension" flavor="pho">aı ɡəʊıŋ tə drıŋk ıt naʊ</a>
  </u>
  <u who="CHI" uID="u4">
    <w><shortening>is</shortening><mor type="mor"><mw><pos><c>cop</c></pos><stem>be</stem><mk type="sfxf">3S</mk></mw><gra type="gra" index="1" head="0" relation="ROOT"/></mor></w>
    <w>that<mor type="mor"><mw><pos><c>pro</c><s>dem</s></pos><stem>that</stem></mw><gra type="gra" index="2" head="3" relation="JCT"/></mor></w>
    <w>mine<mor type="mor"><mw><pos><c>pro</c><s>poss</s></pos><stem>mine</stem></mw><gra type="gra" index="3" head="1" relation="PRED"/></mor></w>
    <t type="q"><mor type="mor"><mt type="q"/><gra type="gra" index="4" head="1" relation="PUNCT"/></mor></t>

    <a type="extension" flavor="pho">ðæ maın</a>
  </u>
  <u who="CHI" uID="u5">
    <w>I<shortening>'m</shortening><mor type="mor"><mw><pos><c>pro</c><s>sub</s></pos><stem>I</stem></mw><gra type="gra" index="1" head="3" relation="SUBJ"/><mor-post><mw><pos><c>aux</c></pos><stem>be</stem><mk type="sfxf">1S</mk></mw><gra type="gra" index="2" head="3" relation="AUX"/></mor-post></mor></w>
    <w>sitting<mor type="mor"><mw><pos><c>part</c></pos><stem>sit</stem><mk type="sfx">PRESP</mk></mw><gra type="gra" index="3" head="0" relation="ROOT"/></mor></w>
    <w>on<mor type="mor"><mw><pos><c>prep</c></pos><stem>on</stem></mw><gra type="gra" index="4" head="3" relation="JCT"/></mor></w>
    <w>here<mor type="mor"><mw><pos><c>pro</c><s>dem</s></pos><stem>here</stem></mw><gra type="gra" index="5" head="4" relation="POBJ"/></mor></w>
    <t type="p"><mor type="mor"><mt type="p"/><gra type="gra" index="6" head="3" relation="PUNCT"/></mor></t>

    <a type="extension" flavor="pho">aı sıtıŋ ɒn hıə</a>
  </u>
  <u who="CHI" uID="u6">
    <w>I<shortening>'m</shortening><mor type="mor"><mw><pos><c>pro</c><s>sub</s></pos><stem>I</stem></mw><gra type="gra" index="1" head="2" relation="SUBJ"/><mor-post><mw><pos><c>cop</c></pos><stem>be</stem><mk type="sfxf">1S</mk></mw><gra type="gra" index="2" head="0" relation="ROOT"/></mor-post></mor></w>
    <w>very<mor type="mor"><mw><pos><c>adv</c></pos><stem>very</stem></mw><gra type="gra" index="3" head="4" relation="JCT"/></mor></w>
    <w>hot<mor type="mor"><mw><pos><c>adj</c></pos><stem>hot</stem></mw><gra type="gra" index="4" head="2" relation="PRED"/></mor></w>
    <t type="p"><mor type="mor"><mt type="p"/><gra type="gra" index="5" head="2" relation="PUNCT"/></mor></t>

    <a type="extension" flavor="pho">aı vɛri hɒt</a>
  </u>
  <u who="CHI" uID="u7">
    <w>I<shortening>ve</shortening><mor type="mor"><mw><pos><c>n</c><s>prop</s></pos><stem>Ive</stem></mw><gra type="gra" index="1" head="2" relation="SUBJ"/></mor></w>
    <w>got<mor type="mor"><mw><pos><c>v</c></pos><stem>get</stem><mk type="sfxf">PAST</mk></mw><gra type="gra" index="2" head="0" relation="ROOT"/></mor></w>
    <w>a<mor type="mor"><mw><pos><c>art</c></pos><stem>a</stem></mw><gra type="gra" index="3" head="5" relation="MOD"/></mor></w>
    <w>school<mor type="mor"><mw><pos><c>n</c></pos><stem>school</stem></mw><gra type="gra" index="4" head="5" relation="MOD"/></mor></w>
    <w>bag<mor type="mor"><mw><pos><c>n</c></pos><stem>bag</stem></mw><gra type="gra" index="5" head="2" relation="OBJ"/></mor></w>
    <t type="p"><mor type="mor"><mt type="p"/><gra type="gra" index="6" head="2" relation="PUNCT"/></mor></t>

    <a type="extension" flavor="pho">aı ɡɒt ə ku:l [*] bæɡ</a>
    <a type="errcoding">first element of cluster omitted;</a>
  </u>
  <u who="CHI" uID="u8">
    <w>I'll<mor type="mor"><mw><pos><c>pro</c><s>sub</s></pos><stem>I</stem></mw><gra type="gra" index="1" head="3" relation="SUBJ"/><mor-post><mw><pos><c>mod</c></pos><stem>will</stem></mw><gra type="gra" index="2" head="3" relation="AUX"/></mor-post></mor></w>
    <w>tidy<mor type="mor"><mw><pos><c>v</c></pos><stem>tidy</stem></mw><gra type="gra" index="3" head="0" relation="ROOT"/></mor></w>
    <w>it<mor type="mor"><mw><pos><c>pro</c></pos><stem>it</stem></mw><gra type="gra" index="4" head="3" relation="OBJ"/></mor></w>
    <t type="p"><mor type="mor"><mt type="p"/><gra type="gra" index="5" head="3" relation="PUNCT"/></mor></t>

    <a type="extension" flavor="pho">aıl taıdi ıt</a>
  </u>
  <u who="CHI" uID="u9">
    <w>when<mor type="mor"><mw><pos><c>conj</c></pos><stem>when</stem></mw><gra type="gra" index="1" head="3" relation="LINK"/></mor></w>
    <w>I<mor type="mor"><mw><pos><c>pro</c><s>sub</s></pos><stem>I</stem></mw><gra type="gra" index="2" head="3" relation="SUBJ"/></mor></w>
    <w>get<mor type="mor"><mw><pos><c>v</c></pos><stem>get</stem></mw><gra type="gra" index="3" head="0" relation="ROOT"/></mor></w>
    <w>up<mor type="mor"><mw><pos><c>adv</c></pos><stem>up</stem></mw><gra type="gra" index="4" head="3" relation="JCT"/></mor></w>
    <w>I<mor type="mor"><mw><pos><c>pro</c><s>sub</s></pos><stem>I</stem></mw><gra type="gra" index="5" head="7" relation="SUBJ"/></mor></w>
    <w>can<mor type="mor"><mw><pos><c>mod</c></pos><stem>can</stem></mw><gra type="gra" index="6" head="7" relation="AUX"/></mor></w>
    <w>have<mor type="mor"><mw><pos><c>v</c></pos><stem>have</stem></mw><gra type="gra" index="7" head="3" relation="COMP"/></mor></w>
    <w>make<wk type="cmp"/>up<mor type="mor"><mwc><pos><c>n</c></pos><mw><pos><c>v</c></pos><stem>make</stem></mw><mw><pos><c>prep</c></pos><stem>up</stem></mw></mwc><gra type="gra" index="8" head="7" relation="OBJ"/></mor></w>
    <w>on<mor type="mor"><mw><pos><c>adv</c></pos><stem>on</stem></mw><gra type="gra" index="9" head="7" relation="JCT"/></mor></w>
    <t type="q"><mor type="mor"><mt type="q"/><gra type="gra" index="10" head="3" relation="PUNCT"/></mor></t>

    <a type="extension" flavor="pho">wɛn aı ɡɛt ʌp aı kæn hæv meık ʌp ɒn</a>
  </u>
  <u who="CHI" uID="u10">
    <w>I<mor type="mor"><mw><pos><c>pro</c><s>sub</s></pos><stem>I</stem></mw><gra type="gra" index="1" head="2" relation="SUBJ"/></mor></w>
    <w>like<mor type="mor"><mw><pos><c>v</c></pos><stem>like</stem></mw><gra type="gra" index="2" head="0" relation="ROOT"/></mor></w>
    <w>the<mor type="mor"><mw><pos><c>art</c></pos><stem>the</stem></mw><gra type="gra" index="3" head="2" relation="OBJ"/></mor></w>
    <w>swings<mor type="mor"><mw><pos><c>n</c></pos><stem>swing</stem><mk type="sfx">PL</mk></mw><gra type="gra" index="4" head="3" relation="OBJ"/></mor></w>
    <tagMarker type="comma"><mor type="mor"><mw><pos><c>cm</c></pos><stem>cm</stem></mw><gra type="gra" index="5" head="4" relation="LP"/></mor></tagMarker>
    <w>the<mor type="mor"><mw><pos><c>art</c></pos><stem>the</stem></mw><gra type="gra" index="6" head="4" relation="XMOD"/></mor></w>
    <w>roundabout<mor type="mor"><mw><pos><c>n</c></pos><stem>roundabout</stem></mw><gra type="gra" index="7" head="6" relation="OBJ"/></mor></w>
    <w>and<mor type="mor"><mw><pos><c>coord</c></pos><stem>and</stem></mw><gra type="gra" index="8" head="7" relation="CONJ"/></mor></w>
    <w>the<mor type="mor"><mw><pos><c>art</c></pos><stem>the</stem></mw><gra type="gra" index="9" head="10" relation="MOD"/></mor></w>
    <w>seesaw<mor type="mor"><mw><pos><c>n</c></pos><stem>seesaw</stem></mw><gra type="gra" index="10" head="8" relation="COORD"/></mor></w>
    <t type="p"><mor type="mor"><mt type="p"/><gra type="gra" index="11" head="2" relation="PUNCT"/></mor></t>

    <a type="extension" flavor="pho">aı laık ðə swıŋz ðə raʊndəbɑʊt n̩ ðə sisɔ</a>
    <a type="explanation">in answer to question ɢwhich do you like best , the swings , the roundabout , or the see-saw ?"</a>
  </u>
  <u who="CHI" uID="u11">
    <w>she<mor type="mor"><mw><pos><c>pro</c><s>sub</s></pos><stem>she</stem></mw><gra type="gra" index="1" head="5" relation="SUBJ"/></mor></w>
    <w>might<mor type="mor"><mw><pos><c>mod</c></pos><stem>might</stem></mw><gra type="gra" index="2" head="5" relation="AUX"/></mor></w>
    <w>be<mor type="mor"><mw><pos><c>aux</c></pos><stem>be</stem></mw><gra type="gra" index="3" head="5" relation="AUX"/></mor></w>
    <w>not<mor type="mor"><mw><pos><c>neg</c></pos><stem>not</stem></mw><gra type="gra" index="4" head="3" relation="NEG"/></mor></w>
    <w>coming<mor type="mor"><mw><pos><c>part</c></pos><stem>come</stem><mk type="sfx">PRESP</mk></mw><gra type="gra" index="5" head="0" relation="ROOT"/></mor></w>
    <t type="p"><mor type="mor"><mt type="p"/><gra type="gra" index="6" head="5" relation="PUNCT"/></mor></t>

    <a type="extension" flavor="pho">ʃi: maıt bi: nɒt kʌmıŋ</a>
    <a type="comments">misplacement of auxilliary</a>
  </u>
  <u who="CHI" uID="u12">
    <w>oo<mor type="mor"><mw><pos><c>co</c></pos><stem>oo</stem></mw><gra type="gra" index="1" head="3" relation="COM"/></mor></w>
    <w>it<mor type="mor"><mw><pos><c>pro</c></pos><stem>it</stem></mw><gra type="gra" index="2" head="3" relation="SUBJ"/></mor></w>
    <w>dropped<mor type="mor"><mw><pos><c>v</c></pos><stem>drop</stem><mk type="sfx">PAST</mk></mw><gra type="gra" index="3" head="0" relation="ROOT"/></mor></w>
    <w>the<mor type="mor"><mw><pos><c>art</c></pos><stem>the</stem></mw><gra type="gra" index="4" head="5" relation="MOD"/></mor></w>
    <g><w>lid<mor type="mor"><mw><pos><c>n</c></pos><stem>lid</stem></mw><gra type="gra" index="5" head="3" relation="OBJ"/></mor></w><ga type="explanation">oo , the lid dropped</ga></g>
    <t type="p"><mor type="mor"><mt type="p"/><gra type="gra" index="6" head="3" relation="PUNCT"/></mor></t>

    <a type="extension" flavor="pho">u: ıt drɒpt ðə lıd</a>
  </u>
  <u who="CHI" uID="u13">
    <w>they<mor type="mor"><mw><pos><c>pro</c><s>sub</s></pos><stem>they</stem></mw><gra type="gra" index="1" head="2" relation="SUBJ"/></mor></w>
    <w>had<mor type="mor"><mw><pos><c>v</c></pos><stem>have</stem><mk type="sfxf">PAST</mk></mw><gra type="gra" index="2" head="0" relation="ROOT"/></mor></w>
    <w>girls<mor type="mor"><mw><pos><c>n</c></pos><stem>girl</stem><mk type="sfx">PL</mk></mw><gra type="gra" index="3" head="2" relation="OBJ"/></mor></w>
    <w>on<mor type="mor"><mw><pos><c>adv</c></pos><stem>on</stem></mw><gra type="gra" index="4" head="2" relation="JCT"/></mor></w>
    <t type="p"><mor type="mor"><mt type="p"/><gra type="gra" index="5" head="2" relation="PUNCT"/></mor></t>

    <a type="extension" flavor="pho">ðeı hæd ɡə:lz ɒn</a>
    <a type="explanation">referring to ponies</a>
  </u>
  <u who="CHI" uID="u14">
    <w>don't<mor type="mor"><mw><pos><c>mod</c></pos><stem>do</stem></mw><gra type="gra" index="1" head="3" relation="AUX"/><mor-post><mw><pos><c>neg</c></pos><stem>not</stem></mw><gra type="gra" index="2" head="1" relation="NEG"/></mor-post></mor></w>
    <w>forget<mor type="mor"><mw><pos><c>v</c></pos><stem>forget</stem></mw><gra type="gra" index="3" head="0" relation="ROOT"/></mor></w>
    <w>teddy<mor type="mor"><mw><pos><c>n</c></pos><stem>teddy</stem></mw><gra type="gra" index="4" head="3" relation="OBJ"/></mor></w>
    <t type="p"><mor type="mor"><mt type="p"/><gra type="gra" index="5" head="3" relation="PUNCT"/></mor></t>

    <a type="extension" flavor="pho">dəʊn təɡɛt [*] tɛdi</a>
    <a type="errcoding">voiceless labio-dental fricative replaced by voiceless alveolar plosive;</a>
  </u>
  <u who="CHI" uID="u15">
    <w>I'll<mor type="mor"><mw><pos><c>pro</c><s>sub</s></pos><stem>I</stem></mw><gra type="gra" index="1" head="3" relation="SUBJ"/><mor-post><mw><pos><c>mod</c></pos><stem>will</stem></mw><gra type="gra" index="2" head="3" relation="AUX"/></mor-post></mor></w>
    <w>choose<mor type="mor"><mw><pos><c>v</c></pos><stem>choose</stem></mw><gra type="gra" index="3" head="0" relation="ROOT"/></mor></w>
    <w>them<mor type="mor"><mw><pos><c>pro</c><s>obj</s></pos><stem>them</stem></mw><gra type="gra" index="4" head="3" relation="OBJ"/></mor></w>
    <w>to<mor type="mor"><mw><pos><c>prep</c></pos><stem>to</stem></mw><gra type="gra" index="5" head="3" relation="JCT"/></mor></w>
    <w>everybody<mor type="mor"><mw><pos><c>pro</c><s>indef</s></pos><stem>everybody</stem></mw><gra type="gra" index="6" head="5" relation="POBJ"/></mor></w>
    <t type="p"><mor type="mor"><mt type="p"/><gra type="gra" index="7" head="3" relation="PUNCT"/></mor></t>

    <a type="extension" flavor="pho">aıl tʃu:z ðɛm tu [*] ɛvribɒdi</a>
    <a type="errcoding">to = for;</a>
  </u>
  <u who="CHI" uID="u16">
    <w>I<mor type="mor"><mw><pos><c>pro</c><s>sub</s></pos><stem>I</stem></mw><gra type="gra" index="1" head="4" relation="SUBJ"/></mor></w>
    <w>didn't<mor type="mor"><mw><pos><c>mod</c></pos><stem>do</stem><mk type="sfxf">PAST</mk></mw><gra type="gra" index="2" head="4" relation="AUX"/><mor-post><mw><pos><c>neg</c></pos><stem>not</stem></mw><gra type="gra" index="3" head="2" relation="NEG"/></mor-post></mor></w>
    <w>do<mor type="mor"><mw><pos><c>v</c></pos><stem>do</stem></mw><gra type="gra" index="4" head="0" relation="ROOT"/></mor></w>
    <g><w>it<mor type="mor"><mw><pos><c>pro</c></pos><stem>it</stem></mw><gra type="gra" index="5" head="4" relation="OBJ"/></mor></w><ga type="explanation">I missed it</ga></g>
    <t type="p"><mor type="mor"><mt type="p"/><gra type="gra" index="6" head="4" relation="PUNCT"/></mor></t>

    <a type="extension" flavor="pho">aı dıdn̩ du ıt</a>
  </u>
  <u who="CHI" uID="u17">
    <w>you<mor type="mor"><mw><pos><c>pro</c></pos><stem>you</stem></mw><gra type="gra" index="1" head="2" relation="SUBJ"/></mor></w>
    <w>play<mor type="mor"><mw><pos><c>v</c></pos><stem>play</stem></mw><gra type="gra" index="2" head="0" relation="ROOT"/></mor></w>
    <w>it<mor type="mor"><mw><pos><c>pro</c></pos><stem>it</stem></mw><gra type="gra" index="3" head="2" relation="OBJ"/></mor></w>
    <w>with<mor type="mor"><mw><pos><c>prep</c></pos><stem>with</stem></mw><gra type="gra" index="4" head="2" relation="JCT"/></mor></w>
    <w>me<mor type="mor"><mw><pos><c>pro</c><s>obj</s></pos><stem>me</stem></mw><gra type="gra" index="5" head="4" relation="POBJ"/></mor></w>
    <t type="p"><mor type="mor"><mt type="p"/><gra type="gra" index="6" head="2" relation="PUNCT"/></mor></t>

    <a type="extension" flavor="pho">ju pleı ıt wıð mi</a>
  </u>
  <u who="CHI" uID="u18">
    <w>the<mor type="mor"><mw><pos><c>art</c></pos><stem>the</stem></mw><gra type="gra" index="1" head="4" relation="LINK"/></mor></w>
    <w>wind<mor type="mor"><mw><pos><c>n</c></pos><stem>wind</stem></mw><gra type="gra" index="2" head="4" relation="SUBJ"/></mor></w>
    <w><shortening>has</shortening><mor type="mor"><mw><pos><c>aux</c></pos><stem>have</stem><mk type="sfxf">3S</mk></mw><gra type="gra" index="3" head="4" relation="AUX"/></mor></w>
    <w>come<mor type="mor"><mw><pos><c>v</c></pos><stem>come</stem></mw><gra type="gra" index="4" head="0" relation="ROOT"/></mor></w>
    <w>out<mor type="mor"><mw><pos><c>adv</c></pos><stem>out</stem></mw><gra type="gra" index="5" head="4" relation="JCT"/></mor></w>
    <w>hasn't<mor type="mor"><mw><pos><c>aux</c></pos><stem>have</stem><mk type="sfxf">3S</mk></mw><gra type="gra" index="6" head="8" relation="AUX"/><mor-post><mw><pos><c>neg</c></pos><stem>not</stem></mw><gra type="gra" index="7" head="6" relation="NEG"/></mor-post></mor></w>
    <w>it<mor type="mor"><mw><pos><c>pro</c></pos><stem>it</stem></mw><gra type="gra" index="8" head="4" relation="OBJ"/></mor></w>
    <t type="q"><mor type="mor"><mt type="q"/><gra type="gra" index="9" head="4" relation="PUNCT"/></mor></t>

    <a type="extension" flavor="pho">ðə wınd kʌm aʊt hæznt ıt</a>
    <a type="comments">this is the regular pattern for Jane's tag questions</a>
  </u>
  <u who="CHI" uID="u19">
    <w>keep<mor type="mor"><mw><pos><c>v</c></pos><stem>keep</stem></mw><gra type="gra" index="1" head="0" relation="ROOT"/></mor></w>
    <w>it<mor type="mor"><mw><pos><c>pro</c></pos><stem>it</stem></mw><gra type="gra" index="2" head="1" relation="OBJ"/></mor></w>
    <w>to<mor type="mor"><mw><pos><c>prep</c></pos><stem>to</stem></mw><gra type="gra" index="3" head="1" relation="JCT"/></mor></w>
    <w>not<mor type="mor"><mw><pos><c>neg</c></pos><stem>not</stem></mw><gra type="gra" index="4" head="3" relation="NEG"/></mor></w>
    <w>fall<mor type="mor"><mw><pos><c>v</c></pos><stem>fall</stem></mw><gra type="gra" index="5" head="3" relation="POBJ"/></mor></w>
    <w>any<mor type="mor"><mw><pos><c>qn</c></pos><stem>any</stem></mw><gra type="gra" index="6" head="7" relation="QUANT"/></mor></w>
    <g><w>further<mor type="mor"><mw><pos><c>adv</c></pos><stem>further</stem></mw><gra type="gra" index="7" head="5" relation="JCT"/></mor></w><ga type="explanation">don't let it fall any further</ga></g>
    <t type="p"><mor type="mor"><mt type="p"/><gra type="gra" index="8" head="1" relation="PUNCT"/></mor></t>

    <a type="extension" flavor="pho">ki:p ıt tə nɒt fɔ:l ɛni fə:ðə</a>
  </u>
  <comment type="Date">08-SEP-1970</comment>
  <u who="CHI" uID="u20">
    <w>I<mor type="mor"><mw><pos><c>pro</c><s>sub</s></pos><stem>I</stem></mw><gra type="gra" index="1" head="2" relation="SUBJ"/></mor></w>
    <w>want<mor type="mor"><mw><pos><c>v</c></pos><stem>want</stem></mw><gra type="gra" index="2" head="0" relation="ROOT"/></mor></w>
    <w>Mac<mor type="mor"><mw><pos><c>n</c><s>prop</s></pos><stem>Mac</stem></mw><gra type="gra" index="3" head="2" relation="OBJ"/></mor></w>
    <w>to<mor type="mor"><mw><pos><c>inf</c></pos><stem>to</stem></mw><gra type="gra" index="4" head="5" relation="INF"/></mor></w>
    <w>bring<mor type="mor"><mw><pos><c>v</c></pos><stem>bring</stem></mw><gra type="gra" index="5" head="3" relation="XCOMP"/></mor></w>
    <w>me<mor type="mor"><mw><pos><c>pro</c><s>obj</s></pos><stem>me</stem></mw><gra type="gra" index="6" head="5" relation="OBJ"/></mor></w>
    <t type="p"><mor type="mor"><mt type="p"/><gra type="gra" index="7" head="2" relation="PUNCT"/></mor></t>

    <a type="extension" flavor="pho">aı wɒnt mæk tə brıŋ [*] mi</a>
    <a type="errcoding">bring = take;</a>
  </u>
</CHAT>