<?xml version="1.0" encoding="UTF-8"?>

<CHAT xmlns:xsi="http://www.w3.org/2001/XMLSchema-instance"
      xmlns="http://www.talkbank.org/ns/talkbank"
      xsi:schemaLocation="http://www.talkbank.org/ns/talkbank http://talkbank.org/software/talkbank.xsd"
      PID="11312/c-00019070-1"
      Version="2.3.0"
      Lang="eng"
      Corpus="Cruttenden"
      Date="1969-03-19">
  <Participants>
    <participant
      id="CHI"
    name="Jane"
      role="Target_Child"
      language="eng"
      age="P1Y10M19D"
      sex="female"
      group="typical"

    />
  </Participants>
  <comment type="Date">19-MAR-1969</comment>
  <u who="CHI" uID="u0">
    <w>Mummy's<mor type="mor"><mw><pos><c>n</c><s>prop</s></pos><stem>Mummy</stem></mw><gra type="gra" index="1" head="2" relation="SUBJ"/><mor-post><mw><pos><c>cop</c></pos><stem>be</stem><mk type="sfxf">3S</mk></mw><gra type="gra" index="2" head="0" relation="ROOT"/></mor-post></mor></w>
    <w>in<mor type="mor"><mw><pos><c>prep</c></pos><stem>in</stem></mw><gra type="gra" index="3" head="2" relation="JCT"/></mor></w>
    <w>the<mor type="mor"><mw><pos><c>art</c></pos><stem>the</stem></mw><gra type="gra" index="4" head="3" relation="POBJ"/></mor></w>
    <w>Mini<mor type="mor"><mw><pos><c>n</c><s>prop</s></pos><stem>Mini</stem></mw><gra type="gra" index="5" head="4" relation="APP"/></mor></w>
    <t type="p"><mor type="mor"><mt type="p"/><gra type="gra" index="6" head="2" relation="PUNCT"/></mor></t>

    <a type="extension" flavor="pho">mʌmi mınəmınə</a>
  </u>
  <u who="CHI" uID="u1">
    <w>gone<mor type="mor"><mw><pos><c>part</c></pos><stem>go</stem><mk type="sfxf">PASTP</mk></mw><gra type="gra" index="1" head="0" relation="INCROOT"/></mor></w>
    <g><w>Mummy<mor type="mor"><mw><pos><c>n</c><s>prop</s></pos><stem>Mummy</stem></mw><gra type="gra" index="2" head="1" relation="OBJ"/></mor></w><ga type="explanation">Mummy's gone out_of the car</ga></g>
    <t type="p"><mor type="mor"><mt type="p"/><gra type="gra" index="3" head="1" relation="PUNCT"/></mor></t>

    <a type="extension" flavor="pho">ɡɒn mʌmi</a>
  </u>
  <u who="CHI" uID="u2">
    <w>Daddy's<mor type="mor"><mw><pos><c>n</c><s>prop</s></pos><stem>Daddy</stem></mw><gra type="gra" index="1" head="3" relation="MOD"/><mor-post><mw><pos><c>poss</c></pos><stem>s</stem></mw><gra type="gra" index="2" head="1" relation="POSS"/></mor-post></mor></w>
    <w>pen<mor type="mor"><mw><pos><c>n</c></pos><stem>pen</stem></mw><gra type="gra" index="3" head="0" relation="INCROOT"/></mor></w>
    <t type="p"><mor type="mor"><mt type="p"/><gra type="gra" index="4" head="3" relation="PUNCT"/></mor></t>

    <a type="extension" flavor="pho">dædi pəm</a>
  </u>
  <u who="CHI" uID="u3">
    <w>pocket<mor type="mor"><mw><pos><c>n</c></pos><stem>pocket</stem></mw><gra type="gra" index="1" head="0" relation="INCROOT"/></mor></w>
    <t type="p"><mor type="mor"><mt type="p"/><gra type="gra" index="2" head="1" relation="PUNCT"/></mor></t>

    <a type="extension" flavor="pho">papa [*]</a>
    <a type="errcoding">consonant harmony;</a>
  </u>
  <u who="CHI" uID="u4">
    <w>byebye<mor type="mor"><mw><pos><c>co</c></pos><stem>byebye</stem></mw><gra type="gra" index="1" head="2" relation="COM"/></mor></w>
    <w>Sally<mor type="mor"><mw><pos><c>n</c><s>prop</s></pos><stem>Sally</stem></mw><gra type="gra" index="2" head="0" relation="ROOT"/></mor></w>
    <t type="p"><mor type="mor"><mt type="p"/><gra type="gra" index="3" head="2" relation="PUNCT"/></mor></t>

    <a type="extension" flavor="pho">babaı tali [*]</a>
    <a type="errcoding">voiceless alveolar fricative repleaced by voiceless alveolar plosive;</a>
  </u>
  <u who="CHI" uID="u5">
    <w>birdie<mor type="mor"><mw><pos><c>n</c></pos><stem>bird</stem><mk type="sfx">DIM</mk></mw><gra type="gra" index="1" head="2" relation="MOD"/></mor></w>
    <g><w>toast<mor type="mor"><mw><pos><c>n</c></pos><stem>toast</stem></mw><gra type="gra" index="2" head="0" relation="INCROOT"/></mor></w><ga type="explanation">toast for the birdies</ga></g>
    <t type="p"><mor type="mor"><mt type="p"/><gra type="gra" index="3" head="2" relation="PUNCT"/></mor></t>

    <a type="extension" flavor="pho">bə:bi [*] təʊ</a>
    <a type="errcoding">consonant harmony;</a>
  </u>
  <u who="CHI" uID="u6">
    <w>biscuit<mor type="mor"><mw><pos><c>n</c></pos><stem>biscuit</stem></mw><gra type="gra" index="1" head="0" relation="INCROOT"/></mor></w>
    <t type="p"><mor type="mor"><mt type="p"/><gra type="gra" index="2" head="1" relation="PUNCT"/></mor></t>

    <a type="extension" flavor="pho">bi:bi [*]</a>
    <a type="errcoding">consonant harmony;</a>
  </u>
  <u who="CHI" uID="u7">
    <w>byebye<mor type="mor"><mw><pos><c>co</c></pos><stem>byebye</stem></mw><gra type="gra" index="1" head="2" relation="COM"/></mor></w>
    <w>Daddy<mor type="mor"><mw><pos><c>n</c><s>prop</s></pos><stem>Daddy</stem></mw><gra type="gra" index="2" head="0" relation="ROOT"/></mor></w>
    <t type="p"><mor type="mor"><mt type="p"/><gra type="gra" index="3" head="2" relation="PUNCT"/></mor></t>

    <a type="extension" flavor="pho">babaı dadi</a>
  </u>
  <u who="CHI" uID="u8">
    <g><w>yellow<mor type="mor"><mw><pos><c>n</c></pos><stem>yellow</stem></mw><gra type="gra" index="1" head="2" relation="MOD"/></mor></w><ga type="explanation">another</ga></g>
    <w>one<mor type="mor"><mw><pos><c>pro</c><s>indef</s></pos><stem>one</stem></mw><gra type="gra" index="2" head="0" relation="INCROOT"/></mor></w>
    <t type="p"><mor type="mor"><mt type="p"/><gra type="gra" index="3" head="2" relation="PUNCT"/></mor></t>

    <a type="extension" flavor="pho">lɛləʊ [*] wʌm</a>
    <a type="errcoding">consonant harmony;</a>
  </u>
  <u who="CHI" uID="u9">
    <w>Teddy<mor type="mor"><mw><pos><c>n</c><s>prop</s></pos><stem>Teddy</stem></mw><gra type="gra" index="1" head="2" relation="MOD"/></mor></w>
    <w>boy<mor type="mor"><mw><pos><c>n</c></pos><stem>boy</stem></mw><gra type="gra" index="2" head="0" relation="INCROOT"/></mor></w>
    <t type="p"><mor type="mor"><mt type="p"/><gra type="gra" index="3" head="2" relation="PUNCT"/></mor></t>

    <a type="extension" flavor="pho">tɛdi baı</a>
  </u>
  <comment type="Date">28-MAR-1969</comment>
  <u who="CHI" uID="u10">
    <w>way<mor type="mor"><mw><pos><c>n</c></pos><stem>way</stem></mw><gra type="gra" index="1" head="0" relation="INCROOT"/></mor></w>
    <t type="p"><mor type="mor"><mt type="p"/><gra type="gra" index="2" head="1" relation="PUNCT"/></mor></t>

    <a type="extension" flavor="pho">ʋeı [*]</a>
    <a type="errcoding">voiced labio-velar approximant replaced by labio-dental approximant;</a>
  </u>
  <u who="CHI" uID="u11">
    <w>toe<mor type="mor"><mw><pos><c>n</c></pos><stem>toe</stem></mw><gra type="gra" index="1" head="0" relation="INCROOT"/></mor></w>
    <t type="p"><mor type="mor"><mt type="p"/><gra type="gra" index="2" head="1" relation="PUNCT"/></mor></t>

    <a type="extension" flavor="pho">təʊ</a>
  </u>
  <u who="CHI" uID="u12">
    <w>book<mor type="mor"><mw><pos><c>n</c></pos><stem>book</stem></mw><gra type="gra" index="1" head="0" relation="INCROOT"/></mor></w>
    <w>away<mor type="mor"><mw><pos><c>adv</c></pos><stem>away</stem></mw><gra type="gra" index="2" head="1" relation="NJCT"/></mor></w>
    <t type="p"><mor type="mor"><mt type="p"/><gra type="gra" index="3" head="1" relation="PUNCT"/></mor></t>

    <a type="extension" flavor="pho">bʊ ʋeı</a>
    <a type="comments">imit</a>
  </u>
  <comment type="Date">07-APR-1969</comment>
  <u who="CHI" uID="u13">
    <w formType="word play">kakaka<mor type="mor"><mw><pos><c>wplay</c></pos><stem>kakaka</stem></mw><gra type="gra" index="1" head="0" relation="INCROOT"/></mor></w>
    <t type="p"><mor type="mor"><mt type="p"/><gra type="gra" index="2" head="1" relation="PUNCT"/></mor></t>

    <a type="extension" flavor="pho">kakaka</a>
    <a type="comments">noise of animals (in general) .</a>
  </u>
  <u who="CHI" uID="u14">
    <w>nice<mor type="mor"><mw><pos><c>adj</c></pos><stem>nice</stem></mw><gra type="gra" index="1" head="0" relation="INCROOT"/></mor></w>
    <t type="p"><mor type="mor"><mt type="p"/><gra type="gra" index="2" head="1" relation="PUNCT"/></mor></t>

    <a type="extension" flavor="pho">naı [*]</a>
    <a type="errcoding">final consonant deleted;</a>
  </u>
  <u who="CHI" uID="u15">
    <w>other<mor type="mor"><mw><pos><c>qn</c></pos><stem>other</stem></mw><gra type="gra" index="1" head="0" relation="INCROOT"/></mor></w>
    <t type="p"><mor type="mor"><mt type="p"/><gra type="gra" index="2" head="1" relation="PUNCT"/></mor></t>

    <a type="extension" flavor="pho">lɛləʊ</a>
  </u>
  <u who="CHI" uID="u16">
    <w>Marmite<mor type="mor"><mw><pos><c>n</c><s>prop</s></pos><stem>Marmite</stem></mw><gra type="gra" index="1" head="0" relation="INCROOT"/></mor></w>
    <t type="p"><mor type="mor"><mt type="p"/><gra type="gra" index="2" head="1" relation="PUNCT"/></mor></t>

    <a type="extension" flavor="pho">mɑ:maı</a>
  </u>
  <u who="CHI" uID="u17">
    <w>gone<mor type="mor"><mw><pos><c>part</c></pos><stem>go</stem><mk type="sfxf">PASTP</mk></mw><gra type="gra" index="1" head="0" relation="INCROOT"/></mor></w>
    <g><w>bike<mor type="mor"><mw><pos><c>n</c></pos><stem>bike</stem></mw><gra type="gra" index="2" head="1" relation="OBJ"/></mor></w><ga type="explanation">bike's gone</ga></g>
    <t type="p"><mor type="mor"><mt type="p"/><gra type="gra" index="3" head="1" relation="PUNCT"/></mor></t>

    <a type="extension" flavor="pho">ɡʌnə baıɽ</a>
  </u>
  <u who="CHI" uID="u18">
    <w>glasses<mor type="mor"><mw><pos><c>n</c></pos><stem>glass</stem><mk type="sfx">PL</mk></mw><gra type="gra" index="1" head="0" relation="INCROOT"/></mor></w>
    <t type="p"><mor type="mor"><mt type="p"/><gra type="gra" index="2" head="1" relation="PUNCT"/></mor></t>

    <a type="extension" flavor="pho">ɡɑ:ɡɑ [*]</a>
    <a type="errcoding">second element of cluster deleted; consonat harmony;</a>
  </u>
  <u who="CHI" uID="u19">
    <w>Daddy's<mor type="mor"><mw><pos><c>n</c><s>prop</s></pos><stem>Daddy</stem></mw><gra type="gra" index="1" head="3" relation="MOD"/><mor-post><mw><pos><c>poss</c></pos><stem>s</stem></mw><gra type="gra" index="2" head="1" relation="POSS"/></mor-post></mor></w>
    <w>pen<mor type="mor"><mw><pos><c>n</c></pos><stem>pen</stem></mw><gra type="gra" index="3" head="0" relation="INCROOT"/></mor></w>
    <t type="p"><mor type="mor"><mt type="p"/><gra type="gra" index="4" head="3" relation="PUNCT"/></mor></t>

    <a type="extension" flavor="pho">dædi pən:</a>
  </u>
  <u who="CHI" uID="u20">
    <g><w>meow<mor type="mor"><mw><pos><c>on</c></pos><stem>meow</stem></mw><gra type="gra" index="1" head="0" relation="INCROOT"/></mor></w><ga type="explanation">cat</ga></g>
    <t type="p"><mor type="mor"><mt type="p"/><gra type="gra" index="2" head="1" relation="PUNCT"/></mor></t>

    <a type="extension" flavor="pho">miæʊ</a>
  </u>
  <u who="CHI" uID="u21">
    <w>bike<mor type="mor"><mw><pos><c>n</c></pos><stem>bike</stem></mw><gra type="gra" index="1" head="0" relation="INCROOT"/></mor></w>
    <t type="p"><mor type="mor"><mt type="p"/><gra type="gra" index="2" head="1" relation="PUNCT"/></mor></t>

    <a type="extension" flavor="pho">baıɽ</a>
  </u>
  <comment type="Date">10-APR-1969</comment>
  <u who="CHI" uID="u22">
    <w>gone<mor type="mor"><mw><pos><c>part</c></pos><stem>go</stem><mk type="sfxf">PASTP</mk></mw><gra type="gra" index="1" head="0" relation="INCROOT"/></mor></w>
    <g><w>Teddy<mor type="mor"><mw><pos><c>n</c><s>prop</s></pos><stem>Teddy</stem></mw><gra type="gra" index="2" head="1" relation="OBJ"/></mor></w><ga type="explanation">Teddy's gone</ga></g>
    <t type="p"><mor type="mor"><mt type="p"/><gra type="gra" index="3" head="1" relation="PUNCT"/></mor></t>

    <a type="extension" flavor="pho">ɡɒn tıdi</a>
  </u>
  <u who="CHI" uID="u23">
    <w>Jenny<mor type="mor"><mw><pos><c>n</c><s>prop</s></pos><stem>Jenny</stem></mw><gra type="gra" index="1" head="0" relation="INCROOT"/></mor></w>
    <t type="p"><mor type="mor"><mt type="p"/><gra type="gra" index="2" head="1" relation="PUNCT"/></mor></t>

    <a type="extension" flavor="pho">dɛni [*]</a>
    <a type="errcoding">voiced palato-alveolar affricate replaced by voiced alveolar plosive;</a>
  </u>
  <u who="CHI" uID="u24">
    <w>another<mor type="mor"><mw><pos><c>qn</c></pos><stem>another</stem></mw><gra type="gra" index="1" head="2" relation="QUANT"/></mor></w>
    <w>one<mor type="mor"><mw><pos><c>pro</c><s>indef</s></pos><stem>one</stem></mw><gra type="gra" index="2" head="0" relation="ROOT"/></mor></w>
    <t type="p"><mor type="mor"><mt type="p"/><gra type="gra" index="3" head="2" relation="PUNCT"/></mor></t>

    <a type="extension" flavor="pho">lɛləʊ wʌm</a>
  </u>
  <u who="CHI" uID="u25">
    <w>baby's<mor type="mor"><mw><pos><c>n</c></pos><stem>baby</stem></mw><gra type="gra" index="1" head="3" relation="MOD"/><mor-post><mw><pos><c>poss</c></pos><stem>s</stem></mw><gra type="gra" index="2" head="1" relation="POSS"/></mor-post></mor></w>
    <w>milk<mor type="mor"><mw><pos><c>n</c></pos><stem>milk</stem></mw><gra type="gra" index="3" head="0" relation="INCROOT"/></mor></w>
    <t type="p"><mor type="mor"><mt type="p"/><gra type="gra" index="4" head="3" relation="PUNCT"/></mor></t>

    <a type="extension" flavor="pho">bebi mɑ</a>
  </u>
  <u who="CHI" uID="u26">
    <w>Mummy<mor type="mor"><mw><pos><c>n</c><s>prop</s></pos><stem>Mummy</stem></mw><gra type="gra" index="1" head="3" relation="MOD"/></mor></w>
    <w>buy<mor type="mor"><mw><pos><c>n</c></pos><stem>buy</stem></mw><gra type="gra" index="2" head="3" relation="MOD"/></mor></w>
    <w>grapes<mor type="mor"><mw><pos><c>n</c></pos><stem>grape</stem><mk type="sfx">PL</mk></mw><gra type="gra" index="3" head="0" relation="INCROOT"/></mor></w>
    <t type="p"><mor type="mor"><mt type="p"/><gra type="gra" index="4" head="3" relation="PUNCT"/></mor></t>

    <a type="extension" flavor="pho">mʌmi bai ɡeı [*]</a>
    <a type="errcoding">second element of cluster deleted; final consonants deleted;</a>
    <a type="comments">command</a>
  </u>
  <u who="CHI" uID="u27">
    <w>piece<mor type="mor"><mw><pos><c>n</c></pos><stem>piece</stem></mw><gra type="gra" index="1" head="0" relation="INCROOT"/></mor></w>
    <t type="p"><mor type="mor"><mt type="p"/><gra type="gra" index="2" head="1" relation="PUNCT"/></mor></t>

    <a type="extension" flavor="pho">pi: [*]</a>
    <a type="errcoding">final consonant deleted;</a>
  </u>
  <u who="CHI" uID="u28">
    <w>birdie<mor type="mor"><mw><pos><c>n</c></pos><stem>bird</stem><mk type="sfx">DIM</mk></mw><gra type="gra" index="1" head="0" relation="INCROOT"/></mor></w>
    <t type="p"><mor type="mor"><mt type="p"/><gra type="gra" index="2" head="1" relation="PUNCT"/></mor></t>

    <a type="extension" flavor="pho">bə:bi [*]</a>
    <a type="errcoding">consonant harmony;</a>
  </u>
  <u who="CHI" uID="u29">
    <w>gone<mor type="mor"><mw><pos><c>part</c></pos><stem>go</stem><mk type="sfxf">PASTP</mk></mw><gra type="gra" index="1" head="0" relation="INCROOT"/></mor></w>
    <t type="p"><mor type="mor"><mt type="p"/><gra type="gra" index="2" head="1" relation="PUNCT"/></mor></t>

    <a type="extension" flavor="pho">ɡʌn</a>
  </u>
  <u who="CHI" uID="u30">
    <w>Marmite<mor type="mor"><mw><pos><c>n</c><s>prop</s></pos><stem>Marmite</stem></mw><gra type="gra" index="1" head="2" relation="SUBJ"/></mor></w>
    <g><w>more<mor type="mor"><mw><pos><c>pro</c><s>indef</s></pos><stem>more</stem></mw><gra type="gra" index="2" head="0" relation="ROOT"/></mor></w><ga type="explanation">I want more Marmite</ga></g>
    <t type="p"><mor type="mor"><mt type="p"/><gra type="gra" index="3" head="2" relation="PUNCT"/></mor></t>

    <a type="extension" flavor="pho">mɑmaı mɑ</a>
  </u>
  <u who="CHI" uID="u31">
    <w>bread<mor type="mor"><mw><pos><c>n</c></pos><stem>bread</stem></mw><gra type="gra" index="1" head="0" relation="INCROOT"/></mor></w>
    <t type="p"><mor type="mor"><mt type="p"/><gra type="gra" index="2" head="1" relation="PUNCT"/></mor></t>

    <a type="extension" flavor="pho">bɛə</a>
  </u>
  <u who="CHI" uID="u32">
    <w>Jenny's<mor type="mor"><mw><pos><c>n</c><s>prop</s></pos><stem>Jenny</stem></mw><gra type="gra" index="1" head="3" relation="MOD"/><mor-post><mw><pos><c>poss</c></pos><stem>s</stem></mw><gra type="gra" index="2" head="1" relation="POSS"/></mor-post></mor></w>
    <w>bread<mor type="mor"><mw><pos><c>n</c></pos><stem>bread</stem></mw><gra type="gra" index="3" head="0" relation="INCROOT"/></mor></w>
    <t type="p"><mor type="mor"><mt type="p"/><gra type="gra" index="4" head="3" relation="PUNCT"/></mor></t>

    <a type="extension" flavor="pho">de:ni [*] bɛə</a>
    <a type="errcoding">voiced palato-alveolar affricate replaced by voiced alveolar plosive;</a>
  </u>
  <u who="CHI" uID="u33">
    <w>other's<mor type="mor"><mw><pos><c>pro</c><s>indef</s></pos><stem>other</stem></mw><gra type="gra" index="1" head="3" relation="SUBJ"/><mor-post><mw><pos><c>aux</c></pos><stem>be</stem><mk type="sfxf">3S</mk></mw><gra type="gra" index="2" head="3" relation="AUX"/></mor-post></mor></w>
    <w>gone<mor type="mor"><mw><pos><c>part</c></pos><stem>go</stem><mk type="sfxf">PASTP</mk></mw><gra type="gra" index="3" head="0" relation="ROOT"/></mor></w>
    <t type="p"><mor type="mor"><mt type="p"/><gra type="gra" index="4" head="3" relation="PUNCT"/></mor></t>

    <a type="extension" flavor="pho">lɛləʊ ɡɒn:</a>
  </u>
  <u who="CHI" uID="u34">
    <w>Daddy<mor type="mor"><mw><pos><c>n</c><s>prop</s></pos><stem>Daddy</stem></mw><gra type="gra" index="1" head="2" relation="MOD"/></mor></w>
    <g><w>work<mor type="mor"><mw><pos><c>n</c></pos><stem>work</stem></mw><gra type="gra" index="2" head="0" relation="INCROOT"/></mor></w><ga type="explanation">Daddy's going to work</ga></g>
    <t type="p"><mor type="mor"><mt type="p"/><gra type="gra" index="3" head="2" relation="PUNCT"/></mor></t>

    <a type="extension" flavor="pho">dædi wɛə</a>
  </u>
  <u who="CHI" uID="u35">
    <w>kind<mor type="mor"><mw><pos><c>adj</c></pos><stem>kind</stem></mw><gra type="gra" index="1" head="0" relation="INCROOT"/></mor></w>
    <t type="p"><mor type="mor"><mt type="p"/><gra type="gra" index="2" head="1" relation="PUNCT"/></mor></t>

    <a type="extension" flavor="pho">kaın</a>
    <a type="comments">imit</a>
  </u>
  <u who="CHI" uID="u36">
    <w>up<mor type="mor"><mw><pos><c>adv</c></pos><stem>up</stem></mw><gra type="gra" index="1" head="0" relation="INCROOT"/></mor></w>
    <t type="p"><mor type="mor"><mt type="p"/><gra type="gra" index="2" head="1" relation="PUNCT"/></mor></t>

    <a type="extension" flavor="pho">ba</a>
  </u>
  <u who="CHI" uID="u37">
    <w>lion<mor type="mor"><mw><pos><c>n</c></pos><stem>lion</stem></mw><gra type="gra" index="1" head="0" relation="INCROOT"/></mor></w>
    <t type="p"><mor type="mor"><mt type="p"/><gra type="gra" index="2" head="1" relation="PUNCT"/></mor></t>

    <a type="extension" flavor="pho">laın:</a>
  </u>
  <u who="CHI" uID="u38">
    <w>ups_a_daisy<mor type="mor"><mw><pos><c>co</c></pos><stem>ups_a_daisy</stem></mw><gra type="gra" index="1" head="0" relation="INCROOT"/></mor></w>
    <t type="p"><mor type="mor"><mt type="p"/><gra type="gra" index="2" head="1" relation="PUNCT"/></mor></t>

    <a type="extension" flavor="pho">pʰəde:bi</a>
  </u>
  <u who="CHI" uID="u39">
    <w>up<mor type="mor"><mw><pos><c>adv</c></pos><stem>up</stem></mw><gra type="gra" index="1" head="2" relation="JCT"/></mor></w>
    <w>there<mor type="mor"><mw><pos><c>adv</c></pos><stem>there</stem></mw><gra type="gra" index="2" head="0" relation="ROOT"/></mor></w>
    <t type="p"><mor type="mor"><mt type="p"/><gra type="gra" index="3" head="2" relation="PUNCT"/></mor></t>

    <a type="extension" flavor="pho">bɑ dɛə</a>
  </u>
  <u who="CHI" uID="u40">
    <w>crispies<mor type="mor"><mw><pos><c>n</c></pos><stem>crisp</stem><mk type="sfxf">dadj</mk><mk type="sfx">DIM</mk><mk type="sfx">PL</mk></mw><gra type="gra" index="1" head="2" relation="MOD"/></mor></w>
    <g><w>wipe<mor type="mor"><mw><pos><c>n</c></pos><stem>wipe</stem></mw><gra type="gra" index="2" head="0" relation="INCROOT"/></mor></w><ga type="explanation">wipe up the crispies</ga></g>
    <t type="p"><mor type="mor"><mt type="p"/><gra type="gra" index="3" head="2" relation="PUNCT"/></mor></t>

    <a type="extension" flavor="pho">pıpi [*] waı</a>
    <a type="errcoding">consonant harmony;</a>
  </u>
  <u who="CHI" uID="u41">
    <w>yes<mor type="mor"><mw><pos><c>co</c></pos><stem>yes</stem></mw><gra type="gra" index="1" head="0" relation="INCROOT"/></mor></w>
    <t type="p"><mor type="mor"><mt type="p"/><gra type="gra" index="2" head="1" relation="PUNCT"/></mor></t>

    <a type="extension" flavor="pho">m</a>
    <a type="comments">very short</a>
  </u>
  <u who="CHI" uID="u42">
    <w>dear<mor type="mor"><mw><pos><c>adj</c></pos><stem>dear</stem></mw><gra type="gra" index="1" head="2" relation="MOD"/></mor></w>
    <w>dear<mor type="mor"><mw><pos><c>co</c></pos><stem>dear</stem></mw><gra type="gra" index="2" head="0" relation="INCROOT"/></mor></w>
    <t type="p"><mor type="mor"><mt type="p"/><gra type="gra" index="3" head="2" relation="PUNCT"/></mor></t>

    <a type="extension" flavor="pho">diə diə</a>
    <a type="comments">on falling down</a>
  </u>
  <u who="CHI" uID="u43">
    <w>chocolate<mor type="mor"><mw><pos><c>n</c></pos><stem>chocolate</stem></mw><gra type="gra" index="1" head="2" relation="MOD"/></mor></w>
    <w>biscuit<mor type="mor"><mw><pos><c>n</c></pos><stem>biscuit</stem></mw><gra type="gra" index="2" head="0" relation="INCROOT"/></mor></w>
    <t type="p"><mor type="mor"><mt type="p"/><gra type="gra" index="3" head="2" relation="PUNCT"/></mor></t>

    <a type="extension" flavor="pho">kɒki [*] bebɛ [*]</a>
    <a type="errcoding">consonant harmony in both words;</a>
  </u>
  <u who="CHI" uID="u44">
    <w>Daddy's<mor type="mor"><mw><pos><c>n</c><s>prop</s></pos><stem>Daddy</stem></mw><gra type="gra" index="1" head="3" relation="MOD"/><mor-post><mw><pos><c>poss</c></pos><stem>s</stem></mw><gra type="gra" index="2" head="1" relation="POSS"/></mor-post></mor></w>
    <w>tea<mor type="mor"><mw><pos><c>n</c></pos><stem>tea</stem></mw><gra type="gra" index="3" head="0" relation="INCROOT"/></mor></w>
    <t type="p"><mor type="mor"><mt type="p"/><gra type="gra" index="4" head="3" relation="PUNCT"/></mor></t>

    <a type="extension" flavor="pho">dædi tıi</a>
  </u>
  <u who="CHI" uID="u45">
    <w>reindeer<mor type="mor"><mw><pos><c>n</c></pos><stem>reindeer</stem></mw><gra type="gra" index="1" head="0" relation="INCROOT"/></mor></w>
    <t type="p"><mor type="mor"><mt type="p"/><gra type="gra" index="2" head="1" relation="PUNCT"/></mor></t>

    <a type="extension" flavor="pho">ʋeınəʋein [*]</a>
    <a type="errcoding">repetition of first syllable;</a>
    <a type="comments">imit</a>
  </u>
  <u who="CHI" uID="u46">
    <w>hat<mor type="mor"><mw><pos><c>n</c></pos><stem>hat</stem></mw><gra type="gra" index="1" head="0" relation="INCROOT"/></mor></w>
    <w>on<mor type="mor"><mw><pos><c>adv</c></pos><stem>on</stem></mw><gra type="gra" index="2" head="1" relation="JCT"/></mor></w>
    <t type="p"><mor type="mor"><mt type="p"/><gra type="gra" index="3" head="1" relation="PUNCT"/></mor></t>

    <a type="extension" flavor="pho">hæt ʌn</a>
    <a type="comments">command</a>
  </u>
  <u who="CHI" uID="u47">
    <w>Lucky<mor type="mor"><mw><pos><c>n</c><s>prop</s></pos><stem>Lucky</stem></mw><gra type="gra" index="1" head="0" relation="INCROOT"/></mor></w>
    <t type="p"><mor type="mor"><mt type="p"/><gra type="gra" index="2" head="1" relation="PUNCT"/></mor></t>

    <a type="extension" flavor="pho">lʌki</a>
    <a type="explanation">name of pet rabbit</a>
  </u>
  <u who="CHI" uID="u48">
    <w>shopping<mor type="mor"><mw><pos><c>part</c></pos><stem>shop</stem><mk type="sfx">PRESP</mk></mw><gra type="gra" index="1" head="0" relation="INCROOT"/></mor></w>
    <t type="p"><mor type="mor"><mt type="p"/><gra type="gra" index="2" head="1" relation="PUNCT"/></mor></t>

    <a type="extension" flavor="pho">pɒpın [*]</a>
    <a type="errcoding">consonant harmony;</a>
  </u>
  <u who="CHI" uID="u49">
    <w>no<mor type="mor"><mw><pos><c>co</c></pos><stem>no</stem></mw><gra type="gra" index="1" head="2" relation="COM"/></mor></w>
    <g><w>behind<mor type="mor"><mw><pos><c>adv</c></pos><stem>behind</stem></mw><gra type="gra" index="2" head="0" relation="ROOT"/></mor></w><ga type="explanation">no you must stay behind</ga></g>
    <t type="p"><mor type="mor"><mt type="p"/><gra type="gra" index="3" head="2" relation="PUNCT"/></mor></t>

    <a type="extension" flavor="pho">nəʊ haın [*]</a>
    <a type="errcoding">first syllable deleted;</a>
    <a type="comments">imit</a>
  </u>
  <u who="CHI" uID="u50">
    <w>Suki<mor type="mor"><mw><pos><c>n</c><s>prop</s></pos><stem>Suki</stem></mw><gra type="gra" index="1" head="0" relation="INCROOT"/></mor></w>
    <t type="p"><mor type="mor"><mt type="p"/><gra type="gra" index="2" head="1" relation="PUNCT"/></mor></t>

    <a type="extension" flavor="pho">ɬu:ki [*]</a>
    <a type="errcoding">voiceless alveolar fricative replaced by voiceless alveolar lateral fricative;</a>
  </u>
  <u who="CHI" uID="u51">
    <w>where<mor type="mor"><mw><pos><c>adv</c><s>wh</s></pos><stem>where</stem></mw><gra type="gra" index="1" head="0" relation="INCROOT"/></mor></w>
    <t type="p"><mor type="mor"><mt type="p"/><gra type="gra" index="2" head="1" relation="PUNCT"/></mor></t>

    <a type="extension" flavor="pho">ʋɛə</a>
  </u>
  <u who="CHI" uID="u52">
    <w>Suki<mor type="mor"><mw><pos><c>n</c><s>prop</s></pos><stem>Suki</stem></mw><gra type="gra" index="1" head="0" relation="INCROOT"/></mor></w>
    <t type="p"><mor type="mor"><mt type="p"/><gra type="gra" index="2" head="1" relation="PUNCT"/></mor></t>

    <a type="extension" flavor="pho">su:si</a>
  </u>
  <u who="CHI" uID="u53">
    <w>kiss<mor type="mor"><mw><pos><c>n</c></pos><stem>kiss</stem></mw><gra type="gra" index="1" head="0" relation="INCROOT"/></mor></w>
    <t type="p"><mor type="mor"><mt type="p"/><gra type="gra" index="2" head="1" relation="PUNCT"/></mor></t>

    <a type="extension" flavor="pho">kı [*]</a>
    <a type="errcoding">final consonant deleted;</a>
  </u>
  <u who="CHI" uID="u54">
    <w>ring<mor type="mor"><mw><pos><c>n</c></pos><stem>ring</stem></mw><gra type="gra" index="1" head="0" relation="INCROOT"/></mor></w>
    <t type="p"><mor type="mor"><mt type="p"/><gra type="gra" index="2" head="1" relation="PUNCT"/></mor></t>

    <a type="extension" flavor="pho">ʋıŋ</a>
  </u>
  <u who="CHI" uID="u55">
    <w>pottie<mor type="mor"><mw><pos><c>n</c></pos><stem>pot</stem><mk type="sfx">DIM</mk></mw><gra type="gra" index="1" head="0" relation="INCROOT"/></mor></w>
    <t type="p"><mor type="mor"><mt type="p"/><gra type="gra" index="2" head="1" relation="PUNCT"/></mor></t>

    <a type="extension" flavor="pho">pɒpi [*]</a>
    <a type="errcoding">consonant harmony;</a>
  </u>
  <u who="CHI" uID="u56">
    <w>chocolate<mor type="mor"><mw><pos><c>n</c></pos><stem>chocolate</stem></mw><gra type="gra" index="1" head="2" relation="MOD"/></mor></w>
    <w>biscuit<mor type="mor"><mw><pos><c>n</c></pos><stem>biscuit</stem></mw><gra type="gra" index="2" head="0" relation="INCROOT"/></mor></w>
    <t type="p"><mor type="mor"><mt type="p"/><gra type="gra" index="3" head="2" relation="PUNCT"/></mor></t>

    <a type="extension" flavor="pho">kɒkı bıbı</a>
  </u>
  <u who="CHI" uID="u57">
    <w>bear<mor type="mor"><mw><pos><c>n</c></pos><stem>bear</stem></mw><gra type="gra" index="1" head="0" relation="INCROOT"/></mor></w>
    <t type="p"><mor type="mor"><mt type="p"/><gra type="gra" index="2" head="1" relation="PUNCT"/></mor></t>

    <a type="extension" flavor="pho">bɛə</a>
  </u>
  <u who="CHI" uID="u58">
    <w>apple<mor type="mor"><mw><pos><c>n</c></pos><stem>apple</stem></mw><gra type="gra" index="1" head="0" relation="INCROOT"/></mor></w>
    <t type="p"><mor type="mor"><mt type="p"/><gra type="gra" index="2" head="1" relation="PUNCT"/></mor></t>

    <a type="extension" flavor="pho">pʰɑpʰu</a>
  </u>
  <u who="CHI" uID="u59">
    <w>onion<mor type="mor"><mw><pos><c>n</c></pos><stem>onion</stem></mw><gra type="gra" index="1" head="0" relation="INCROOT"/></mor></w>
    <t type="p"><mor type="mor"><mt type="p"/><gra type="gra" index="2" head="1" relation="PUNCT"/></mor></t>

    <a type="extension" flavor="pho">ʌn: [*]</a>
    <a type="errcoding">second syllable deleted;</a>
  </u>
  <u who="CHI" uID="u60">
    <w>Daddy<mor type="mor"><mw><pos><c>n</c><s>prop</s></pos><stem>Daddy</stem></mw><gra type="gra" index="1" head="2" relation="MOD"/></mor></w>
    <g><w>onion<mor type="mor"><mw><pos><c>n</c></pos><stem>onion</stem></mw><gra type="gra" index="2" head="0" relation="INCROOT"/></mor></w><ga type="explanation">Daddy's having an onion</ga></g>
    <t type="p"><mor type="mor"><mt type="p"/><gra type="gra" index="3" head="2" relation="PUNCT"/></mor></t>

    <a type="extension" flavor="pho">dædi ʌn:</a>
  </u>
  <u who="CHI" uID="u61">
    <w>kitchen<mor type="mor"><mw><pos><c>n</c></pos><stem>kitchen</stem></mw><gra type="gra" index="1" head="0" relation="INCROOT"/></mor></w>
    <t type="p"><mor type="mor"><mt type="p"/><gra type="gra" index="2" head="1" relation="PUNCT"/></mor></t>

    <a type="extension" flavor="pho">kıki [*]</a>
    <a type="errcoding">consonant harmony;</a>
  </u>
  <u who="CHI" uID="u62">
    <w>back<mor type="mor"><mw><pos><c>adv</c></pos><stem>back</stem></mw><gra type="gra" index="1" head="0" relation="INCROOT"/></mor></w>
    <w>on<mor type="mor"><mw><pos><c>adv</c></pos><stem>on</stem></mw><gra type="gra" index="2" head="1" relation="JCT"/></mor></w>
    <t type="p"><mor type="mor"><mt type="p"/><gra type="gra" index="3" head="1" relation="PUNCT"/></mor></t>

    <a type="extension" flavor="pho">bæk ən</a>
    <a type="comments">imit</a>
  </u>
  <u who="CHI" uID="u63">
    <w>dear<mor type="mor"><mw><pos><c>adj</c></pos><stem>dear</stem></mw><gra type="gra" index="1" head="2" relation="MOD"/></mor></w>
    <g><w>top<mor type="mor"><mw><pos><c>n</c></pos><stem>top</stem></mw><gra type="gra" index="2" head="0" relation="INCROOT"/></mor></w><ga type="explanation">oh dear the top's come off</ga></g>
    <t type="p"><mor type="mor"><mt type="p"/><gra type="gra" index="3" head="2" relation="PUNCT"/></mor></t>

    <a type="extension" flavor="pho">dıə tɒ</a>
  </u>
  <u who="CHI" uID="u64">
    <w>Jenny<mor type="mor"><mw><pos><c>n</c><s>prop</s></pos><stem>Jenny</stem></mw><gra type="gra" index="1" head="2" relation="SUBJ"/></mor></w>
    <g><w>can<mor type="mor"><mw><pos><c>mod</c></pos><stem>can</stem></mw><gra type="gra" index="2" head="0" relation="ROOT"/></mor></w><ga type="explanation">Jenny can do it</ga></g>
    <t type="p"><mor type="mor"><mt type="p"/><gra type="gra" index="3" head="2" relation="PUNCT"/></mor></t>

    <a type="extension" flavor="pho">d̪eni [*] kəm</a>
    <a type="errcoding">voiced palato-alveolar affricate replaced by voiced dental plosive;</a>
  </u>
  <u who="CHI" uID="u65">
    <w>paper<mor type="mor"><mw><pos><c>n</c></pos><stem>paper</stem></mw><gra type="gra" index="1" head="0" relation="INCROOT"/></mor></w>
    <g><w>away<mor type="mor"><mw><pos><c>adv</c></pos><stem>away</stem></mw><gra type="gra" index="2" head="1" relation="NJCT"/></mor></w><ga type="explanation">take the paper away</ga></g>
    <t type="p"><mor type="mor"><mt type="p"/><gra type="gra" index="3" head="1" relation="PUNCT"/></mor></t>

    <a type="extension" flavor="pho">peıpə wɛ̝ı</a>
  </u>
  <u who="CHI" uID="u66">
    <w>hello<mor type="mor"><mw><pos><c>co</c></pos><stem>hello</stem></mw><gra type="gra" index="1" head="2" relation="COM"/></mor></w>
    <w>Jenny<mor type="mor"><mw><pos><c>n</c><s>prop</s></pos><stem>Jenny</stem></mw><gra type="gra" index="2" head="0" relation="ROOT"/></mor></w>
    <t type="p"><mor type="mor"><mt type="p"/><gra type="gra" index="3" head="2" relation="PUNCT"/></mor></t>

    <a type="extension" flavor="pho">ləʊ d̪eni [*]</a>
    <a type="errcoding">voiced palato-alveolar affricate replaced by voiced dental plosive;</a>
  </u>
  <u who="CHI" uID="u67">
    <w>down<mor type="mor"><mw><pos><c>adv</c></pos><stem>down</stem></mw><gra type="gra" index="1" head="0" relation="INCROOT"/></mor></w>
    <t type="p"><mor type="mor"><mt type="p"/><gra type="gra" index="2" head="1" relation="PUNCT"/></mor></t>

    <a type="extension" flavor="pho">daʊn</a>
  </u>
  <u who="CHI" uID="u68">
    <w>biscuit<mor type="mor"><mw><pos><c>n</c></pos><stem>biscuit</stem></mw><gra type="gra" index="1" head="0" relation="INCROOT"/></mor></w>
    <g><w>like<mor type="mor"><mw><pos><c>prep</c></pos><stem>like</stem></mw><gra type="gra" index="2" head="1" relation="JCT"/></mor></w><ga type="explanation">I'd like a biscuit</ga></g>
    <t type="p"><mor type="mor"><mt type="p"/><gra type="gra" index="3" head="1" relation="PUNCT"/></mor></t>

    <a type="extension" flavor="pho">bıskıt laık</a>
  </u>
  <u who="CHI" uID="u69">
    <w>Mummy's<mor type="mor"><mw><pos><c>n</c><s>prop</s></pos><stem>Mummy</stem></mw><gra type="gra" index="1" head="3" relation="MOD"/><mor-post><mw><pos><c>poss</c></pos><stem>s</stem></mw><gra type="gra" index="2" head="1" relation="POSS"/></mor-post></mor></w>
    <w>curlers<mor type="mor"><mw><pos><c>n</c></pos><stem>curl</stem><mk type="sfxf">dv</mk><mk type="sfx">AGT</mk><mk type="sfx">PL</mk></mw><gra type="gra" index="3" head="0" relation="INCROOT"/></mor></w>
    <t type="p"><mor type="mor"><mt type="p"/><gra type="gra" index="4" head="3" relation="PUNCT"/></mor></t>

    <a type="extension" flavor="pho">mʌmi kə: [*]</a>
    <a type="errcoding">second syllable deleted;</a>
  </u>
  <u who="CHI" uID="u70">
    <w>orange<mor type="mor"><mw><pos><c>adj</c></pos><stem>orange</stem></mw><gra type="gra" index="1" head="0" relation="INCROOT"/></mor></w>
    <t type="p"><mor type="mor"><mt type="p"/><gra type="gra" index="2" head="1" relation="PUNCT"/></mor></t>

    <a type="extension" flavor="pho">aın</a>
  </u>
</CHAT>