<?xml version="1.0" encoding="UTF-8"?>

<CHAT xmlns:xsi="http://www.w3.org/2001/XMLSchema-instance"
      xmlns="http://www.talkbank.org/ns/talkbank"
      xsi:schemaLocation="http://www.talkbank.org/ns/talkbank http://talkbank.org/software/talkbank.xsd"
      PID="11312/c-00019071-1"
      Version="2.3.0"
      Lang="eng"
      Corpus="Cruttenden"
      Date="1969-04-13">
  <Participants>
    <participant
      id="CHI"
    name="Jane"
      role="Target_Child"
      language="eng"
      age="P1Y11M19D"
      sex="female"
      group="typical"

    />
  </Participants>
  <comment type="Date">13-APR-1969</comment>
  <u who="CHI" uID="u0">
    <w>lion<mor type="mor"><mw><pos><c>n</c></pos><stem>lion</stem></mw><gra type="gra" index="1" head="0" relation="INCROOT"/></mor></w>
    <t type="p"><mor type="mor"><mt type="p"/><gra type="gra" index="2" head="1" relation="PUNCT"/></mor></t>

    <a type="extension" flavor="pho">laın:</a>
  </u>
  <u who="CHI" uID="u1">
    <w>quack<mor type="mor"><mw><pos><c>n</c></pos><stem>quack</stem></mw><gra type="gra" index="1" head="3" relation="MOD"/></mor></w>
    <w>quack<mor type="mor"><mw><pos><c>n</c></pos><stem>quack</stem></mw><gra type="gra" index="2" head="3" relation="MOD"/></mor></w>
    <w>quack<mor type="mor"><mw><pos><c>n</c></pos><stem>quack</stem></mw><gra type="gra" index="3" head="0" relation="INCROOT"/></mor></w>
    <t type="p"><mor type="mor"><mt type="p"/><gra type="gra" index="4" head="3" relation="PUNCT"/></mor></t>

    <a type="extension" flavor="pho">ka:ka:ka:</a>
    <a type="comments">onomatopoeic</a>
  </u>
  <u who="CHI" uID="u2">
    <w>tea<wk type="cmp"/>pot<mor type="mor"><mwc><pos><c>n</c></pos><mw><pos><c>n</c></pos><stem>tea</stem></mw><mw><pos><c>n</c></pos><stem>pot</stem></mw></mwc><gra type="gra" index="1" head="0" relation="INCROOT"/></mor></w>
    <t type="p"><mor type="mor"><mt type="p"/><gra type="gra" index="2" head="1" relation="PUNCT"/></mor></t>

    <a type="extension" flavor="pho">pi:pɒ</a>
  </u>
  <u who="CHI" uID="u3">
    <w>byebye<mor type="mor"><mw><pos><c>co</c></pos><stem>byebye</stem></mw><gra type="gra" index="1" head="2" relation="COM"/></mor></w>
    <w>Daddy<mor type="mor"><mw><pos><c>n</c><s>prop</s></pos><stem>Daddy</stem></mw><gra type="gra" index="2" head="0" relation="ROOT"/></mor></w>
    <t type="p"><mor type="mor"><mt type="p"/><gra type="gra" index="3" head="2" relation="PUNCT"/></mor></t>

    <a type="extension" flavor="pho">babai dædi</a>
  </u>
  <u who="CHI" uID="u4">
    <w>pottie<mor type="mor"><mw><pos><c>n</c></pos><stem>pot</stem><mk type="sfx">DIM</mk></mw><gra type="gra" index="1" head="0" relation="INCROOT"/></mor></w>
    <t type="p"><mor type="mor"><mt type="p"/><gra type="gra" index="2" head="1" relation="PUNCT"/></mor></t>

    <a type="extension" flavor="pho">pɑpi [*]</a>
    <a type="errcoding">consonant harmony;</a>
  </u>
  <u who="CHI" uID="u5">
    <w>likes<mor type="mor"><mw><pos><c>v</c></pos><stem>like</stem><mk type="sfx">3S</mk></mw><gra type="gra" index="1" head="0" relation="ROOT"/></mor></w>
    <w>bacon<mor type="mor"><mw><pos><c>n</c></pos><stem>bacon</stem></mw><gra type="gra" index="2" head="1" relation="OBJ"/></mor></w>
    <t type="p"><mor type="mor"><mt type="p"/><gra type="gra" index="3" head="1" relation="PUNCT"/></mor></t>

    <a type="extension" flavor="pho">laı beben [*]</a>
    <a type="errcoding">consonant harmony;</a>
    <a type="comments">immediate repetition of sister's utterance</a>
  </u>
  <u who="CHI" uID="u6">
    <w>Kipper's<mor type="mor"><mw><pos><c>n</c><s>prop</s></pos><stem>Kipper</stem></mw><gra type="gra" index="1" head="3" relation="SUBJ"/><mor-post><mw><pos><c>aux</c></pos><stem>be</stem><mk type="sfxf">3S</mk></mw><gra type="gra" index="2" head="3" relation="AUX"/></mor-post></mor></w>
    <w>coming<mor type="mor"><mw><pos><c>part</c></pos><stem>come</stem><mk type="sfx">PRESP</mk></mw><gra type="gra" index="3" head="0" relation="ROOT"/></mor></w>
    <t type="p"><mor type="mor"><mt type="p"/><gra type="gra" index="4" head="3" relation="PUNCT"/></mor></t>

    <a type="extension" flavor="pho">kıpəz kʌmın</a>
  </u>
  <u who="CHI" uID="u7">
    <w>fish<mor type="mor"><mw><pos><c>n</c></pos><stem>fish</stem></mw><gra type="gra" index="1" head="0" relation="INCROOT"/></mor></w>
    <t type="p"><mor type="mor"><mt type="p"/><gra type="gra" index="2" head="1" relation="PUNCT"/></mor></t>

    <a type="extension" flavor="pho">fı [*]</a>
    <a type="errcoding">final consonant deleted;</a>
    <a type="comments">imit</a>
  </u>
  <u who="CHI" uID="u8">
    <w>buy<mor type="mor"><mw><pos><c>n</c></pos><stem>buy</stem></mw><gra type="gra" index="1" head="2" relation="MOD"/></mor></w>
    <g><w>mummie<mor type="mor"><mw><pos><c>n</c></pos><stem>mum</stem><mk type="sfxf">dadj</mk><mk type="sfx">DIM</mk></mw><gra type="gra" index="2" head="0" relation="INCROOT"/></mor></w><ga type="explanation">buy some Mummy</ga></g>
    <t type="p"><mor type="mor"><mt type="p"/><gra type="gra" index="3" head="2" relation="PUNCT"/></mor></t>

    <a type="extension" flavor="pho">bɛı mʌmi</a>
    <a type="comments">context - when there isn't any of something</a>
  </u>
  <u who="CHI" uID="u9">
    <w>yes<mor type="mor"><mw><pos><c>co</c></pos><stem>yes</stem></mw><gra type="gra" index="1" head="4" relation="COM"/></mor></w>
    <w>I<mor type="mor"><mw><pos><c>pro</c><s>sub</s></pos><stem>I</stem></mw><gra type="gra" index="2" head="4" relation="SUBJ"/></mor></w>
    <w>like<mor type="mor"><mw><pos><c>co</c></pos><stem>like</stem></mw><gra type="gra" index="3" head="4" relation="COM"/></mor></w>
    <w>grapes<mor type="mor"><mw><pos><c>n</c></pos><stem>grape</stem><mk type="sfx">PL</mk></mw><gra type="gra" index="4" head="0" relation="INCROOT"/></mor></w>
    <t type="p"><mor type="mor"><mt type="p"/><gra type="gra" index="5" head="4" relation="PUNCT"/></mor></t>

    <a type="extension" flavor="pho">jeç [*] laı ɡeıp</a>
    <a type="errcoding">voiceless alveolar fricative replaced by voiceless palatal fricative;</a>
    <a type="explanation">in answer to question "do you like grapes" ?</a>
  </u>
  <u who="CHI" uID="u10">
    <w>Daddy's<mor type="mor"><mw><pos><c>n</c><s>prop</s></pos><stem>Daddy</stem></mw><gra type="gra" index="1" head="3" relation="SUBJ"/><mor-post><mw><pos><c>poss</c></pos><stem>s</stem></mw><gra type="gra" index="2" head="1" relation="POSS"/></mor-post></mor></w>
    <g><w>one<mor type="mor"><mw><pos><c>pro</c><s>indef</s></pos><stem>one</stem></mw><gra type="gra" index="3" head="0" relation="ROOT"/></mor></w><ga type="explanation">Daddy's got one</ga></g>
    <t type="p"><mor type="mor"><mt type="p"/><gra type="gra" index="4" head="3" relation="PUNCT"/></mor></t>

    <a type="extension" flavor="pho">dædi ʋʌm</a>
  </u>
  <u who="CHI" uID="u11">
    <w>grape<mor type="mor"><mw><pos><c>n</c></pos><stem>grape</stem></mw><gra type="gra" index="1" head="0" relation="INCROOT"/></mor></w>
    <t type="p"><mor type="mor"><mt type="p"/><gra type="gra" index="2" head="1" relation="PUNCT"/></mor></t>

    <a type="extension" flavor="pho">ʋeıp [*]</a>
    <a type="errcoding">first element of cluster omitted; alveolar approximant replaced by labio-dental approximant;</a>
  </u>
  <u who="CHI" uID="u12">
    <w>Daddy<mor type="mor"><mw><pos><c>n</c><s>prop</s></pos><stem>Daddy</stem></mw><gra type="gra" index="1" head="2" relation="SUBJ"/></mor></w>
    <g><w>some<mor type="mor"><mw><pos><c>qn</c></pos><stem>some</stem></mw><gra type="gra" index="2" head="0" relation="ROOT"/></mor></w><ga type="explanation">Daddy's got some</ga></g>
    <t type="p"><mor type="mor"><mt type="p"/><gra type="gra" index="3" head="2" relation="PUNCT"/></mor></t>

    <a type="extension" flavor="pho">dædi sʌm</a>
  </u>
  <u who="CHI" uID="u13">
    <w>another<mor type="mor"><mw><pos><c>qn</c></pos><stem>another</stem></mw><gra type="gra" index="1" head="2" relation="QUANT"/></mor></w>
    <w>one<mor type="mor"><mw><pos><c>pro</c><s>indef</s></pos><stem>one</stem></mw><gra type="gra" index="2" head="0" relation="ROOT"/></mor></w>
    <t type="p"><mor type="mor"><mt type="p"/><gra type="gra" index="3" head="2" relation="PUNCT"/></mor></t>

    <a type="extension" flavor="pho">lɛləʊ wʌm</a>
  </u>
  <u who="CHI" uID="u14">
    <w>gone<mor type="mor"><mw><pos><c>part</c></pos><stem>go</stem><mk type="sfxf">PASTP</mk></mw><gra type="gra" index="1" head="0" relation="INCROOT"/></mor></w>
    <w>Daddy<mor type="mor"><mw><pos><c>n</c><s>prop</s></pos><stem>Daddy</stem></mw><gra type="gra" index="2" head="1" relation="OBJ"/></mor></w>
    <t type="p"><mor type="mor"><mt type="p"/><gra type="gra" index="3" head="1" relation="PUNCT"/></mor></t>

    <a type="extension" flavor="pho">ɡɒn dædi</a>
  </u>
  <u who="CHI" uID="u15">
    <w>doggy<mor type="mor"><mw><pos><c>adj</c></pos><stem>dog</stem><mk type="sfxf">dn</mk><mk type="sfx">Y</mk></mw><gra type="gra" index="1" head="2" relation="MOD"/></mor></w>
    <w>bone<mor type="mor"><mw><pos><c>n</c></pos><stem>bone</stem></mw><gra type="gra" index="2" head="0" relation="INCROOT"/></mor></w>
    <t type="p"><mor type="mor"><mt type="p"/><gra type="gra" index="3" head="2" relation="PUNCT"/></mor></t>

    <a type="extension" flavor="pho">ɡɒɡi [*] bəʊn</a>
    <a type="errcoding">consonant harmony;</a>
    <a type="comments">imit</a>
  </u>
  <u who="CHI" uID="u16">
    <w>prune<mor type="mor"><mw><pos><c>n</c></pos><stem>prune</stem></mw><gra type="gra" index="1" head="0" relation="INCROOT"/></mor></w>
    <t type="p"><mor type="mor"><mt type="p"/><gra type="gra" index="2" head="1" relation="PUNCT"/></mor></t>

    <a type="extension" flavor="pho">pu:n [*]</a>
    <a type="errcoding">second element of cluster omitted;</a>
  </u>
  <u who="CHI" uID="u17">
    <w>we<mor type="mor"><mw><pos><c>pro</c><s>sub</s></pos><stem>we</stem></mw><gra type="gra" index="1" head="2" relation="SUBJ"/></mor></w>
    <w>are<mor type="mor"><mw><pos><c>cop</c></pos><stem>be</stem><mk type="sfxf">PRES</mk></mw><gra type="gra" index="2" head="0" relation="ROOT"/></mor></w>
    <g><w>love<mor type="mor"><mw><pos><c>n</c></pos><stem>love</stem></mw><gra type="gra" index="3" head="2" relation="PRED"/></mor></w><ga type="explanation">there we are love</ga></g>
    <t type="p"><mor type="mor"><mt type="p"/><gra type="gra" index="4" head="2" relation="PUNCT"/></mor></t>

    <a type="extension" flavor="pho">ʋi:ɑ:lʌv</a>
    <a type="comments">imit</a>
  </u>
  <u who="CHI" uID="u18">
    <w>God<mor type="mor"><mw><pos><c>n</c><s>prop</s></pos><stem>God</stem></mw><gra type="gra" index="1" head="2" relation="SUBJ"/></mor></w>
    <w>bless<mor type="mor"><mw><pos><c>v</c></pos><stem>bless</stem></mw><gra type="gra" index="2" head="0" relation="ROOT"/></mor></w>
    <t type="p"><mor type="mor"><mt type="p"/><gra type="gra" index="3" head="2" relation="PUNCT"/></mor></t>

    <a type="extension" flavor="pho">ɡɒ bɛ [*]</a>
    <a type="errcoding">second element of cluster deleted; final consonant deleted;</a>
  </u>
  <u who="CHI" uID="u19">
    <w>baby<mor type="mor"><mw><pos><c>n</c></pos><stem>baby</stem></mw><gra type="gra" index="1" head="0" relation="INCROOT"/></mor></w>
    <t type="p"><mor type="mor"><mt type="p"/><gra type="gra" index="2" head="1" relation="PUNCT"/></mor></t>

    <a type="extension" flavor="pho">be:bi</a>
  </u>
  <u who="CHI" uID="u20">
    <w>swimming<mor type="mor"><mw><pos><c>part</c></pos><stem>swim</stem><mk type="sfx">PRESP</mk></mw><gra type="gra" index="1" head="0" relation="INCROOT"/></mor></w>
    <t type="p"><mor type="mor"><mt type="p"/><gra type="gra" index="2" head="1" relation="PUNCT"/></mor></t>

    <a type="extension" flavor="pho">pʰımın [*]</a>
    <a type="errcoding">initial cluster replaced by aspirated voiceless bilabial plosive;</a>
  </u>
  <u who="CHI" uID="u21">
    <w>swimming<mor type="mor"><mw><pos><c>part</c></pos><stem>swim</stem><mk type="sfx">PRESP</mk></mw><gra type="gra" index="1" head="0" relation="INCROOT"/></mor></w>
    <t type="p"><mor type="mor"><mt type="p"/><gra type="gra" index="2" head="1" relation="PUNCT"/></mor></t>

    <a type="extension" flavor="pho">s̪ımın [*]</a>
    <a type="errcoding">initial cluster replaced by dentalised voiceless alveolar fricative;</a>
  </u>
  <u who="CHI" uID="u22">
    <w>swimming<mor type="mor"><mw><pos><c>part</c></pos><stem>swim</stem><mk type="sfx">PRESP</mk></mw><gra type="gra" index="1" head="0" relation="INCROOT"/></mor></w>
    <t type="p"><mor type="mor"><mt type="p"/><gra type="gra" index="2" head="1" relation="PUNCT"/></mor></t>

    <a type="extension" flavor="pho">fımın [*]</a>
    <a type="errcoding">initial cluster replaced by voiceless labio-dental fricative;</a>
  </u>
  <u who="CHI" uID="u23">
    <w>swimming<mor type="mor"><mw><pos><c>part</c></pos><stem>swim</stem><mk type="sfx">PRESP</mk></mw><gra type="gra" index="1" head="0" relation="INCROOT"/></mor></w>
    <t type="p"><mor type="mor"><mt type="p"/><gra type="gra" index="2" head="1" relation="PUNCT"/></mor></t>

    <a type="extension" flavor="pho">lımın [*]</a>
    <a type="errcoding">initial cluster replaced by voiced alveolar lateral approximant;</a>
    <a type="comments">four renditions of "swimming"</a>
  </u>
  <u who="CHI" uID="u24">
    <w>lion<mor type="mor"><mw><pos><c>n</c></pos><stem>lion</stem></mw><gra type="gra" index="1" head="0" relation="INCROOT"/></mor></w>
    <t type="p"><mor type="mor"><mt type="p"/><gra type="gra" index="2" head="1" relation="PUNCT"/></mor></t>

    <a type="extension" flavor="pho">laı:n</a>
  </u>
  <u who="CHI" uID="u25">
    <w>more<mor type="mor"><mw><pos><c>qn</c></pos><stem>more</stem></mw><gra type="gra" index="1" head="2" relation="QUANT"/></mor></w>
    <w>orange<mor type="mor"><mw><pos><c>n</c></pos><stem>orange</stem></mw><gra type="gra" index="2" head="0" relation="INCROOT"/></mor></w>
    <t type="p"><mor type="mor"><mt type="p"/><gra type="gra" index="3" head="2" relation="PUNCT"/></mor></t>

    <a type="extension" flavor="pho">mɑ:ʔaın</a>
  </u>
  <u who="CHI" uID="u26">
    <w>sweetie<mor type="mor"><mw><pos><c>co</c></pos><stem>sweetie</stem></mw><gra type="gra" index="1" head="0" relation="INCROOT"/></mor></w>
    <t type="p"><mor type="mor"><mt type="p"/><gra type="gra" index="2" head="1" relation="PUNCT"/></mor></t>

    <a type="extension" flavor="pho">pi:pi: [*]</a>
    <a type="errcoding">consnant harmony;</a>
  </u>
  <u who="CHI" uID="u27">
    <w>buy<mor type="mor"><mw><pos><c>v</c></pos><stem>buy</stem></mw><gra type="gra" index="1" head="0" relation="ROOT"/></mor></w>
    <w>more<mor type="mor"><mw><pos><c>pro</c><s>indef</s></pos><stem>more</stem></mw><gra type="gra" index="2" head="1" relation="OBJ"/></mor></w>
    <t type="p"><mor type="mor"><mt type="p"/><gra type="gra" index="3" head="1" relation="PUNCT"/></mor></t>

    <a type="extension" flavor="pho">baı mɑ:</a>
  </u>
  <u who="CHI" uID="u28">
    <w>dummy's<mor type="mor"><mw><pos><c>n</c></pos><stem>dummy</stem></mw><gra type="gra" index="1" head="3" relation="SUBJ"/><mor-post><mw><pos><c>aux</c></pos><stem>be</stem><mk type="sfxf">3S</mk></mw><gra type="gra" index="2" head="3" relation="AUX"/></mor-post></mor></w>
    <w>gone<mor type="mor"><mw><pos><c>part</c></pos><stem>go</stem><mk type="sfxf">PASTP</mk></mw><gra type="gra" index="3" head="0" relation="ROOT"/></mor></w>
    <t type="p"><mor type="mor"><mt type="p"/><gra type="gra" index="4" head="3" relation="PUNCT"/></mor></t>

    <a type="extension" flavor="pho">dəmi ɡɒn</a>
  </u>
  <u who="CHI" uID="u29">
    <w>there's<mor type="mor"><mw><pos><c>pro</c><s>exist</s></pos><stem>there</stem></mw><gra type="gra" index="1" head="2" relation="SUBJ"/><mor-post><mw><pos><c>cop</c></pos><stem>be</stem><mk type="sfxf">3S</mk></mw><gra type="gra" index="2" head="0" relation="ROOT"/></mor-post></mor></w>
    <w>a<mor type="mor"><mw><pos><c>art</c></pos><stem>a</stem></mw><gra type="gra" index="3" head="5" relation="MOD"/></mor></w>
    <w>good<mor type="mor"><mw><pos><c>adj</c></pos><stem>good</stem></mw><gra type="gra" index="4" head="5" relation="MOD"/></mor></w>
    <w>girl<mor type="mor"><mw><pos><c>n</c></pos><stem>girl</stem></mw><gra type="gra" index="5" head="2" relation="PRED"/></mor></w>
    <t type="p"><mor type="mor"><mt type="p"/><gra type="gra" index="6" head="2" relation="PUNCT"/></mor></t>

    <a type="extension" flavor="pho">dɛəz ə ɡɯd ɡəʊ</a>
    <a type="comments">imit .</a>
  </u>
  <u who="CHI" uID="u30">
    <w>night_night<mor type="mor"><mw><pos><c>co</c></pos><stem>night_night</stem></mw><gra type="gra" index="1" head="0" relation="INCROOT"/></mor></w>
    <t type="p"><mor type="mor"><mt type="p"/><gra type="gra" index="2" head="1" relation="PUNCT"/></mor></t>

    <a type="extension" flavor="pho">naı naı</a>
  </u>
  <u who="CHI" uID="u31">
    <w>come<mor type="mor"><mw><pos><c>v</c></pos><stem>come</stem></mw><gra type="gra" index="1" head="0" relation="ROOT"/></mor></w>
    <w>on<mor type="mor"><mw><pos><c>adv</c></pos><stem>on</stem></mw><gra type="gra" index="2" head="1" relation="JCT"/></mor></w>
    <t type="p"><mor type="mor"><mt type="p"/><gra type="gra" index="3" head="1" relation="PUNCT"/></mor></t>

    <a type="extension" flavor="pho">kəm ɒn</a>
    <a type="comments">imit</a>
  </u>
  <u who="CHI" uID="u32">
    <g><w>give<mor type="mor"><mw><pos><c>v</c></pos><stem>give</stem></mw><gra type="gra" index="1" head="0" relation="ROOT"/></mor></w>
    <w>me<mor type="mor"><mw><pos><c>pro</c><s>obj</s></pos><stem>me</stem></mw><gra type="gra" index="2" head="1" relation="OBJ"/></mor></w>
    <w>your<mor type="mor"><mw><pos><c>pro</c><s>poss</s><s>det</s></pos><stem>your</stem></mw><gra type="gra" index="3" head="4" relation="MOD"/></mor></w><k type="best guess"/></g>
    <w>hand<mor type="mor"><mw><pos><c>n</c></pos><stem>hand</stem></mw><gra type="gra" index="4" head="1" relation="OBJ"/></mor></w>
    <t type="p"><mor type="mor"><mt type="p"/><gra type="gra" index="5" head="1" relation="PUNCT"/></mor></t>

    <a type="extension" flavor="pho">bədedi hän</a>
    <a type="explanation">requesting assistance to get up</a>
  </u>
  <u who="CHI" uID="u33">
    <w>table<mor type="mor"><mw><pos><c>n</c></pos><stem>table</stem></mw><gra type="gra" index="1" head="0" relation="INCROOT"/></mor></w>
    <t type="p"><mor type="mor"><mt type="p"/><gra type="gra" index="2" head="1" relation="PUNCT"/></mor></t>

    <a type="extension" flavor="pho">te:tu: [*]</a>
    <a type="errcoding">consonant harmony;</a>
  </u>
  <u who="CHI" uID="u34">
    <w>no<mor type="mor"><mw><pos><c>co</c></pos><stem>no</stem></mw><gra type="gra" index="1" head="0" relation="INCROOT"/></mor></w>
    <t type="p"><mor type="mor"><mt type="p"/><gra type="gra" index="2" head="1" relation="PUNCT"/></mor></t>

    <a type="extension" flavor="pho">nəʊ</a>
  </u>
  <u who="CHI" uID="u35">
    <w>no<mor type="mor"><mw><pos><c>co</c></pos><stem>no</stem></mw><gra type="gra" index="1" head="0" relation="INCROOT"/></mor></w>
    <t type="p"><mor type="mor"><mt type="p"/><gra type="gra" index="2" head="1" relation="PUNCT"/></mor></t>

    <a type="extension" flavor="pho">no̝ʊ</a>
    <a type="comments">two separate renditions</a>
  </u>
  <u who="CHI" uID="u36">
    <w>pudding<mor type="mor"><mw><pos><c>n</c></pos><stem>pudding</stem></mw><gra type="gra" index="1" head="0" relation="INCROOT"/></mor></w>
    <g><w>like<mor type="mor"><mw><pos><c>prep</c></pos><stem>like</stem></mw><gra type="gra" index="2" head="1" relation="JCT"/></mor></w><ga type="explanation">I like pudding</ga></g>
    <t type="p"><mor type="mor"><mt type="p"/><gra type="gra" index="3" head="1" relation="PUNCT"/></mor></t>

    <a type="extension" flavor="pho">pʊɡıŋ [*] laı</a>
    <a type="errcoding">voiced alveolar plosive replaced by voiced velar plosive;</a>
  </u>
  <u who="CHI" uID="u37">
    <w>run<mor type="mor"><mw><pos><c>v</c></pos><stem>run</stem></mw><gra type="gra" index="1" head="0" relation="ROOT"/></mor></w>
    <t type="p"><mor type="mor"><mt type="p"/><gra type="gra" index="2" head="1" relation="PUNCT"/></mor></t>

    <a type="extension" flavor="pho">ʋʌm</a>
    <a type="comments">imit</a>
  </u>
  <u who="CHI" uID="u38">
    <w>bum<mor type="mor"><mw><pos><c>n</c></pos><stem>bum</stem></mw><gra type="gra" index="1" head="0" relation="INCROOT"/></mor></w>
    <t type="p"><mor type="mor"><mt type="p"/><gra type="gra" index="2" head="1" relation="PUNCT"/></mor></t>

    <a type="extension" flavor="pho">bʌm</a>
    <a type="comments">imit</a>
  </u>
  <u who="CHI" uID="u39">
    <w>night<mor type="mor"><mw><pos><c>n</c></pos><stem>night</stem></mw><gra type="gra" index="1" head="2" relation="MOD"/></mor></w>
    <w>night<mor type="mor"><mw><pos><c>n</c></pos><stem>night</stem></mw><gra type="gra" index="2" head="0" relation="INCROOT"/></mor></w>
    <w>Teddy<mor type="mor"><mw><pos><c>n</c><s>prop</s></pos><stem>Teddy</stem></mw><gra type="gra" index="3" head="4" relation="MOD"/></mor></w>
    <w>boy<mor type="mor"><mw><pos><c>n</c></pos><stem>boy</stem></mw><gra type="gra" index="4" head="2" relation="PRED"/></mor></w>
    <t type="p"><mor type="mor"><mt type="p"/><gra type="gra" index="5" head="2" relation="PUNCT"/></mor></t>

    <a type="extension" flavor="pho">na naı tedi bɒı</a>
  </u>
  <u who="CHI" uID="u40">
    <w>umbrella<mor type="mor"><mw><pos><c>n</c></pos><stem>umbrella</stem></mw><gra type="gra" index="1" head="0" relation="INCROOT"/></mor></w>
    <t type="p"><mor type="mor"><mt type="p"/><gra type="gra" index="2" head="1" relation="PUNCT"/></mor></t>

    <a type="extension" flavor="pho">bɛlə</a>
  </u>
  <u who="CHI" uID="u41">
    <w>umbrella<mor type="mor"><mw><pos><c>n</c></pos><stem>umbrella</stem></mw><gra type="gra" index="1" head="0" relation="INCROOT"/></mor></w>
    <t type="p"><mor type="mor"><mt type="p"/><gra type="gra" index="2" head="1" relation="PUNCT"/></mor></t>

    <a type="extension" flavor="pho">ʌməbɛlə</a>
    <a type="comments">two separate renditions</a>
  </u>
  <u who="CHI" uID="u42">
    <w>Jenny<mor type="mor"><mw><pos><c>n</c><s>prop</s></pos><stem>Jenny</stem></mw><gra type="gra" index="1" head="0" relation="INCROOT"/></mor></w>
    <t type="p"><mor type="mor"><mt type="p"/><gra type="gra" index="2" head="1" relation="PUNCT"/></mor></t>

    <a type="extension" flavor="pho">dɛni [*]</a>
    <a type="errcoding">voiced palato-alveolar affricate replaced by voiced alveolar plosive;</a>
  </u>
  <u who="CHI" uID="u43">
    <w>orange<mor type="mor"><mw><pos><c>adj</c></pos><stem>orange</stem></mw><gra type="gra" index="1" head="2" relation="MOD"/></mor></w>
    <g><w>clinic<mor type="mor"><mw><pos><c>n</c></pos><stem>clinic</stem></mw><gra type="gra" index="2" head="0" relation="INCROOT"/></mor></w><ga type="explanation">orange from the clinic</ga></g>
    <t type="p"><mor type="mor"><mt type="p"/><gra type="gra" index="3" head="2" relation="PUNCT"/></mor></t>

    <a type="extension" flavor="pho">aın kıni [*]</a>
    <a type="errcoding">second element of cluster omitted; final consonant omitted;</a>
  </u>
  <u who="CHI" uID="u44">
    <w>tree<mor type="mor"><mw><pos><c>n</c></pos><stem>tree</stem></mw><gra type="gra" index="1" head="0" relation="INCROOT"/></mor></w>
    <w>there<mor type="mor"><mw><pos><c>adv</c></pos><stem>there</stem></mw><gra type="gra" index="2" head="1" relation="NJCT"/></mor></w>
    <t type="p"><mor type="mor"><mt type="p"/><gra type="gra" index="3" head="1" relation="PUNCT"/></mor></t>

    <a type="extension" flavor="pho">tıi dɛə</a>
    <a type="comments">imit</a>
  </u>
  <u who="CHI" uID="u45">
    <w>lawn<mor type="mor"><mw><pos><c>n</c></pos><stem>lawn</stem></mw><gra type="gra" index="1" head="0" relation="INCROOT"/></mor></w>
    <t type="p"><mor type="mor"><mt type="p"/><gra type="gra" index="2" head="1" relation="PUNCT"/></mor></t>

    <a type="extension" flavor="pho">lɔ:n</a>
    <a type="comments">imit</a>
  </u>
  <u who="CHI" uID="u46">
    <w>grass<mor type="mor"><mw><pos><c>n</c></pos><stem>grass</stem></mw><gra type="gra" index="1" head="0" relation="INCROOT"/></mor></w>
    <t type="p"><mor type="mor"><mt type="p"/><gra type="gra" index="2" head="1" relation="PUNCT"/></mor></t>

    <a type="extension" flavor="pho">ɡɑ: [*]</a>
    <a type="errcoding">second element of cluster deleted;</a>
    <a type="comments">imit</a>
  </u>
  <u who="CHI" uID="u47">
    <w>beer<mor type="mor"><mw><pos><c>n</c></pos><stem>beer</stem></mw><gra type="gra" index="1" head="0" relation="INCROOT"/></mor></w>
    <t type="p"><mor type="mor"><mt type="p"/><gra type="gra" index="2" head="1" relation="PUNCT"/></mor></t>

    <a type="extension" flavor="pho">bijə</a>
  </u>
  <u who="CHI" uID="u48">
    <w>wine<mor type="mor"><mw><pos><c>n</c></pos><stem>wine</stem></mw><gra type="gra" index="1" head="0" relation="INCROOT"/></mor></w>
    <t type="p"><mor type="mor"><mt type="p"/><gra type="gra" index="2" head="1" relation="PUNCT"/></mor></t>

    <a type="extension" flavor="pho">waın</a>
  </u>
  <u who="CHI" uID="u49">
    <w>rhubarb<mor type="mor"><mw><pos><c>n</c></pos><stem>rhubarb</stem></mw><gra type="gra" index="1" head="0" relation="INCROOT"/></mor></w>
    <t type="p"><mor type="mor"><mt type="p"/><gra type="gra" index="2" head="1" relation="PUNCT"/></mor></t>

    <a type="extension" flavor="pho">ʋu:bɑ</a>
  </u>
  <u who="CHI" uID="u50">
    <w>Jenny's<mor type="mor"><mw><pos><c>n</c><s>prop</s></pos><stem>Jenny</stem></mw><gra type="gra" index="1" head="3" relation="SUBJ"/><mor-post><mw><pos><c>aux</c></pos><stem>be</stem><mk type="sfxf">3S</mk></mw><gra type="gra" index="2" head="3" relation="AUX"/></mor-post></mor></w>
    <w>dressing<mor type="mor"><mw><pos><c>part</c></pos><stem>dress</stem><mk type="sfx">PRESP</mk></mw><gra type="gra" index="3" head="0" relation="ROOT"/></mor></w>
    <w>gown<mor type="mor"><mw><pos><c>n</c></pos><stem>gown</stem></mw><gra type="gra" index="4" head="3" relation="OBJ"/></mor></w>
    <t type="p"><mor type="mor"><mt type="p"/><gra type="gra" index="5" head="3" relation="PUNCT"/></mor></t>

    <a type="extension" flavor="pho">dɛni [*] dɛɡaʊn [*]</a>
    <a type="errcoding">voiced palato-alveolar affricate replaced by voiced alveolar plosive in "Jenny"; second syllable of "dressing" omitted;</a>
  </u>
  <u who="CHI" uID="u51">
    <w>Mummy's<mor type="mor"><mw><pos><c>n</c><s>prop</s></pos><stem>Mummy</stem></mw><gra type="gra" index="1" head="3" relation="MOD"/><mor-post><mw><pos><c>poss</c></pos><stem>s</stem></mw><gra type="gra" index="2" head="1" relation="POSS"/></mor-post></mor></w>
    <w>spoon<mor type="mor"><mw><pos><c>n</c></pos><stem>spoon</stem></mw><gra type="gra" index="3" head="0" relation="INCROOT"/></mor></w>
    <t type="p"><mor type="mor"><mt type="p"/><gra type="gra" index="4" head="3" relation="PUNCT"/></mor></t>

    <a type="extension" flavor="pho">mʌmi pu:n [*]</a>
    <a type="errcoding">first element of cluster omitted;</a>
  </u>
  <u who="CHI" uID="u52">
    <w>Daddy's<mor type="mor"><mw><pos><c>n</c><s>prop</s></pos><stem>Daddy</stem></mw><gra type="gra" index="1" head="3" relation="MOD"/><mor-post><mw><pos><c>poss</c></pos><stem>s</stem></mw><gra type="gra" index="2" head="1" relation="POSS"/></mor-post></mor></w>
    <w>glasses<mor type="mor"><mw><pos><c>n</c></pos><stem>glass</stem><mk type="sfx">PL</mk></mw><gra type="gra" index="3" head="0" relation="INCROOT"/></mor></w>
    <t type="p"><mor type="mor"><mt type="p"/><gra type="gra" index="4" head="3" relation="PUNCT"/></mor></t>

    <a type="extension" flavor="pho">dædi ɡɑɡɑ [*]</a>
    <a type="errcoding">consonant harmony;</a>
  </u>
  <u who="CHI" uID="u53">
    <w>doo<wk type="cmp"/>doos<mor type="mor"><mwc><pos><c>n</c></pos><mw><pos><c>on</c></pos><stem>doo</stem></mw><mw><pos><c>on</c></pos><stem>doo</stem><mk type="sfx">PL</mk></mw></mwc><gra type="gra" index="1" head="0" relation="INCROOT"/></mor></w>
    <g><w>can't<mor type="mor"><mw><pos><c>mod</c></pos><stem>can</stem></mw><gra type="gra" index="2" head="1" relation="XMOD"/><mor-post><mw><pos><c>neg</c></pos><stem>not</stem></mw><gra type="gra" index="3" head="2" relation="NEG"/></mor-post></mor></w><ga type="explanation">can't do doo+doos</ga></g>
    <t type="p"><mor type="mor"><mt type="p"/><gra type="gra" index="4" head="1" relation="PUNCT"/></mor></t>

    <a type="extension" flavor="pho">du:du: kɑ:ŋ</a>
  </u>
  <u who="CHI" uID="u54">
    <w>all_gone<mor type="mor"><mw><pos><c>co</c></pos><stem>all_gone</stem></mw><gra type="gra" index="1" head="0" relation="INCROOT"/></mor></w>
    <t type="p"><mor type="mor"><mt type="p"/><gra type="gra" index="2" head="1" relation="PUNCT"/></mor></t>

    <a type="extension" flavor="pho">ɡɒɡɒn</a>
  </u>
  <u who="CHI" uID="u55">
    <w>Maria<mor type="mor"><mw><pos><c>n</c><s>prop</s></pos><stem>Maria</stem></mw><gra type="gra" index="1" head="0" relation="INCROOT"/></mor></w>
    <t type="p"><mor type="mor"><mt type="p"/><gra type="gra" index="2" head="1" relation="PUNCT"/></mor></t>

    <a type="extension" flavor="pho">mi:ə</a>
  </u>
  <u who="CHI" uID="u56">
    <w>Mummy's<mor type="mor"><mw><pos><c>n</c><s>prop</s></pos><stem>Mummy</stem></mw><gra type="gra" index="1" head="3" relation="MOD"/><mor-post><mw><pos><c>poss</c></pos><stem>s</stem></mw><gra type="gra" index="2" head="1" relation="POSS"/></mor-post></mor></w>
    <w>piece<mor type="mor"><mw><pos><c>n</c></pos><stem>piece</stem></mw><gra type="gra" index="3" head="0" relation="INCROOT"/></mor></w>
    <t type="p"><mor type="mor"><mt type="p"/><gra type="gra" index="4" head="3" relation="PUNCT"/></mor></t>

    <a type="extension" flavor="pho">mʌmi pıi</a>
  </u>
  <u who="CHI" uID="u57">
    <w>Lulu's<mor type="mor"><mw><pos><c>n</c><s>prop</s></pos><stem>Lulu</stem></mw><gra type="gra" index="1" head="3" relation="MOD"/><mor-post><mw><pos><c>poss</c></pos><stem>s</stem></mw><gra type="gra" index="2" head="1" relation="POSS"/></mor-post></mor></w>
    <w>letter<mor type="mor"><mw><pos><c>n</c></pos><stem>letter</stem></mw><gra type="gra" index="3" head="0" relation="INCROOT"/></mor></w>
    <t type="p"><mor type="mor"><mt type="p"/><gra type="gra" index="4" head="3" relation="PUNCT"/></mor></t>

    <a type="extension" flavor="pho">lu:luɬ [*] ɬɛtə [*]</a>
    <a type="errcoding">voiceless alveolar fricative and voiced alveolar lateral approximant both replaced by voiceless lateral fricatives;</a>
  </u>
  <comment type="Date">22-APR-1969</comment>
  <u who="CHI" uID="u58">
    <w>bottom<mor type="mor"><mw><pos><c>adj</c></pos><stem>bottom</stem></mw><gra type="gra" index="1" head="0" relation="INCROOT"/></mor></w>
    <t type="p"><mor type="mor"><mt type="p"/><gra type="gra" index="2" head="1" relation="PUNCT"/></mor></t>

    <a type="extension" flavor="pho">bɒbon</a>
  </u>
  <u who="CHI" uID="u59">
    <w>bottom<mor type="mor"><mw><pos><c>adj</c></pos><stem>bottom</stem></mw><gra type="gra" index="1" head="0" relation="INCROOT"/></mor></w>
    <t type="p"><mor type="mor"><mt type="p"/><gra type="gra" index="2" head="1" relation="PUNCT"/></mor></t>

    <a type="extension" flavor="pho">bɒbɒm</a>
    <a type="comments">two separate renditions both with consonant harmony</a>
  </u>
  <u who="CHI" uID="u60">
    <w>Daddy<mor type="mor"><mw><pos><c>n</c><s>prop</s></pos><stem>Daddy</stem></mw><gra type="gra" index="1" head="2" relation="SUBJ"/></mor></w>
    <w>hat<mor type="mor"><mw><pos><c>n</c></pos><stem>hat</stem></mw><gra type="gra" index="2" head="0" relation="INCROOT"/></mor></w>
    <g><w>on<mor type="mor"><mw><pos><c>adv</c></pos><stem>on</stem></mw><gra type="gra" index="3" head="2" relation="JCT"/></mor></w><ga type="explanation">Daddy's got his hat on</ga></g>
    <t type="p"><mor type="mor"><mt type="p"/><gra type="gra" index="4" head="2" relation="PUNCT"/></mor></t>

    <a type="extension" flavor="pho">dædi hat ɒn</a>
  </u>
  <u who="CHI" uID="u61">
    <w>can't<mor type="mor"><mw><pos><c>mod</c></pos><stem>can</stem></mw><gra type="gra" index="1" head="3" relation="AUX"/><mor-post><mw><pos><c>neg</c></pos><stem>not</stem></mw><gra type="gra" index="2" head="1" relation="NEG"/></mor-post></mor></w>
    <w>do<mor type="mor"><mw><pos><c>v</c></pos><stem>do</stem></mw><gra type="gra" index="3" head="0" relation="ROOT"/></mor></w>
    <w>it<mor type="mor"><mw><pos><c>pro</c></pos><stem>it</stem></mw><gra type="gra" index="4" head="3" relation="OBJ"/></mor></w>
    <t type="p"><mor type="mor"><mt type="p"/><gra type="gra" index="5" head="3" relation="PUNCT"/></mor></t>

    <a type="extension" flavor="pho">kɑ:n du: i</a>
  </u>
  <u who="CHI" uID="u62">
    <w>sunny<mor type="mor"><mw><pos><c>adj</c></pos><stem>sun</stem><mk type="sfxf">dn</mk><mk type="sfx">Y</mk></mw><gra type="gra" index="1" head="0" relation="INCROOT"/></mor></w>
    <t type="p"><mor type="mor"><mt type="p"/><gra type="gra" index="2" head="1" relation="PUNCT"/></mor></t>

    <a type="extension" flavor="pho">ɬʌni [*]</a>
    <a type="errcoding">voiceless alveolar fricative replaced by voiceless alveolar lateral fricative;</a>
  </u>
  <u who="CHI" uID="u63">
    <w>duck<mor type="mor"><mw><pos><c>n</c></pos><stem>duck</stem></mw><gra type="gra" index="1" head="0" relation="INCROOT"/></mor></w>
    <w>away<mor type="mor"><mw><pos><c>adv</c></pos><stem>away</stem></mw><gra type="gra" index="2" head="1" relation="NJCT"/></mor></w>
    <t type="p"><mor type="mor"><mt type="p"/><gra type="gra" index="3" head="1" relation="PUNCT"/></mor></t>

    <a type="extension" flavor="pho">kʌk [*] əweı</a>
    <a type="errcoding">voiced alveolar plosive replaced by voiceless velar plosive;</a>
    <a type="comments">command</a>
  </u>
  <u who="CHI" uID="u64">
    <w>quack<mor type="mor"><mw><pos><c>n</c></pos><stem>quack</stem></mw><gra type="gra" index="1" head="3" relation="MOD"/></mor></w>
    <w>quack<mor type="mor"><mw><pos><c>n</c></pos><stem>quack</stem></mw><gra type="gra" index="2" head="3" relation="MOD"/></mor></w>
    <g><w>mind<mor type="mor"><mw><pos><c>n</c></pos><stem>mind</stem></mw><gra type="gra" index="3" head="0" relation="INCROOT"/></mor></w><ga type="explanation">mind the duck</ga></g>
    <t type="p"><mor type="mor"><mt type="p"/><gra type="gra" index="4" head="3" relation="PUNCT"/></mor></t>

    <a type="extension" flavor="pho">kaka maın</a>
  </u>
  <u who="CHI" uID="u65">
    <w>sore<mor type="mor"><mw><pos><c>adj</c></pos><stem>sore</stem></mw><gra type="gra" index="1" head="0" relation="INCROOT"/></mor></w>
    <t type="p"><mor type="mor"><mt type="p"/><gra type="gra" index="2" head="1" relation="PUNCT"/></mor></t>

    <a type="extension" flavor="pho">tɔ: [*]</a>
    <a type="errcoding">voiceless alveolar fricative replaced by voiceless alveolar plosive;</a>
  </u>
  <u who="CHI" uID="u66">
    <w>map<mor type="mor"><mw><pos><c>n</c></pos><stem>map</stem></mw><gra type="gra" index="1" head="0" relation="INCROOT"/></mor></w>
    <t type="p"><mor type="mor"><mt type="p"/><gra type="gra" index="2" head="1" relation="PUNCT"/></mor></t>

    <a type="extension" flavor="pho">mæ</a>
  </u>
  <u who="CHI" uID="u67">
    <w>Daddy<mor type="mor"><mw><pos><c>n</c><s>prop</s></pos><stem>Daddy</stem></mw><gra type="gra" index="1" head="2" relation="SUBJ"/></mor></w>
    <w>get<mor type="mor"><mw><pos><c>v</c></pos><stem>get</stem></mw><gra type="gra" index="2" head="0" relation="ROOT"/></mor></w>
    <w>it<mor type="mor"><mw><pos><c>pro</c></pos><stem>it</stem></mw><gra type="gra" index="3" head="2" relation="OBJ"/></mor></w>
    <t type="p"><mor type="mor"><mt type="p"/><gra type="gra" index="4" head="2" relation="PUNCT"/></mor></t>

    <a type="extension" flavor="pho">dædi ɡedı</a>
  </u>
  <u who="CHI" uID="u68">
    <w>chin<mor type="mor"><mw><pos><c>n</c></pos><stem>chin</stem></mw><gra type="gra" index="1" head="0" relation="INCROOT"/></mor></w>
    <t type="p"><mor type="mor"><mt type="p"/><gra type="gra" index="2" head="1" relation="PUNCT"/></mor></t>

    <a type="extension" flavor="pho">tın [*]</a>
    <a type="errcoding">voiceless palato-alveolar affricate replaced by voiceless alveolar plosive;</a>
  </u>
  <u who="CHI" uID="u69">
    <w>Daddy<mor type="mor"><mw><pos><c>n</c><s>prop</s></pos><stem>Daddy</stem></mw><gra type="gra" index="1" head="2" relation="MOD"/></mor></w>
    <g><w>work<mor type="mor"><mw><pos><c>n</c></pos><stem>work</stem></mw><gra type="gra" index="2" head="0" relation="INCROOT"/></mor></w><ga type="explanation">Daddy's going to work</ga></g>
    <t type="p"><mor type="mor"><mt type="p"/><gra type="gra" index="3" head="2" relation="PUNCT"/></mor></t>

    <a type="extension" flavor="pho">dædi ʋɛə</a>
  </u>
  <u who="CHI" uID="u70">
    <w>finished<mor type="mor"><mw><pos><c>part</c></pos><stem>finish</stem><mk type="sfx">PASTP</mk></mw><gra type="gra" index="1" head="0" relation="INCROOT"/></mor></w>
    <t type="p"><mor type="mor"><mt type="p"/><gra type="gra" index="2" head="1" relation="PUNCT"/></mor></t>

    <a type="extension" flavor="pho">fının</a>
  </u>
  <u who="CHI" uID="u71">
    <w>cushion<mor type="mor"><mw><pos><c>n</c></pos><stem>cushion</stem></mw><gra type="gra" index="1" head="0" relation="INCROOT"/></mor></w>
    <t type="p"><mor type="mor"><mt type="p"/><gra type="gra" index="2" head="1" relation="PUNCT"/></mor></t>

    <a type="extension" flavor="pho">kəkən</a>
  </u>
  <u who="CHI" uID="u72">
    <w>John<mor type="mor"><mw><pos><c>n</c><s>prop</s></pos><stem>John</stem></mw><gra type="gra" index="1" head="0" relation="INCROOT"/></mor></w>
    <t type="p"><mor type="mor"><mt type="p"/><gra type="gra" index="2" head="1" relation="PUNCT"/></mor></t>

    <a type="extension" flavor="pho">dən:</a>
  </u>
  <u who="CHI" uID="u73">
    <w>other<mor type="mor"><mw><pos><c>qn</c></pos><stem>other</stem></mw><gra type="gra" index="1" head="2" relation="QUANT"/></mor></w>
    <w>one<mor type="mor"><mw><pos><c>pro</c><s>indef</s></pos><stem>one</stem></mw><gra type="gra" index="2" head="0" relation="ROOT"/></mor></w>
    <t type="p"><mor type="mor"><mt type="p"/><gra type="gra" index="3" head="2" relation="PUNCT"/></mor></t>

    <a type="extension" flavor="pho">lɛləʊ wʌm</a>
  </u>
  <u who="CHI" uID="u74">
    <w>sugar<mor type="mor"><mw><pos><c>n</c></pos><stem>sugar</stem></mw><gra type="gra" index="1" head="0" relation="INCROOT"/></mor></w>
    <t type="p"><mor type="mor"><mt type="p"/><gra type="gra" index="2" head="1" relation="PUNCT"/></mor></t>

    <a type="extension" flavor="pho">ɬʊɬə [*]</a>
    <a type="errcoding">voiceless palato-alveolar fricative and voiced velar plosive both replaced by voiceless alveolar lateral fricatives;</a>
  </u>
  <u who="CHI" uID="u75">
    <w>big<mor type="mor"><mw><pos><c>adj</c></pos><stem>big</stem></mw><gra type="gra" index="1" head="0" relation="INCROOT"/></mor></w>
    <w>one<mor type="mor"><mw><pos><c>pro</c><s>indef</s></pos><stem>one</stem></mw><gra type="gra" index="2" head="3" relation="MOD"/></mor></w>
    <g><w>light<mor type="mor"><mw><pos><c>n</c></pos><stem>light</stem></mw><gra type="gra" index="3" head="1" relation="OBJ"/></mor></w><ga type="explanation">big light</ga></g>
    <t type="p"><mor type="mor"><mt type="p"/><gra type="gra" index="4" head="1" relation="PUNCT"/></mor></t>

    <a type="extension" flavor="pho">bıɡ wʌm laıt</a>
  </u>
  <u who="CHI" uID="u76">
    <w>Mummy<mor type="mor"><mw><pos><c>n</c><s>prop</s></pos><stem>Mummy</stem></mw><gra type="gra" index="1" head="0" relation="INCROOT"/></mor></w>
    <g><w>shopping<mor type="mor"><mw><pos><c>part</c></pos><stem>shop</stem><mk type="sfx">PRESP</mk></mw><gra type="gra" index="2" head="1" relation="PRED"/></mor></w><ga type="explanation">Mummy's going shopping</ga></g>
    <t type="p"><mor type="mor"><mt type="p"/><gra type="gra" index="3" head="1" relation="PUNCT"/></mor></t>

    <a type="extension" flavor="pho">mʌmi pʌpın [*]</a>
    <a type="errcoding">voiceless palato-alveolar fricative replaced by voiceless bilabial plosive;</a>
  </u>
  <u who="CHI" uID="u77">
    <w>window<mor type="mor"><mw><pos><c>n</c></pos><stem>window</stem></mw><gra type="gra" index="1" head="0" relation="INCROOT"/></mor></w>
    <t type="p"><mor type="mor"><mt type="p"/><gra type="gra" index="2" head="1" relation="PUNCT"/></mor></t>

    <a type="extension" flavor="pho">ʋınə</a>
  </u>
  <u who="CHI" uID="u78">
    <w>supper<mor type="mor"><mw><pos><c>n</c></pos><stem>supper</stem></mw><gra type="gra" index="1" head="0" relation="INCROOT"/></mor></w>
    <t type="p"><mor type="mor"><mt type="p"/><gra type="gra" index="2" head="1" relation="PUNCT"/></mor></t>

    <a type="extension" flavor="pho">pʌpə:</a>
  </u>
  <u who="CHI" uID="u79">
    <w>Daddy's<mor type="mor"><mw><pos><c>n</c><s>prop</s></pos><stem>Daddy</stem></mw><gra type="gra" index="1" head="3" relation="SUBJ"/><mor-post><mw><pos><c>aux</c></pos><stem>be</stem><mk type="sfxf">3S</mk></mw><gra type="gra" index="2" head="3" relation="AUX"/></mor-post></mor></w>
    <w>crying<mor type="mor"><mw><pos><c>part</c></pos><stem>cry</stem><mk type="sfx">PRESP</mk></mw><gra type="gra" index="3" head="0" relation="ROOT"/></mor></w>
    <t type="p"><mor type="mor"><mt type="p"/><gra type="gra" index="4" head="3" relation="PUNCT"/></mor></t>

    <a type="extension" flavor="pho">dædı kain [*]</a>
    <a type="errcoding">second element of cluster omitted;</a>
  </u>
  <u who="CHI" uID="u80">
    <w>Daddy's<mor type="mor"><mw><pos><c>n</c><s>prop</s></pos><stem>Daddy</stem></mw><gra type="gra" index="1" head="0" relation="INCROOT"/><mor-post><mw><pos><c>poss</c></pos><stem>s</stem></mw><gra type="gra" index="2" head="1" relation="POSS"/></mor-post></mor></w>
    <w>sick<mor type="mor"><mw><pos><c>adj</c></pos><stem>sick</stem></mw><gra type="gra" index="3" head="1" relation="PRED"/></mor></w>
    <t type="p"><mor type="mor"><mt type="p"/><gra type="gra" index="4" head="1" relation="PUNCT"/></mor></t>

    <a type="extension" flavor="pho">dædi ɬı [*]</a>
    <a type="errcoding">voiceless alveolar fricative replaced by voiceless alveolar lateral fricative;</a>
  </u>
  <u who="CHI" uID="u81">
    <w>do<mor type="mor"><mw><pos><c>mod</c></pos><stem>do</stem></mw><gra type="gra" index="1" head="0" relation="INCROOT"/></mor></w>
    <w>it<mor type="mor"><mw><pos><c>pro</c></pos><stem>it</stem></mw><gra type="gra" index="2" head="1" relation="OBJ"/></mor></w>
    <t type="p"><mor type="mor"><mt type="p"/><gra type="gra" index="3" head="1" relation="PUNCT"/></mor></t>

    <a type="extension" flavor="pho">du: ıt</a>
  </u>
  <u who="CHI" uID="u82">
    <w>again<mor type="mor"><mw><pos><c>adv</c></pos><stem>again</stem></mw><gra type="gra" index="1" head="0" relation="INCROOT"/></mor></w>
    <t type="p"><mor type="mor"><mt type="p"/><gra type="gra" index="2" head="1" relation="PUNCT"/></mor></t>

    <a type="extension" flavor="pho">ɡɛn</a>
  </u>
  <u who="CHI" uID="u83">
    <w>can't<mor type="mor"><mw><pos><c>mod</c></pos><stem>can</stem></mw><gra type="gra" index="1" head="3" relation="AUX"/><mor-post><mw><pos><c>neg</c></pos><stem>not</stem></mw><gra type="gra" index="2" head="1" relation="NEG"/></mor-post></mor></w>
    <w>do<mor type="mor"><mw><pos><c>v</c></pos><stem>do</stem></mw><gra type="gra" index="3" head="0" relation="ROOT"/></mor></w>
    <w>it<mor type="mor"><mw><pos><c>pro</c></pos><stem>it</stem></mw><gra type="gra" index="4" head="3" relation="OBJ"/></mor></w>
    <t type="p"><mor type="mor"><mt type="p"/><gra type="gra" index="5" head="3" relation="PUNCT"/></mor></t>

    <a type="extension" flavor="pho">kɑn: du: i</a>
  </u>
  <u who="CHI" uID="u84">
    <w>one<mor type="mor"><mw><pos><c>det</c><s>num</s></pos><stem>one</stem></mw><gra type="gra" index="1" head="2" relation="QUANT"/></mor></w>
    <w>more<mor type="mor"><mw><pos><c>pro</c><s>indef</s></pos><stem>more</stem></mw><gra type="gra" index="2" head="0" relation="INCROOT"/></mor></w>
    <t type="p"><mor type="mor"><mt type="p"/><gra type="gra" index="3" head="2" relation="PUNCT"/></mor></t>

    <a type="extension" flavor="pho">wʌm mɑ</a>
    <a type="comments">imit</a>
  </u>
  <comment type="Date">27-APR-1969</comment>
  <u who="CHI" uID="u85">
    <w>all_gone<mor type="mor"><mw><pos><c>co</c></pos><stem>all_gone</stem></mw><gra type="gra" index="1" head="0" relation="INCROOT"/></mor></w>
    <t type="p"><mor type="mor"><mt type="p"/><gra type="gra" index="2" head="1" relation="PUNCT"/></mor></t>

    <a type="extension" flavor="pho">ɡɒɡɒn</a>
  </u>
  <u who="CHI" uID="u86">
    <w>look<mor type="mor"><mw><pos><c>v</c></pos><stem>look</stem></mw><gra type="gra" index="1" head="0" relation="ROOT"/></mor></w>
    <w>Tim<mor type="mor"><mw><pos><c>n</c><s>prop</s></pos><stem>Tim</stem></mw><gra type="gra" index="2" head="1" relation="OBJ"/></mor></w>
    <t type="p"><mor type="mor"><mt type="p"/><gra type="gra" index="3" head="1" relation="PUNCT"/></mor></t>

    <a type="extension" flavor="pho">lʌk tın</a>
    <a type="comments">command</a>
  </u>
  <u who="CHI" uID="u87">
    <w>more<mor type="mor"><mw><pos><c>adv</c></pos><stem>more</stem></mw><gra type="gra" index="1" head="0" relation="INCROOT"/></mor></w>
    <w><shortening>for</shortening><mor type="mor"><mw><pos><c>prep</c></pos><stem>for</stem></mw><gra type="gra" index="2" head="1" relation="JCT"/></mor></w>
    <w>Jenny<mor type="mor"><mw><pos><c>n</c><s>prop</s></pos><stem>Jenny</stem></mw><gra type="gra" index="3" head="2" relation="POBJ"/></mor></w>
    <t type="p"><mor type="mor"><mt type="p"/><gra type="gra" index="4" head="1" relation="PUNCT"/></mor></t>

    <a type="extension" flavor="pho">mɑ: d̪ɛni [*]</a>
    <a type="errcoding">voiced palato-alveolar affricate replaced by voiced dental plosive;</a>
  </u>
  <u who="CHI" uID="u88">
    <w>more<mor type="mor"><mw><pos><c>qn</c></pos><stem>more</stem></mw><gra type="gra" index="1" head="2" relation="QUANT"/></mor></w>
    <w>toast<mor type="mor"><mw><pos><c>n</c></pos><stem>toast</stem></mw><gra type="gra" index="2" head="0" relation="INCROOT"/></mor></w>
    <t type="p"><mor type="mor"><mt type="p"/><gra type="gra" index="3" head="2" relation="PUNCT"/></mor></t>

    <a type="extension" flavor="pho">mɑ: təʊ</a>
    <a type="comments">request</a>
  </u>
  <u who="CHI" uID="u89">
    <w><shortening>I</shortening><mor type="mor"><mw><pos><c>pro</c><s>sub</s></pos><stem>I</stem></mw><gra type="gra" index="1" head="2" relation="SUBJ"/></mor></w>
    <w>like<mor type="mor"><mw><pos><c>v</c></pos><stem>like</stem></mw><gra type="gra" index="2" head="0" relation="ROOT"/></mor></w>
    <w>rhubarb<mor type="mor"><mw><pos><c>n</c></pos><stem>rhubarb</stem></mw><gra type="gra" index="3" head="2" relation="OBJ"/></mor></w>
    <t type="p"><mor type="mor"><mt type="p"/><gra type="gra" index="4" head="2" relation="PUNCT"/></mor></t>

    <a type="extension" flavor="pho">laı bu:bɑ:</a>
  </u>
  <comment type="Date">29-APR-1969</comment>
  <u who="CHI" uID="u90">
    <w>like<mor type="mor"><mw><pos><c>co</c></pos><stem>like</stem></mw><gra type="gra" index="1" head="2" relation="COM"/></mor></w>
    <w>orange<mor type="mor"><mw><pos><c>adj</c></pos><stem>orange</stem></mw><gra type="gra" index="2" head="0" relation="ROOT"/></mor></w>
    <t type="p"><mor type="mor"><mt type="p"/><gra type="gra" index="3" head="2" relation="PUNCT"/></mor></t>

    <a type="extension" flavor="pho">laı aın</a>
    <a type="explanation">requesting some orange .</a>
  </u>
  <u who="CHI" uID="u91">
    <w>nice<mor type="mor"><mw><pos><c>adj</c></pos><stem>nice</stem></mw><gra type="gra" index="1" head="0" relation="INCROOT"/></mor></w>
    <t type="p"><mor type="mor"><mt type="p"/><gra type="gra" index="2" head="1" relation="PUNCT"/></mor></t>

    <a type="extension" flavor="pho">naıs</a>
  </u>
  <u who="CHI" uID="u92">
    <w>wait<mor type="mor"><mw><pos><c>v</c></pos><stem>wait</stem></mw><gra type="gra" index="1" head="0" relation="ROOT"/></mor></w>
    <w>in<mor type="mor"><mw><pos><c>prep</c></pos><stem>in</stem></mw><gra type="gra" index="2" head="1" relation="JCT"/></mor></w>
    <g><w>Jenny<mor type="mor"><mw><pos><c>n</c><s>prop</s></pos><stem>Jenny</stem></mw><gra type="gra" index="3" head="2" relation="POBJ"/></mor></w><ga type="explanation">wait , Jenny's got_to go in first</ga></g>
    <t type="p"><mor type="mor"><mt type="p"/><gra type="gra" index="4" head="1" relation="PUNCT"/></mor></t>

    <a type="extension" flavor="pho">weı ın d̪ɛni [*]</a>
    <a type="errcoding">voiced palato-alveolar affricate replaced by voiced dental plosive;</a>
  </u>
  <comment type="Date">03-MAY-1969</comment>
  <u who="CHI" uID="u93">
    <w>crying<mor type="mor"><mw><pos><c>part</c></pos><stem>cry</stem><mk type="sfx">PRESP</mk></mw><gra type="gra" index="1" head="0" relation="INCROOT"/></mor></w>
    <t type="p"><mor type="mor"><mt type="p"/><gra type="gra" index="2" head="1" relation="PUNCT"/></mor></t>

    <a type="extension" flavor="pho">kaın [*]</a>
    <a type="errcoding">second element of cluster omitted;</a>
  </u>
  <u who="CHI" uID="u94">
    <w>naughty<mor type="mor"><mw><pos><c>adj</c></pos><stem>naughty</stem></mw><gra type="gra" index="1" head="2" relation="MOD"/></mor></w>
    <w>girl<mor type="mor"><mw><pos><c>n</c></pos><stem>girl</stem></mw><gra type="gra" index="2" head="0" relation="INCROOT"/></mor></w>
    <t type="p"><mor type="mor"><mt type="p"/><gra type="gra" index="3" head="2" relation="PUNCT"/></mor></t>

    <a type="extension" flavor="pho">nɔ:ni ɡə"</a>
  </u>
  <comment type="Date">04-MAY-1969</comment>
  <u who="CHI" uID="u95">
    <w>Mummy's<mor type="mor"><mw><pos><c>n</c><s>prop</s></pos><stem>Mummy</stem></mw><gra type="gra" index="1" head="3" relation="MOD"/><mor-post><mw><pos><c>poss</c></pos><stem>s</stem></mw><gra type="gra" index="2" head="1" relation="POSS"/></mor-post></mor></w>
    <w>shoes<mor type="mor"><mw><pos><c>n</c></pos><stem>shoe</stem><mk type="sfx">PL</mk></mw><gra type="gra" index="3" head="0" relation="INCROOT"/></mor></w>
    <t type="p"><mor type="mor"><mt type="p"/><gra type="gra" index="4" head="3" relation="PUNCT"/></mor></t>

    <a type="extension" flavor="pho">mʌmi ɬu [*]</a>
    <a type="errcoding">voiceless palato-alveolar fricative replaced by voiceless alveolar lateral fricative;</a>
  </u>
  <u who="CHI" uID="u96">
    <w>spider<mor type="mor"><mw><pos><c>n</c></pos><stem>spider</stem></mw><gra type="gra" index="1" head="0" relation="INCROOT"/></mor></w>
    <t type="p"><mor type="mor"><mt type="p"/><gra type="gra" index="2" head="1" relation="PUNCT"/></mor></t>

    <a type="extension" flavor="pho">pʰaıpʰə [*]</a>
    <a type="errcoding">first element of cluster omitted; voiced alveolar plosive replaced by voiceless bilabial plosive;</a>
  </u>
  <u who="CHI" uID="u97">
    <w>book<mor type="mor"><mw><pos><c>n</c></pos><stem>book</stem></mw><gra type="gra" index="1" head="0" relation="INCROOT"/></mor></w>
    <g><w>Daddy<mor type="mor"><mw><pos><c>n</c><s>prop</s></pos><stem>Daddy</stem></mw><gra type="gra" index="2" head="1" relation="APP"/></mor></w><ga type="explanation">Daddy's book</ga></g>
    <t type="p"><mor type="mor"><mt type="p"/><gra type="gra" index="3" head="1" relation="PUNCT"/></mor></t>

    <a type="extension" flavor="pho">bʊ dædi</a>
  </u>
  <u who="CHI" uID="u98">
    <w>climb<mor type="mor"><mw><pos><c>v</c></pos><stem>climb</stem></mw><gra type="gra" index="1" head="0" relation="ROOT"/></mor></w>
    <w>over<mor type="mor"><mw><pos><c>adv</c></pos><stem>over</stem></mw><gra type="gra" index="2" head="1" relation="JCT"/></mor></w>
    <t type="p"><mor type="mor"><mt type="p"/><gra type="gra" index="3" head="1" relation="PUNCT"/></mor></t>

    <a type="extension" flavor="pho">kaınəʋɑʋɑ</a>
  </u>
  <u who="CHI" uID="u99">
    <w>table<mor type="mor"><mw><pos><c>n</c></pos><stem>table</stem></mw><gra type="gra" index="1" head="0" relation="INCROOT"/></mor></w>
    <t type="p"><mor type="mor"><mt type="p"/><gra type="gra" index="2" head="1" relation="PUNCT"/></mor></t>

    <a type="extension" flavor="pho">tedəʊ [*]</a>
    <a type="errcoding">voiced bilabial plosive replaced by voiced alveolar plosive;</a>
  </u>
  <u who="CHI" uID="u100">
    <w>gone<mor type="mor"><mw><pos><c>part</c></pos><stem>go</stem><mk type="sfxf">PASTP</mk></mw><gra type="gra" index="1" head="0" relation="INCROOT"/></mor></w>
    <w>now<mor type="mor"><mw><pos><c>adv</c></pos><stem>now</stem></mw><gra type="gra" index="2" head="1" relation="JCT"/></mor></w>
    <t type="p"><mor type="mor"><mt type="p"/><gra type="gra" index="3" head="1" relation="PUNCT"/></mor></t>

    <a type="extension" flavor="pho">ɡɒn naʊ</a>
  </u>
  <u who="CHI" uID="u101">
    <w>Mummy<mor type="mor"><mw><pos><c>n</c><s>prop</s></pos><stem>Mummy</stem></mw><gra type="gra" index="1" head="2" relation="MOD"/></mor></w>
    <g><w>mind<mor type="mor"><mw><pos><c>n</c></pos><stem>mind</stem></mw><gra type="gra" index="2" head="0" relation="INCROOT"/></mor></w><ga type="explanation">mind out Mummy</ga></g>
    <t type="p"><mor type="mor"><mt type="p"/><gra type="gra" index="3" head="2" relation="PUNCT"/></mor></t>

    <a type="extension" flavor="pho">mʌmi maın</a>
  </u>
  <u who="CHI" uID="u102">
    <w>more<mor type="mor"><mw><pos><c>adv</c></pos><stem>more</stem></mw><gra type="gra" index="1" head="2" relation="JCT"/></mor></w>
    <w>climbing<mor type="mor"><mw><pos><c>part</c></pos><stem>climb</stem><mk type="sfx">PRESP</mk></mw><gra type="gra" index="2" head="0" relation="ROOT"/></mor></w>
    <w>over<mor type="mor"><mw><pos><c>adv</c></pos><stem>over</stem></mw><gra type="gra" index="3" head="2" relation="JCT"/></mor></w>
    <t type="p"><mor type="mor"><mt type="p"/><gra type="gra" index="4" head="2" relation="PUNCT"/></mor></t>

    <a type="extension" flavor="pho">mɑ: kaınʋɑʋɑ</a>
  </u>
  <u who="CHI" uID="u103">
    <w>no<mor type="mor"><mw><pos><c>qn</c></pos><stem>no</stem></mw><gra type="gra" index="1" head="2" relation="QUANT"/></mor></w>
    <w>more<mor type="mor"><mw><pos><c>pro</c><s>indef</s></pos><stem>more</stem></mw><gra type="gra" index="2" head="0" relation="ROOT"/></mor></w>
    <t type="p"><mor type="mor"><mt type="p"/><gra type="gra" index="3" head="2" relation="PUNCT"/></mor></t>

    <a type="extension" flavor="pho">nəʊ mɑ</a>
  </u>
  <u who="CHI" uID="u104">
    <w>naughty<mor type="mor"><mw><pos><c>adj</c></pos><stem>naughty</stem></mw><gra type="gra" index="1" head="3" relation="MOD"/></mor></w>
    <w>teddy<mor type="mor"><mw><pos><c>n</c></pos><stem>teddy</stem></mw><gra type="gra" index="2" head="3" relation="MOD"/></mor></w>
    <w>bear<mor type="mor"><mw><pos><c>n</c></pos><stem>bear</stem></mw><gra type="gra" index="3" head="0" relation="INCROOT"/></mor></w>
    <t type="p"><mor type="mor"><mt type="p"/><gra type="gra" index="4" head="3" relation="PUNCT"/></mor></t>

    <a type="extension" flavor="pho">nɔ:ni [*] tedi bɑı</a>
    <a type="errcoding">voiceless alveolar plosive replaced by voiced alveolar nasal;</a>
  </u>
  <u who="CHI" uID="u105">
    <w>belt<mor type="mor"><mw><pos><c>n</c></pos><stem>belt</stem></mw><gra type="gra" index="1" head="0" relation="INCROOT"/></mor></w>
    <t type="p"><mor type="mor"><mt type="p"/><gra type="gra" index="2" head="1" relation="PUNCT"/></mor></t>

    <a type="extension" flavor="pho">bəʊ</a>
  </u>
  <u who="CHI" uID="u106">
    <w>umbrella<mor type="mor"><mw><pos><c>n</c></pos><stem>umbrella</stem></mw><gra type="gra" index="1" head="0" relation="INCROOT"/></mor></w>
    <t type="p"><mor type="mor"><mt type="p"/><gra type="gra" index="2" head="1" relation="PUNCT"/></mor></t>

    <a type="extension" flavor="pho">ənʌrıə</a>
  </u>
  <comment type="Date">05-MAY-1969</comment>
  <u who="CHI" uID="u107">
    <w>another<mor type="mor"><mw><pos><c>qn</c></pos><stem>another</stem></mw><gra type="gra" index="1" head="2" relation="QUANT"/></mor></w>
    <w>fly<mor type="mor"><mw><pos><c>n</c></pos><stem>fly</stem></mw><gra type="gra" index="2" head="0" relation="INCROOT"/></mor></w>
    <t type="p"><mor type="mor"><mt type="p"/><gra type="gra" index="3" head="2" relation="PUNCT"/></mor></t>

    <a type="extension" flavor="pho">lɛləʊ faı [*]</a>
    <a type="errcoding">first element of cluster omitted;</a>
  </u>
  <u who="CHI" uID="u108">
    <w>Jenny<mor type="mor"><mw><pos><c>n</c><s>prop</s></pos><stem>Jenny</stem></mw><gra type="gra" index="1" head="0" relation="INCROOT"/></mor></w>
    <w>one<mor type="mor"><mw><pos><c>pro</c><s>indef</s></pos><stem>one</stem></mw><gra type="gra" index="2" head="1" relation="OBJ"/></mor></w>
    <g><w>too<mor type="mor"><mw><pos><c>post</c></pos><stem>too</stem></mw><gra type="gra" index="3" head="2" relation="PQ"/></mor></w><ga type="explanation">Jenny must have one too</ga></g>
    <t type="p"><mor type="mor"><mt type="p"/><gra type="gra" index="4" head="1" relation="PUNCT"/></mor></t>

    <a type="extension" flavor="pho">d̪ɛni [*] wʌm tu</a>
    <a type="errcoding">voiced palato-alveolar affricate replaced by voiced dental plosive;</a>
  </u>
  <u who="CHI" uID="u109">
    <w>Daddy<mor type="mor"><mw><pos><c>n</c><s>prop</s></pos><stem>Daddy</stem></mw><gra type="gra" index="1" head="0" relation="INCROOT"/></mor></w>
    <w>book<mor type="mor"><mw><pos><c>n</c></pos><stem>book</stem></mw><gra type="gra" index="2" head="1" relation="PRED"/></mor></w>
    <g><w>too<mor type="mor"><mw><pos><c>post</c></pos><stem>too</stem></mw><gra type="gra" index="3" head="2" relation="PQ"/></mor></w><ga type="explanation">Daddy have a book too</ga></g>
    <t type="p"><mor type="mor"><mt type="p"/><gra type="gra" index="4" head="1" relation="PUNCT"/></mor></t>

    <a type="extension" flavor="pho">dædi bʌk tu</a>
  </u>
  <u who="CHI" uID="u110">
    <w>Jenny's<mor type="mor"><mw><pos><c>n</c><s>prop</s></pos><stem>Jenny</stem></mw><gra type="gra" index="1" head="3" relation="SUBJ"/><mor-post><mw><pos><c>poss</c></pos><stem>s</stem></mw><gra type="gra" index="2" head="1" relation="POSS"/></mor-post></mor></w>
    <w>turn<mor type="mor"><mw><pos><c>n</c></pos><stem>turn</stem></mw><gra type="gra" index="3" head="0" relation="INCROOT"/></mor></w>
    <w>now<mor type="mor"><mw><pos><c>adv</c></pos><stem>now</stem></mw><gra type="gra" index="4" head="3" relation="JCT"/></mor></w>
    <t type="p"><mor type="mor"><mt type="p"/><gra type="gra" index="5" head="3" relation="PUNCT"/></mor></t>

    <a type="extension" flavor="pho">d̪ɛniz tə:n nɑʊ</a>
  </u>
  <u who="CHI" uID="u111">
    <w>lorry<mor type="mor"><mw><pos><c>n</c></pos><stem>lorry</stem></mw><gra type="gra" index="1" head="0" relation="INCROOT"/></mor></w>
    <t type="p"><mor type="mor"><mt type="p"/><gra type="gra" index="2" head="1" relation="PUNCT"/></mor></t>

    <a type="extension" flavor="pho">lɔli</a>
  </u>
  <u who="CHI" uID="u112">
    <w>library<mor type="mor"><mw><pos><c>n</c></pos><stem>library</stem></mw><gra type="gra" index="1" head="0" relation="INCROOT"/></mor></w>
    <t type="p"><mor type="mor"><mt type="p"/><gra type="gra" index="2" head="1" relation="PUNCT"/></mor></t>

    <a type="extension" flavor="pho">laıli</a>
  </u>
  <u who="CHI" uID="u113">
    <w>spoon<mor type="mor"><mw><pos><c>n</c></pos><stem>spoon</stem></mw><gra type="gra" index="1" head="0" relation="INCROOT"/></mor></w>
    <t type="p"><mor type="mor"><mt type="p"/><gra type="gra" index="2" head="1" relation="PUNCT"/></mor></t>

    <a type="extension" flavor="pho">bu:n [*]</a>
    <a type="errcoding">first element of cluster omitted; second element becomes voiced;</a>
  </u>
  <u who="CHI" uID="u114">
    <w>rhubarb<mor type="mor"><mw><pos><c>n</c></pos><stem>rhubarb</stem></mw><gra type="gra" index="1" head="0" relation="INCROOT"/></mor></w>
    <t type="p"><mor type="mor"><mt type="p"/><gra type="gra" index="2" head="1" relation="PUNCT"/></mor></t>

    <a type="extension" flavor="pho">bu: bæ</a>
    <a type="comments">Jenny did not understand when the word was repeated back to her in this way</a>
  </u>
  <u who="CHI" uID="u115">
    <w>pudding<mor type="mor"><mw><pos><c>n</c></pos><stem>pudding</stem></mw><gra type="gra" index="1" head="0" relation="INCROOT"/></mor></w>
    <t type="p"><mor type="mor"><mt type="p"/><gra type="gra" index="2" head="1" relation="PUNCT"/></mor></t>

    <a type="extension" flavor="pho">pʊpıŋ [*]</a>
    <a type="errcoding">voiced alveolar plosive replaced by voiceless bilabial plosive;</a>
  </u>
  <u who="CHI" uID="u116">
    <w>boots<mor type="mor"><mw><pos><c>v</c></pos><stem>boot</stem><mk type="sfx">3S</mk></mw><gra type="gra" index="1" head="0" relation="ROOT"/></mor></w>
    <g><w>on<mor type="mor"><mw><pos><c>adv</c></pos><stem>on</stem></mw><gra type="gra" index="2" head="1" relation="JCT"/></mor></w><ga type="explanation">put my boots on</ga></g>
    <t type="p"><mor type="mor"><mt type="p"/><gra type="gra" index="3" head="1" relation="PUNCT"/></mor></t>

    <a type="extension" flavor="pho">bu:ts ɒn</a>
  </u>
  <u who="CHI" uID="u117">
    <w>sweetie<mor type="mor"><mw><pos><c>co</c></pos><stem>sweetie</stem></mw><gra type="gra" index="1" head="2" relation="COM"/></mor></w>
    <g><w>cough<mor type="mor"><mw><pos><c>n</c></pos><stem>cough</stem></mw><gra type="gra" index="2" head="0" relation="INCROOT"/></mor></w><ga type="explanation">cough sweet</ga></g>
    <t type="p"><mor type="mor"><mt type="p"/><gra type="gra" index="3" head="2" relation="PUNCT"/></mor></t>

    <a type="extension" flavor="pho">pıpı [*] kɒ</a>
    <a type="errcoding">initial cluster replaced by voiceless bilabial plosive; voiceless alveolar plosive replaced by voiceless bilabial plosive;</a>
  </u>
  <u who="CHI" uID="u118">
    <w>upstairs<mor type="mor"><mw><pos><c>adv</c></pos><stem>upstairs</stem></mw><gra type="gra" index="1" head="0" relation="INCROOT"/></mor></w>
    <t type="p"><mor type="mor"><mt type="p"/><gra type="gra" index="2" head="1" relation="PUNCT"/></mor></t>

    <a type="extension" flavor="pho">ba dɛə</a>
  </u>
  <u who="CHI" uID="u119">
    <w>Daddy<mor type="mor"><mw><pos><c>n</c><s>prop</s></pos><stem>Daddy</stem></mw><gra type="gra" index="1" head="2" relation="SUBJ"/></mor></w>
    <w><shortening>put</shortening><mor type="mor"><mw><pos><c>v</c></pos><stem>put</stem><mk type="sfxf">ZERO</mk></mw><gra type="gra" index="2" head="0" relation="ROOT"/></mor></w>
    <w><shortening>his</shortening><mor type="mor"><mw><pos><c>pro</c><s>poss</s><s>det</s></pos><stem>his</stem></mw><gra type="gra" index="3" head="4" relation="MOD"/></mor></w>
    <w>tie<mor type="mor"><mw><pos><c>n</c></pos><stem>tie</stem></mw><gra type="gra" index="4" head="2" relation="OBJ"/></mor></w>
    <w><shortening>on</shortening><mor type="mor"><mw><pos><c>adv</c></pos><stem>on</stem></mw><gra type="gra" index="5" head="2" relation="JCT"/></mor></w>
    <w>now<mor type="mor"><mw><pos><c>adv</c></pos><stem>now</stem></mw><gra type="gra" index="6" head="2" relation="JCT"/></mor></w>
    <t type="p"><mor type="mor"><mt type="p"/><gra type="gra" index="7" head="2" relation="PUNCT"/></mor></t>

    <a type="extension" flavor="pho">dædi taı naʊ</a>
  </u>
  <comment type="Date">11-MAY-1969</comment>
  <u who="CHI" uID="u120">
    <w>moo<mor type="mor"><mw><pos><c>v</c></pos><stem>moo</stem></mw><gra type="gra" index="1" head="0" relation="ROOT"/></mor></w>
    <w>cow<mor type="mor"><mw><pos><c>n</c></pos><stem>cow</stem></mw><gra type="gra" index="2" head="1" relation="OBJ"/></mor></w>
    <t type="p"><mor type="mor"><mt type="p"/><gra type="gra" index="3" head="1" relation="PUNCT"/></mor></t>

    <a type="extension" flavor="pho">ku:kɑʊ [*]</a>
    <a type="errcoding">consonant harmony;</a>
  </u>
  <u who="CHI" uID="u121">
    <w>dirty<mor type="mor"><mw><pos><c>adj</c></pos><stem>dirt</stem><mk type="sfxf">dn</mk><mk type="sfx">Y</mk></mw><gra type="gra" index="1" head="2" relation="MOD"/></mor></w>
    <w>hands<mor type="mor"><mw><pos><c>n</c></pos><stem>hand</stem><mk type="sfx">PL</mk></mw><gra type="gra" index="2" head="0" relation="INCROOT"/></mor></w>
    <t type="p"><mor type="mor"><mt type="p"/><gra type="gra" index="3" head="2" relation="PUNCT"/></mor></t>

    <a type="extension" flavor="pho">dıdi hæn</a>
  </u>
  <comment type="Generic">1. At this stage , Jane does not understand questions like ìWhere did you put it?î with falling or rising intonation. She will imitate the final words , for example "put it". She does not appear to understand WH questions or intonation. 2.The difference between voiced and voiceless plosives is mainly aspiration of the voiceless plosives. 3. Colour names are used indiscriminately e.g. blue , red , pink , yellow. 4. New situations need to be carefully watched as they provoke ìcreativeî concatenations of syntax.</comment>
</CHAT>