<?xml version="1.0" encoding="UTF-8"?>

<CHAT xmlns:xsi="http://www.w3.org/2001/XMLSchema-instance"
      xmlns="http://www.talkbank.org/ns/talkbank"
      xsi:schemaLocation="http://www.talkbank.org/ns/talkbank http://talkbank.org/software/talkbank.xsd"
      PID="11312/c-00019080-1"
      Version="2.3.0"
      Lang="eng"
      Corpus="Cruttenden"
      Date="1970-01-25">
  <Participants>
    <participant
      id="CHI"
    name="Jane"
      role="Target_Child"
      language="eng"
      age="P2Y8M18D"
      sex="female"
      group="typical"

    />
  </Participants>
  <comment type="Date">25-JAN-1970</comment>
  <u who="CHI" uID="u0">
    <w>leave<mor type="mor"><mw><pos><c>v</c></pos><stem>leave</stem></mw><gra type="gra" index="1" head="0" relation="ROOT"/></mor></w>
    <w>some<mor type="mor"><mw><pos><c>qn</c></pos><stem>some</stem></mw><gra type="gra" index="2" head="1" relation="OBJ"/></mor></w>
    <w>to<mor type="mor"><mw><pos><c>prep</c></pos><stem>to</stem></mw><gra type="gra" index="3" head="2" relation="JCT"/></mor></w>
    <w>mine<mor type="mor"><mw><pos><c>pro</c><s>poss</s></pos><stem>mine</stem></mw><gra type="gra" index="4" head="3" relation="POBJ"/></mor></w>
    <t type="p"><mor type="mor"><mt type="p"/><gra type="gra" index="5" head="1" relation="PUNCT"/></mor></t>

    <a type="extension" flavor="pho">li: [*] sʌm &lt;tə maın&gt; [*]</a>
    <a type="errcoding">final consonant deletion in "leave"; to mine = for me;</a>
    <a type="comments">imperative</a>
  </u>
  <u who="CHI" uID="u1">
    <w>I<mor type="mor"><mw><pos><c>pro</c><s>sub</s></pos><stem>I</stem></mw><gra type="gra" index="1" head="3" relation="SUBJ"/></mor></w>
    <w>will<mor type="mor"><mw><pos><c>mod</c></pos><stem>will</stem></mw><gra type="gra" index="2" head="3" relation="AUX"/></mor></w>
    <w>leave<mor type="mor"><mw><pos><c>v</c></pos><stem>leave</stem></mw><gra type="gra" index="3" head="0" relation="ROOT"/></mor></w>
    <w>some<mor type="mor"><mw><pos><c>qn</c></pos><stem>some</stem></mw><gra type="gra" index="4" head="3" relation="OBJ"/></mor></w>
    <w>to<mor type="mor"><mw><pos><c>prep</c></pos><stem>to</stem></mw><gra type="gra" index="5" head="4" relation="JCT"/></mor></w>
    <w>you<mor type="mor"><mw><pos><c>pro</c></pos><stem>you</stem></mw><gra type="gra" index="6" head="5" relation="POBJ"/></mor></w>
    <t type="p"><mor type="mor"><mt type="p"/><gra type="gra" index="7" head="3" relation="PUNCT"/></mor></t>

    <a type="extension" flavor="pho">aı wıl li:v sʌm tə [*] ðu: [*]</a>
    <a type="errcoding">to = for; palatal semi-vowel replaced by voiced dental fricative in "you";</a>
  </u>
  <u who="CHI" uID="u2">
    <w>I<mor type="mor"><mw><pos><c>pro</c><s>sub</s></pos><stem>I</stem></mw><gra type="gra" index="1" head="3" relation="SUBJ"/></mor></w>
    <w>will<mor type="mor"><mw><pos><c>mod</c></pos><stem>will</stem></mw><gra type="gra" index="2" head="3" relation="AUX"/></mor></w>
    <w>get<mor type="mor"><mw><pos><c>v</c></pos><stem>get</stem></mw><gra type="gra" index="3" head="0" relation="ROOT"/></mor></w>
    <w>a<mor type="mor"><mw><pos><c>art</c></pos><stem>a</stem></mw><gra type="gra" index="4" head="3" relation="OBJ"/></mor></w>
    <w>little<mor type="mor"><mw><pos><c>adj</c></pos><stem>little</stem></mw><gra type="gra" index="5" head="6" relation="MOD"/></mor></w>
    <w>bit<mor type="mor"><mw><pos><c>n</c></pos><stem>bit</stem></mw><gra type="gra" index="6" head="4" relation="XMOD"/></mor></w>
    <w>of<mor type="mor"><mw><pos><c>prep</c></pos><stem>of</stem></mw><gra type="gra" index="7" head="6" relation="NJCT"/></mor></w>
    <w>tea<mor type="mor"><mw><pos><c>n</c></pos><stem>tea</stem></mw><gra type="gra" index="8" head="7" relation="POBJ"/></mor></w>
    <w>to<mor type="mor"><mw><pos><c>prep</c></pos><stem>to</stem></mw><gra type="gra" index="9" head="8" relation="NJCT"/></mor></w>
    <w>my<mor type="mor"><mw><pos><c>pro</c><s>poss</s><s>det</s></pos><stem>my</stem></mw><gra type="gra" index="10" head="11" relation="MOD"/></mor></w>
    <w>Daddy<mor type="mor"><mw><pos><c>n</c><s>prop</s></pos><stem>Daddy</stem></mw><gra type="gra" index="11" head="9" relation="POBJ"/></mor></w>
    <t type="p"><mor type="mor"><mt type="p"/><gra type="gra" index="12" head="3" relation="PUNCT"/></mor></t>

    <a type="extension" flavor="pho">ɔ [*] wıl ɡɛt ə lıtʊ [*] bıt ə ti tə [*] maı dædi .</a>
    <a type="errcoding">vowel change in "I"; voiced alveolar lateral approximant replaced by centralised rounded half-close vowel in "little"; to = for;</a>
  </u>
  <u who="CHI" uID="u3">
    <w>my<mor type="mor"><mw><pos><c>pro</c><s>poss</s><s>det</s></pos><stem>my</stem></mw><gra type="gra" index="1" head="2" relation="MOD"/></mor></w>
    <w>going<mor type="mor"><mw><pos><c>part</c></pos><stem>go</stem><mk type="sfx">PRESP</mk></mw><gra type="gra" index="2" head="0" relation="ROOT"/></mor></w>
    <w>to<mor type="mor"><mw><pos><c>inf</c></pos><stem>to</stem></mw><gra type="gra" index="3" head="4" relation="INF"/></mor></w>
    <w>take<mor type="mor"><mw><pos><c>v</c></pos><stem>take</stem></mw><gra type="gra" index="4" head="2" relation="XCOMP"/></mor></w>
    <w>one<mor type="mor"><mw><pos><c>det</c><s>num</s></pos><stem>one</stem></mw><gra type="gra" index="5" head="4" relation="OBJ"/></mor></w>
    <w>off<mor type="mor"><mw><pos><c>adv</c></pos><stem>off</stem></mw><gra type="gra" index="6" head="4" relation="JCT"/></mor></w>
    <t type="p"><mor type="mor"><mt type="p"/><gra type="gra" index="7" head="2" relation="PUNCT"/></mor></t>

    <a type="extension" flavor="pho">mɑ [*] ɡʊın tə teık wʌn ɒf</a>
    <a type="errcoding">my = I'm;</a>
  </u>
  <u who="CHI" uID="u4">
    <w>it's<mor type="mor"><mw><pos><c>pro</c></pos><stem>it</stem></mw><gra type="gra" index="1" head="2" relation="SUBJ"/><mor-post><mw><pos><c>cop</c></pos><stem>be</stem><mk type="sfxf">3S</mk></mw><gra type="gra" index="2" head="0" relation="ROOT"/></mor-post></mor></w>
    <w>upside<mor type="mor"><mw><pos><c>adv</c></pos><stem>upside</stem></mw><gra type="gra" index="3" head="2" relation="JCT"/></mor></w>
    <w>down<mor type="mor"><mw><pos><c>adv</c></pos><stem>down</stem></mw><gra type="gra" index="4" head="2" relation="JCT"/></mor></w>
    <t type="p"><mor type="mor"><mt type="p"/><gra type="gra" index="5" head="2" relation="PUNCT"/></mor></t>

    <a type="extension" flavor="pho">ıs [*] ʌpsaıd daʊn</a>
    <a type="errcoding">first element of cluster deleted;</a>
  </u>
  <u who="CHI" uID="u5">
    <w>Daddy<mor type="mor"><mw><pos><c>n</c><s>prop</s></pos><stem>Daddy</stem></mw><gra type="gra" index="1" head="4" relation="SUBJ"/></mor></w>
    <w>doesn't<mor type="mor"><mw><pos><c>mod</c></pos><stem>do</stem><mk type="sfxf">3S</mk></mw><gra type="gra" index="2" head="4" relation="AUX"/><mor-post><mw><pos><c>neg</c></pos><stem>not</stem></mw><gra type="gra" index="3" head="2" relation="NEG"/></mor-post></mor></w>
    <w>want<mor type="mor"><mw><pos><c>v</c></pos><stem>want</stem></mw><gra type="gra" index="4" head="0" relation="ROOT"/></mor></w>
    <w>some<mor type="mor"><mw><pos><c>qn</c></pos><stem>some</stem></mw><gra type="gra" index="5" head="6" relation="QUANT"/></mor></w>
    <w>egg<mor type="mor"><mw><pos><c>n</c></pos><stem>egg</stem></mw><gra type="gra" index="6" head="4" relation="OBJ"/></mor></w>
    <t type="p"><mor type="mor"><mt type="p"/><gra type="gra" index="7" head="4" relation="PUNCT"/></mor></t>

    <a type="extension" flavor="pho">dædi dʊzn wɒnt sʌm ɛɡi</a>
  </u>
  <u who="CHI" uID="u6">
    <w>I<mor type="mor"><mw><pos><c>pro</c><s>sub</s></pos><stem>I</stem></mw><gra type="gra" index="1" head="4" relation="SUBJ"/></mor></w>
    <w>can't<mor type="mor"><mw><pos><c>mod</c></pos><stem>can</stem></mw><gra type="gra" index="2" head="4" relation="AUX"/><mor-post><mw><pos><c>neg</c></pos><stem>not</stem></mw><gra type="gra" index="3" head="2" relation="NEG"/></mor-post></mor></w>
    <w>do<mor type="mor"><mw><pos><c>v</c></pos><stem>do</stem></mw><gra type="gra" index="4" head="0" relation="ROOT"/></mor></w>
    <w>it<mor type="mor"><mw><pos><c>pro</c></pos><stem>it</stem></mw><gra type="gra" index="5" head="4" relation="OBJ"/></mor></w>
    <t type="p"><mor type="mor"><mt type="p"/><gra type="gra" index="6" head="4" relation="PUNCT"/></mor></t>

    <a type="extension" flavor="pho">aı kɑ:n du ıt</a>
  </u>
  <u who="CHI" uID="u7">
    <w>it's<mor type="mor"><mw><pos><c>pro</c></pos><stem>it</stem></mw><gra type="gra" index="1" head="2" relation="SUBJ"/><mor-post><mw><pos><c>cop</c></pos><stem>be</stem><mk type="sfxf">3S</mk></mw><gra type="gra" index="2" head="0" relation="ROOT"/></mor-post></mor></w>
    <w>too<mor type="mor"><mw><pos><c>adv</c></pos><stem>too</stem></mw><gra type="gra" index="3" head="2" relation="JCT"/></mor></w>
    <w>hard<mor type="mor"><mw><pos><c>adv</c></pos><stem>hard</stem></mw><gra type="gra" index="4" head="2" relation="JCT"/></mor></w>
    <w>to<mor type="mor"><mw><pos><c>inf</c></pos><stem>to</stem></mw><gra type="gra" index="5" head="6" relation="INF"/></mor></w>
    <w>do<mor type="mor"><mw><pos><c>v</c></pos><stem>do</stem></mw><gra type="gra" index="6" head="2" relation="XCOMP"/></mor></w>
    <w>that<mor type="mor"><mw><pos><c>pro</c><s>dem</s></pos><stem>that</stem></mw><gra type="gra" index="7" head="6" relation="OBJ"/></mor></w>
    <t type="p"><mor type="mor"><mt type="p"/><gra type="gra" index="8" head="2" relation="PUNCT"/></mor></t>

    <a type="extension" flavor="pho">ıs [*] tu hɑ:d tə du: ðæt</a>
    <a type="errcoding">first element of cluster deleted;</a>
  </u>
  <u who="CHI" uID="u8">
    <w>I<mor type="mor"><mw><pos><c>pro</c><s>sub</s></pos><stem>I</stem></mw><gra type="gra" index="1" head="2" relation="SUBJ"/></mor></w>
    <w>had<mor type="mor"><mw><pos><c>v</c></pos><stem>have</stem><mk type="sfxf">PAST</mk></mw><gra type="gra" index="2" head="0" relation="ROOT"/></mor></w>
    <w>to<mor type="mor"><mw><pos><c>inf</c></pos><stem>to</stem></mw><gra type="gra" index="3" head="4" relation="INF"/></mor></w>
    <w>take<mor type="mor"><mw><pos><c>v</c></pos><stem>take</stem></mw><gra type="gra" index="4" head="2" relation="XCOMP"/></mor></w>
    <w>it<mor type="mor"><mw><pos><c>pro</c></pos><stem>it</stem></mw><gra type="gra" index="5" head="4" relation="OBJ"/></mor></w>
    <w>off<mor type="mor"><mw><pos><c>adv</c></pos><stem>off</stem></mw><gra type="gra" index="6" head="4" relation="JCT"/></mor></w>
    <w>like<mor type="mor"><mw><pos><c>prep</c></pos><stem>like</stem></mw><gra type="gra" index="7" head="6" relation="JCT"/></mor></w>
    <w>that<mor type="mor"><mw><pos><c>pro</c><s>dem</s></pos><stem>that</stem></mw><gra type="gra" index="8" head="7" relation="POBJ"/></mor></w>
    <t type="p"><mor type="mor"><mt type="p"/><gra type="gra" index="9" head="2" relation="PUNCT"/></mor></t>

    <a type="extension" flavor="pho">aı hæ tʊ teık ıt ɒf laık ðæt</a>
  </u>
  <u who="CHI" uID="u9">
    <w>I<mor type="mor"><mw><pos><c>pro</c><s>sub</s></pos><stem>I</stem></mw><gra type="gra" index="1" head="4" relation="SUBJ"/></mor></w>
    <w>doesn't<mor type="mor"><mw><pos><c>mod</c></pos><stem>do</stem><mk type="sfxf">3S</mk></mw><gra type="gra" index="2" head="4" relation="AUX"/><mor-post><mw><pos><c>neg</c></pos><stem>not</stem></mw><gra type="gra" index="3" head="2" relation="NEG"/></mor-post></mor></w>
    <w>want<mor type="mor"><mw><pos><c>v</c></pos><stem>want</stem></mw><gra type="gra" index="4" head="0" relation="ROOT"/></mor></w>
    <w>it<mor type="mor"><mw><pos><c>pro</c></pos><stem>it</stem></mw><gra type="gra" index="5" head="4" relation="OBJ"/></mor></w>
    <t type="p"><mor type="mor"><mt type="p"/><gra type="gra" index="6" head="4" relation="PUNCT"/></mor></t>

    <a type="extension" flavor="pho">aı dʌzn [*] wɒnt ıt</a>
    <a type="errcoding">doesn't = don't;</a>
  </u>
  <u who="CHI" uID="u10">
    <w>I<mor type="mor"><mw><pos><c>pro</c><s>sub</s></pos><stem>I</stem></mw><gra type="gra" index="1" head="2" relation="SUBJ"/></mor></w>
    <w>want<mor type="mor"><mw><pos><c>v</c></pos><stem>want</stem></mw><gra type="gra" index="2" head="0" relation="ROOT"/></mor></w>
    <w>to<mor type="mor"><mw><pos><c>inf</c></pos><stem>to</stem></mw><gra type="gra" index="3" head="4" relation="INF"/></mor></w>
    <w>do<mor type="mor"><mw><pos><c>v</c></pos><stem>do</stem></mw><gra type="gra" index="4" head="2" relation="XCOMP"/></mor></w>
    <w>it<mor type="mor"><mw><pos><c>pro</c></pos><stem>it</stem></mw><gra type="gra" index="5" head="4" relation="OBJ"/></mor></w>
    <w>badly<mor type="mor"><mw><pos><c>adv</c></pos><stem>bad</stem><mk type="sfxf">dadj</mk><mk type="sfx">LY</mk></mw><gra type="gra" index="6" head="4" relation="JCT"/></mor></w>
    <t type="p"><mor type="mor"><mt type="p"/><gra type="gra" index="7" head="2" relation="PUNCT"/></mor></t>

    <a type="extension" flavor="pho">a wɒnt tə du ıt bædli</a>
  </u>
  <u who="CHI" uID="u11">
    <w>open<mor type="mor"><mw><pos><c>adj</c></pos><stem>open</stem></mw><gra type="gra" index="1" head="2" relation="MOD"/></mor></w>
    <w>that<mor type="mor"><mw><pos><c>rel</c></pos><stem>that</stem></mw><gra type="gra" index="2" head="0" relation="INCROOT"/></mor></w>
    <t type="p"><mor type="mor"><mt type="p"/><gra type="gra" index="3" head="2" relation="PUNCT"/></mor></t>

    <a type="extension" flavor="pho">əʊpən ðæt</a>
  </u>
  <u who="CHI" uID="u12">
    <w>Lulu<mor type="mor"><mw><pos><c>n</c><s>prop</s></pos><stem>Lulu</stem></mw><gra type="gra" index="1" head="3" relation="SUBJ"/></mor></w>
    <w>will<mor type="mor"><mw><pos><c>mod</c></pos><stem>will</stem></mw><gra type="gra" index="2" head="3" relation="AUX"/></mor></w>
    <w>break<mor type="mor"><mw><pos><c>v</c></pos><stem>break</stem></mw><gra type="gra" index="3" head="0" relation="ROOT"/></mor></w>
    <w>it<mor type="mor"><mw><pos><c>pro</c></pos><stem>it</stem></mw><gra type="gra" index="4" head="3" relation="OBJ"/></mor></w>
    <t type="p"><mor type="mor"><mt type="p"/><gra type="gra" index="5" head="3" relation="PUNCT"/></mor></t>

    <a type="extension" flavor="pho">lulu wıl breık ıt</a>
  </u>
  <u who="CHI" uID="u13">
    <w>there<mor type="mor"><mw><pos><c>adv</c></pos><stem>there</stem></mw><gra type="gra" index="1" head="3" relation="JCT"/></mor></w>
    <w>we<mor type="mor"><mw><pos><c>pro</c><s>sub</s></pos><stem>we</stem></mw><gra type="gra" index="2" head="3" relation="SUBJ"/></mor></w>
    <w>are<mor type="mor"><mw><pos><c>cop</c></pos><stem>be</stem><mk type="sfxf">PRES</mk></mw><gra type="gra" index="3" head="0" relation="ROOT"/></mor></w>
    <t type="p"><mor type="mor"><mt type="p"/><gra type="gra" index="4" head="3" relation="PUNCT"/></mor></t>

    <a type="extension" flavor="pho">ðɛə wi ɑ:</a>
  </u>
  <u who="CHI" uID="u14">
    <w>Mummy<mor type="mor"><mw><pos><c>n</c><s>prop</s></pos><stem>Mummy</stem></mw><gra type="gra" index="1" head="3" relation="SUBJ"/></mor></w>
    <w>did<mor type="mor"><mw><pos><c>mod</c></pos><stem>do</stem><mk type="sfxf">PAST</mk></mw><gra type="gra" index="2" head="3" relation="AUX"/></mor></w>
    <w>it<mor type="mor"><mw><pos><c>pro</c></pos><stem>it</stem></mw><gra type="gra" index="3" head="0" relation="ROOT"/></mor></w>
    <t type="p"><mor type="mor"><mt type="p"/><gra type="gra" index="4" head="3" relation="PUNCT"/></mor></t>

    <a type="extension" flavor="pho">mʌmi dıd ıt</a>
  </u>
  <u who="CHI" uID="u15">
    <w>David<mor type="mor"><mw><pos><c>n</c><s>prop</s></pos><stem>David</stem></mw><gra type="gra" index="1" head="0" relation="INCROOT"/></mor></w>
    <w>coming<mor type="mor"><mw><pos><c>part</c></pos><stem>come</stem><mk type="sfx">PRESP</mk></mw><gra type="gra" index="2" head="1" relation="PRED"/></mor></w>
    <t type="p"><mor type="mor"><mt type="p"/><gra type="gra" index="3" head="1" relation="PUNCT"/></mor></t>

    <a type="extension" flavor="pho">dævıd kʌmın</a>
  </u>
  <u who="CHI" uID="u16">
    <w>hello<mor type="mor"><mw><pos><c>co</c></pos><stem>hello</stem></mw><gra type="gra" index="1" head="2" relation="COM"/></mor></w>
    <w>David<mor type="mor"><mw><pos><c>n</c><s>prop</s></pos><stem>David</stem></mw><gra type="gra" index="2" head="0" relation="ROOT"/></mor></w>
    <t type="p"><mor type="mor"><mt type="p"/><gra type="gra" index="3" head="2" relation="PUNCT"/></mor></t>

    <a type="extension" flavor="pho">æləʊ dævıd</a>
  </u>
  <u who="CHI" uID="u17">
    <w>David<mor type="mor"><mw><pos><c>n</c><s>prop</s></pos><stem>David</stem></mw><gra type="gra" index="1" head="3" relation="SUBJ"/></mor></w>
    <w>will<mor type="mor"><mw><pos><c>mod</c></pos><stem>will</stem></mw><gra type="gra" index="2" head="3" relation="AUX"/></mor></w>
    <w>see<mor type="mor"><mw><pos><c>v</c></pos><stem>see</stem></mw><gra type="gra" index="3" head="0" relation="ROOT"/></mor></w>
    <w>mine<mor type="mor"><mw><pos><c>pro</c><s>poss</s></pos><stem>mine</stem></mw><gra type="gra" index="4" head="3" relation="OBJ"/></mor></w>
    <t type="p"><mor type="mor"><mt type="p"/><gra type="gra" index="5" head="3" relation="PUNCT"/></mor></t>

    <a type="extension" flavor="pho">dævıd wıl si: maın [*]</a>
    <a type="errcoding">mine = me;</a>
  </u>
  <u who="CHI" uID="u18">
    <w>don't<mor type="mor"><mw><pos><c>mod</c></pos><stem>do</stem></mw><gra type="gra" index="1" head="3" relation="AUX"/><mor-post><mw><pos><c>neg</c></pos><stem>not</stem></mw><gra type="gra" index="2" head="1" relation="NEG"/></mor-post></mor></w>
    <w>let<mor type="mor"><mw><pos><c>v</c></pos><stem>let</stem><mk type="sfxf">ZERO</mk></mw><gra type="gra" index="3" head="0" relation="ROOT"/></mor></w>
    <w>Daddy<mor type="mor"><mw><pos><c>n</c><s>prop</s></pos><stem>Daddy</stem></mw><gra type="gra" index="4" head="6" relation="MOD"/></mor></w>
    <w>squeeze<mor type="mor"><mw><pos><c>n</c></pos><stem>squeeze</stem></mw><gra type="gra" index="5" head="6" relation="MOD"/></mor></w>
    <w>oil<mor type="mor"><mw><pos><c>n</c></pos><stem>oil</stem></mw><gra type="gra" index="6" head="3" relation="OBJ"/></mor></w>
    <w>on<mor type="mor"><mw><pos><c>prep</c></pos><stem>on</stem></mw><gra type="gra" index="7" head="3" relation="JCT"/></mor></w>
    <w>my<mor type="mor"><mw><pos><c>pro</c><s>poss</s><s>det</s></pos><stem>my</stem></mw><gra type="gra" index="8" head="9" relation="MOD"/></mor></w>
    <w>chest<mor type="mor"><mw><pos><c>n</c></pos><stem>chest</stem></mw><gra type="gra" index="9" head="7" relation="POBJ"/></mor></w>
    <t type="p"><mor type="mor"><mt type="p"/><gra type="gra" index="10" head="3" relation="PUNCT"/></mor></t>

    <a type="extension" flavor="pho">dəʊn lɛt dædi kwi [*] ɔı [*] ɒn maı tʃɛs [*]</a>
    <a type="errcoding">first element of cluster and final consonant deleted in "squeeze"; final consonant deleted in "oil"; final consonant deleted in "chest";</a>
  </u>
  <u who="CHI" uID="u19">
    <w>my<mor type="mor"><mw><pos><c>pro</c><s>poss</s><s>det</s></pos><stem>my</stem></mw><gra type="gra" index="1" head="2" relation="MOD"/></mor></w>
    <w>didn't<mor type="mor"><mw><pos><c>mod</c></pos><stem>do</stem><mk type="sfxf">PAST</mk></mw><gra type="gra" index="2" head="4" relation="AUX"/><mor-post><mw><pos><c>neg</c></pos><stem>not</stem></mw><gra type="gra" index="3" head="2" relation="NEG"/></mor-post></mor></w>
    <w>have<mor type="mor"><mw><pos><c>v</c></pos><stem>have</stem></mw><gra type="gra" index="4" head="0" relation="ROOT"/></mor></w>
    <w>a<mor type="mor"><mw><pos><c>art</c></pos><stem>a</stem></mw><gra type="gra" index="5" head="6" relation="MOD"/></mor></w>
    <w>sleep<mor type="mor"><mw><pos><c>n</c></pos><stem>sleep</stem></mw><gra type="gra" index="6" head="4" relation="OBJ"/></mor></w>
    <t type="p"><mor type="mor"><mt type="p"/><gra type="gra" index="7" head="4" relation="PUNCT"/></mor></t>

    <a type="extension" flavor="pho">maı [*] dıdn̩ hæv ə sli:p</a>
    <a type="errcoding">my = I;</a>
  </u>
  <comment type="Date">01-FEB-1970</comment>
  <u who="CHI" uID="u20">
    <w>can<mor type="mor"><mw><pos><c>mod</c></pos><stem>can</stem></mw><gra type="gra" index="1" head="4" relation="LINK"/></mor></w>
    <w>I<mor type="mor"><mw><pos><c>pro</c><s>sub</s></pos><stem>I</stem></mw><gra type="gra" index="2" head="4" relation="SUBJ"/></mor></w>
    <w>please<mor type="mor"><mw><pos><c>co</c></pos><stem>please</stem></mw><gra type="gra" index="3" head="4" relation="COM"/></mor></w>
    <w>have<mor type="mor"><mw><pos><c>v</c></pos><stem>have</stem></mw><gra type="gra" index="4" head="0" relation="ROOT"/></mor></w>
    <w>a<mor type="mor"><mw><pos><c>art</c></pos><stem>a</stem></mw><gra type="gra" index="5" head="4" relation="OBJ"/></mor></w>
    <w>penny<mor type="mor"><mw><pos><c>n</c></pos><stem>penny</stem></mw><gra type="gra" index="6" head="5" relation="OBJ"/></mor></w>
    <w>to<mor type="mor"><mw><pos><c>inf</c></pos><stem>to</stem></mw><gra type="gra" index="7" head="8" relation="INF"/></mor></w>
    <w>pay<mor type="mor"><mw><pos><c>v</c></pos><stem>pay</stem></mw><gra type="gra" index="8" head="6" relation="XCOMP"/></mor></w>
    <t type="q"><mor type="mor"><mt type="q"/><gra type="gra" index="9" head="4" relation="PUNCT"/></mor></t>

    <a type="extension" flavor="pho">kæn aı pi:z [*] hæv ə pɛni tə peı</a>
    <a type="errcoding">second element of cluster deleted in "please";</a>
  </u>
  <u who="CHI" uID="u21">
    <w>I<mor type="mor"><mw><pos><c>pro</c><s>sub</s></pos><stem>I</stem></mw><gra type="gra" index="1" head="4" relation="SUBJ"/></mor></w>
    <w>can't<mor type="mor"><mw><pos><c>mod</c></pos><stem>can</stem></mw><gra type="gra" index="2" head="4" relation="AUX"/><mor-post><mw><pos><c>neg</c></pos><stem>not</stem></mw><gra type="gra" index="3" head="2" relation="NEG"/></mor-post></mor></w>
    <w>get<mor type="mor"><mw><pos><c>v</c></pos><stem>get</stem></mw><gra type="gra" index="4" head="0" relation="ROOT"/></mor></w>
    <w>out<mor type="mor"><mw><pos><c>adv</c></pos><stem>out</stem></mw><gra type="gra" index="5" head="4" relation="JCT"/></mor></w>
    <w>there<mor type="mor"><mw><pos><c>adv</c></pos><stem>there</stem></mw><gra type="gra" index="6" head="4" relation="JCT"/></mor></w>
    <t type="p"><mor type="mor"><mt type="p"/><gra type="gra" index="7" head="4" relation="PUNCT"/></mor></t>

    <a type="extension" flavor="pho">aı kɑ:n ɡıt ɑʊt dɛə</a>
  </u>
  <u who="CHI" uID="u22">
    <w>that's<mor type="mor"><mw><pos><c>pro</c><s>dem</s></pos><stem>that</stem></mw><gra type="gra" index="1" head="2" relation="SUBJ"/><mor-post><mw><pos><c>cop</c></pos><stem>be</stem><mk type="sfxf">3S</mk></mw><gra type="gra" index="2" head="0" relation="ROOT"/></mor-post></mor></w>
    <w>teddy's<mor type="mor"><mw><pos><c>n</c></pos><stem>teddy</stem></mw><gra type="gra" index="3" head="2" relation="PRED"/><mor-post><mw><pos><c>poss</c></pos><stem>s</stem></mw><gra type="gra" index="4" head="3" relation="POSS"/></mor-post></mor></w>
    <t type="p"><mor type="mor"><mt type="p"/><gra type="gra" index="5" head="2" relation="PUNCT"/></mor></t>

    <a type="extension" flavor="pho">dæ [*] tɛdiz</a>
    <a type="errcoding">final cluster deleted in "that's";</a>
  </u>
  <u who="CHI" uID="u23">
    <w>Lulu<mor type="mor"><mw><pos><c>n</c><s>prop</s></pos><stem>Lulu</stem></mw><gra type="gra" index="1" head="2" relation="SUBJ"/></mor></w>
    <w>touch<mor type="mor"><mw><pos><c>v</c></pos><stem>touch</stem></mw><gra type="gra" index="2" head="0" relation="ROOT"/></mor></w>
    <w>it<mor type="mor"><mw><pos><c>pro</c></pos><stem>it</stem></mw><gra type="gra" index="3" head="2" relation="OBJ"/></mor></w>
    <w>another<mor type="mor"><mw><pos><c>qn</c></pos><stem>another</stem></mw><gra type="gra" index="4" head="5" relation="QUANT"/></mor></w>
    <w>day<mor type="mor"><mw><pos><c>n</c></pos><stem>day</stem></mw><gra type="gra" index="5" head="2" relation="OBJ"/></mor></w>
    <t type="p"><mor type="mor"><mt type="p"/><gra type="gra" index="6" head="2" relation="PUNCT"/></mor></t>

    <a type="extension" flavor="pho">lulu tʌtʃ ıt tənʌðə [*] deı</a>
    <a type="errcoding">repetition of final consonant of "it" in "another";</a>
  </u>
  <u who="CHI" uID="u24">
    <w>it's<mor type="mor"><mw><pos><c>pro</c></pos><stem>it</stem></mw><gra type="gra" index="1" head="2" relation="SUBJ"/><mor-post><mw><pos><c>aux</c></pos><stem>be</stem><mk type="sfxf">3S</mk></mw><gra type="gra" index="2" head="0" relation="ROOT"/></mor-post></mor></w>
    <w>for<mor type="mor"><mw><pos><c>prep</c></pos><stem>for</stem></mw><gra type="gra" index="3" head="2" relation="JCT"/></mor></w>
    <w>teddy<mor type="mor"><mw><pos><c>n</c></pos><stem>teddy</stem></mw><gra type="gra" index="4" head="3" relation="POBJ"/></mor></w>
    <t type="p"><mor type="mor"><mt type="p"/><gra type="gra" index="5" head="2" relation="PUNCT"/></mor></t>

    <a type="extension" flavor="pho">ıs [*] fɔ tɛdi</a>
    <a type="errcoding">first element of cluster deleted</a>
  </u>
  <u who="CHI" uID="u25">
    <w>for<mor type="mor"><mw><pos><c>conj</c></pos><stem>for</stem></mw><gra type="gra" index="1" head="0" relation="INCROOT"/></mor></w>
    <w>you<mor type="mor"><mw><pos><c>pro</c></pos><stem>you</stem></mw><gra type="gra" index="2" head="1" relation="OBJ"/></mor></w>
    <t type="p"><mor type="mor"><mt type="p"/><gra type="gra" index="3" head="1" relation="PUNCT"/></mor></t>

    <a type="extension" flavor="pho">fɔ ðu: [*]</a>
    <a type="errcoding">palatal semi-vowel replaced by voiced dental fricative in "you";</a>
  </u>
  <u who="CHI" uID="u26">
    <w>where's<mor type="mor"><mw><pos><c>adv</c><s>wh</s></pos><stem>where</stem></mw><gra type="gra" index="1" head="2" relation="LINK"/><mor-post><mw><pos><c>cop</c></pos><stem>be</stem><mk type="sfxf">3S</mk></mw><gra type="gra" index="2" head="0" relation="ROOT"/></mor-post></mor></w>
    <w>a<mor type="mor"><mw><pos><c>art</c></pos><stem>a</stem></mw><gra type="gra" index="3" head="4" relation="MOD"/></mor></w>
    <w>sweetie<mor type="mor"><mw><pos><c>n</c></pos><stem>sweet</stem><mk type="sfxf">dadj</mk><mk type="sfx">DIM</mk></mw><gra type="gra" index="4" head="2" relation="PRED"/></mor></w>
    <t type="q"><mor type="mor"><mt type="q"/><gra type="gra" index="5" head="2" relation="PUNCT"/></mor></t>

    <a type="extension" flavor="pho">wɛəz ə swi:ti</a>
  </u>
  <u who="CHI" uID="u27">
    <w>where's<mor type="mor"><mw><pos><c>adv</c><s>wh</s></pos><stem>where</stem></mw><gra type="gra" index="1" head="2" relation="LINK"/><mor-post><mw><pos><c>cop</c></pos><stem>be</stem><mk type="sfxf">3S</mk></mw><gra type="gra" index="2" head="0" relation="ROOT"/></mor-post></mor></w>
    <w>a<mor type="mor"><mw><pos><c>art</c></pos><stem>a</stem></mw><gra type="gra" index="3" head="5" relation="MOD"/></mor></w>
    <w>bigger<mor type="mor"><mw><pos><c>adj</c></pos><stem>big</stem><mk type="sfx">CP</mk></mw><gra type="gra" index="4" head="5" relation="MOD"/></mor></w>
    <w>dolly<mor type="mor"><mw><pos><c>n</c></pos><stem>doll</stem><mk type="sfx">DIM</mk></mw><gra type="gra" index="5" head="2" relation="PRED"/></mor></w>
    <t type="q"><mor type="mor"><mt type="q"/><gra type="gra" index="6" head="2" relation="PUNCT"/></mor></t>

    <a type="extension" flavor="pho">wɛəz ə bıɡə dɒli</a>
  </u>
  <u who="CHI" uID="u28">
    <w>my<mor type="mor"><mw><pos><c>pro</c><s>poss</s><s>det</s></pos><stem>my</stem></mw><gra type="gra" index="1" head="2" relation="MOD"/></mor></w>
    <w>go<mor type="mor"><mw><pos><c>v</c></pos><stem>go</stem></mw><gra type="gra" index="2" head="0" relation="ROOT"/></mor></w>
    <w>and<mor type="mor"><mw><pos><c>coord</c></pos><stem>and</stem></mw><gra type="gra" index="3" head="2" relation="CONJ"/></mor></w>
    <w>get<mor type="mor"><mw><pos><c>v</c></pos><stem>get</stem></mw><gra type="gra" index="4" head="3" relation="COORD"/></mor></w>
    <w>it<mor type="mor"><mw><pos><c>pro</c></pos><stem>it</stem></mw><gra type="gra" index="5" head="4" relation="OBJ"/></mor></w>
    <t type="p"><mor type="mor"><mt type="p"/><gra type="gra" index="6" head="2" relation="PUNCT"/></mor></t>

    <a type="extension" flavor="pho">maı [*] ɡəʊ ən ɡɛt ıt</a>
    <a type="errcoding">my = I;</a>
  </u>
  <u who="CHI" uID="u29">
    <w>it<mor type="mor"><mw><pos><c>pro</c></pos><stem>it</stem></mw><gra type="gra" index="1" head="3" relation="SUBJ"/></mor></w>
    <w>will<mor type="mor"><mw><pos><c>mod</c></pos><stem>will</stem></mw><gra type="gra" index="2" head="3" relation="AUX"/></mor></w>
    <w>fall<mor type="mor"><mw><pos><c>v</c></pos><stem>fall</stem></mw><gra type="gra" index="3" head="0" relation="ROOT"/></mor></w>
    <w>off<mor type="mor"><mw><pos><c>adv</c></pos><stem>off</stem></mw><gra type="gra" index="4" head="3" relation="JCT"/></mor></w>
    <t type="p"><mor type="mor"><mt type="p"/><gra type="gra" index="5" head="3" relation="PUNCT"/></mor></t>

    <a type="extension" flavor="pho">ıt wıl fɔl ɒf</a>
  </u>
  <u who="CHI" uID="u30">
    <w>Lucky<mor type="mor"><mw><pos><c>n</c><s>prop</s></pos><stem>Lucky</stem></mw><gra type="gra" index="1" head="2" relation="SUBJ"/></mor></w>
    <w>wants<mor type="mor"><mw><pos><c>v</c></pos><stem>want</stem><mk type="sfx">3S</mk></mw><gra type="gra" index="2" head="0" relation="ROOT"/></mor></w>
    <w>lunch<mor type="mor"><mw><pos><c>n</c></pos><stem>lunch</stem></mw><gra type="gra" index="3" head="4" relation="MOD"/></mor></w>
    <w>time<mor type="mor"><mw><pos><c>n</c></pos><stem>time</stem></mw><gra type="gra" index="4" head="2" relation="OBJ"/></mor></w>
    <t type="p"><mor type="mor"><mt type="p"/><gra type="gra" index="5" head="2" relation="PUNCT"/></mor></t>

    <a type="extension" flavor="pho">lʌki wɒnts lʌntʃ taım</a>
  </u>
  <u who="CHI" uID="u31">
    <w>I<mor type="mor"><mw><pos><c>pro</c><s>sub</s></pos><stem>I</stem></mw><gra type="gra" index="1" head="2" relation="SUBJ"/></mor></w>
    <w>sitting<mor type="mor"><mw><pos><c>part</c></pos><stem>sit</stem><mk type="sfx">PRESP</mk></mw><gra type="gra" index="2" head="0" relation="ROOT"/></mor></w>
    <w>nearer<mor type="mor"><mw><pos><c>prep</c></pos><stem>nearer</stem></mw><gra type="gra" index="3" head="2" relation="JCT"/></mor></w>
    <w>Mummy<mor type="mor"><mw><pos><c>n</c><s>prop</s></pos><stem>Mummy</stem></mw><gra type="gra" index="4" head="3" relation="POBJ"/></mor></w>
    <w>again<mor type="mor"><mw><pos><c>adv</c></pos><stem>again</stem></mw><gra type="gra" index="5" head="4" relation="JCT"/></mor></w>
    <t type="p"><mor type="mor"><mt type="p"/><gra type="gra" index="6" head="2" relation="PUNCT"/></mor></t>

    <a type="extension" flavor="pho">aı [*] sıtın nıərə mʌmi təɡɛn [*]</a>
    <a type="errcoding">I = I'm; voiceless alveolar plosive inserted at beginning of "again";</a>
  </u>
  <u who="CHI" uID="u32">
    <w>Mummy<mor type="mor"><mw><pos><c>n</c><s>prop</s></pos><stem>Mummy</stem></mw><gra type="gra" index="1" head="4" relation="SUBJ"/></mor></w>
    <w>didn't<mor type="mor"><mw><pos><c>mod</c></pos><stem>do</stem><mk type="sfxf">PAST</mk></mw><gra type="gra" index="2" head="4" relation="AUX"/><mor-post><mw><pos><c>neg</c></pos><stem>not</stem></mw><gra type="gra" index="3" head="2" relation="NEG"/></mor-post></mor></w>
    <w>forget<mor type="mor"><mw><pos><c>v</c></pos><stem>forget</stem></mw><gra type="gra" index="4" head="0" relation="ROOT"/></mor></w>
    <w>that<mor type="mor"><mw><pos><c>pro</c><s>dem</s></pos><stem>that</stem></mw><gra type="gra" index="5" head="4" relation="OBJ"/></mor></w>
    <t type="p"><mor type="mor"><mt type="p"/><gra type="gra" index="6" head="4" relation="PUNCT"/></mor></t>

    <a type="extension" flavor="pho">mʌmi dıdn̩ təɡɛt [*] ðæt</a>
    <a type="errcoding">voiceless labio-dental fricative replaced by voiceless alveolar plosive in "forget";</a>
  </u>
  <comment type="Date">07-FEB-1970</comment>
  <u who="CHI" uID="u33">
    <w>Lulu<mor type="mor"><mw><pos><c>n</c><s>prop</s></pos><stem>Lulu</stem></mw><gra type="gra" index="1" head="2" relation="SUBJ"/></mor></w>
    <w>teared<mor type="mor"><mw><pos><c>v</c></pos><stem>tear</stem><mk type="sfx">PAST</mk></mw><gra type="gra" index="2" head="0" relation="ROOT"/></mor></w>
    <w>it<mor type="mor"><mw><pos><c>pro</c></pos><stem>it</stem></mw><gra type="gra" index="3" head="2" relation="OBJ"/></mor></w>
    <t type="p"><mor type="mor"><mt type="p"/><gra type="gra" index="4" head="2" relation="PUNCT"/></mor></t>

    <a type="extension" flavor="pho">lulu tɛəd [*] ıt</a>
    <a type="errcoding">teared = tore;</a>
  </u>
</CHAT>