<?xml version="1.0" encoding="UTF-8"?>

<CHAT xmlns:xsi="http://www.w3.org/2001/XMLSchema-instance"
      xmlns="http://www.talkbank.org/ns/talkbank"
      xsi:schemaLocation="http://www.talkbank.org/ns/talkbank http://talkbank.org/software/talkbank.xsd"
      PID="11312/c-00019069-1"
      Version="2.3.0"
      Lang="eng"
      Corpus="Cruttenden"
      Date="1968-12-20">
  <Participants>
    <participant
      id="CHI"
    name="Jane"
      role="Target_Child"
      language="eng"
      age="P1Y7M19D"
      sex="female"
      group="typical"

    />
  </Participants>
  <comment type="Date">20-DEC-1968</comment>
  <u who="CHI" uID="u0">
    <w>story<mor type="mor"><mw><pos><c>n</c></pos><stem>story</stem></mw><gra type="gra" index="1" head="0" relation="INCROOT"/></mor></w>
    <t type="p"><mor type="mor"><mt type="p"/><gra type="gra" index="2" head="1" relation="PUNCT"/></mor></t>

    <a type="extension" flavor="pho">də:wi</a>
  </u>
  <u who="CHI" uID="u1">
    <w>story<mor type="mor"><mw><pos><c>n</c></pos><stem>story</stem></mw><gra type="gra" index="1" head="0" relation="INCROOT"/></mor></w>
    <t type="p"><mor type="mor"><mt type="p"/><gra type="gra" index="2" head="1" relation="PUNCT"/></mor></t>

    <a type="extension" flavor="pho">ɡə:wi</a>
    <a type="comments">two separate renditions</a>
  </u>
  <u who="CHI" uID="u2">
    <w>spoon<mor type="mor"><mw><pos><c>n</c></pos><stem>spoon</stem></mw><gra type="gra" index="1" head="0" relation="INCROOT"/></mor></w>
    <t type="p"><mor type="mor"><mt type="p"/><gra type="gra" index="2" head="1" relation="PUNCT"/></mor></t>

    <a type="extension" flavor="pho">bʊ:n</a>
  </u>
  <u who="CHI" uID="u3">
    <w>cardigan<mor type="mor"><mw><pos><c>n</c></pos><stem>cardigan</stem></mw><gra type="gra" index="1" head="0" relation="INCROOT"/></mor></w>
    <t type="p"><mor type="mor"><mt type="p"/><gra type="gra" index="2" head="1" relation="PUNCT"/></mor></t>

    <a type="extension" flavor="pho">kɑ:ki</a>
  </u>
  <u who="CHI" uID="u4">
    <w>toothbrush<mor type="mor"><mwc><pos><c>n</c></pos><mw><pos><c>n</c></pos><stem>tooth</stem></mw><mw><pos><c>n</c></pos><stem>brush</stem></mw></mwc><gra type="gra" index="1" head="0" relation="INCROOT"/></mor></w>
    <t type="p"><mor type="mor"><mt type="p"/><gra type="gra" index="2" head="1" relation="PUNCT"/></mor></t>

    <a type="extension" flavor="pho">pæpaı</a>
    <a type="comments">imit</a>
  </u>
  <u who="CHI" uID="u5">
    <w>parcel<mor type="mor"><mw><pos><c>n</c></pos><stem>parcel</stem></mw><gra type="gra" index="1" head="0" relation="INCROOT"/></mor></w>
    <t type="p"><mor type="mor"><mt type="p"/><gra type="gra" index="2" head="1" relation="PUNCT"/></mor></t>

    <a type="extension" flavor="pho">pʰɑ̈pʰɑ̈</a>
  </u>
  <u who="CHI" uID="u6">
    <w>lunch<mor type="mor"><mw><pos><c>n</c></pos><stem>lunch</stem></mw><gra type="gra" index="1" head="0" relation="INCROOT"/></mor></w>
    <t type="p"><mor type="mor"><mt type="p"/><gra type="gra" index="2" head="1" relation="PUNCT"/></mor></t>

    <a type="extension" flavor="pho">lʌn</a>
  </u>
  <u who="CHI" uID="u7">
    <w>shoe<mor type="mor"><mw><pos><c>n</c></pos><stem>shoe</stem></mw><gra type="gra" index="1" head="0" relation="INCROOT"/></mor></w>
    <t type="p"><mor type="mor"><mt type="p"/><gra type="gra" index="2" head="1" relation="PUNCT"/></mor></t>

    <a type="extension" flavor="pho">tʰıi</a>
  </u>
  <u who="CHI" uID="u8">
    <w>balloon<mor type="mor"><mw><pos><c>n</c></pos><stem>balloon</stem></mw><gra type="gra" index="1" head="0" relation="INCROOT"/></mor></w>
    <t type="p"><mor type="mor"><mt type="p"/><gra type="gra" index="2" head="1" relation="PUNCT"/></mor></t>

    <a type="extension" flavor="pho">bu:n</a>
  </u>
  <u who="CHI" uID="u9">
    <w>duck<mor type="mor"><mw><pos><c>n</c></pos><stem>duck</stem></mw><gra type="gra" index="1" head="0" relation="INCROOT"/></mor></w>
    <t type="p"><mor type="mor"><mt type="p"/><gra type="gra" index="2" head="1" relation="PUNCT"/></mor></t>

    <a type="extension" flavor="pho">ɡa</a>
  </u>
  <comment type="Date">27-DEC-1968</comment>
  <u who="CHI" uID="u10">
    <w>please<mor type="mor"><mw><pos><c>co</c></pos><stem>please</stem></mw><gra type="gra" index="1" head="0" relation="INCROOT"/></mor></w>
    <t type="p"><mor type="mor"><mt type="p"/><gra type="gra" index="2" head="1" relation="PUNCT"/></mor></t>

    <a type="extension" flavor="pho">pʰıi</a>
  </u>
  <u who="CHI" uID="u11">
    <w>gone<mor type="mor"><mw><pos><c>part</c></pos><stem>go</stem><mk type="sfxf">PASTP</mk></mw><gra type="gra" index="1" head="0" relation="INCROOT"/></mor></w>
    <t type="p"><mor type="mor"><mt type="p"/><gra type="gra" index="2" head="1" relation="PUNCT"/></mor></t>

    <a type="extension" flavor="pho">ɡɒn:</a>
  </u>
  <u who="CHI" uID="u12">
    <w>shopping<mor type="mor"><mw><pos><c>part</c></pos><stem>shop</stem><mk type="sfx">PRESP</mk></mw><gra type="gra" index="1" head="0" relation="INCROOT"/></mor></w>
    <t type="p"><mor type="mor"><mt type="p"/><gra type="gra" index="2" head="1" relation="PUNCT"/></mor></t>

    <a type="extension" flavor="pho">pɒ:pın</a>
  </u>
  <u who="CHI" uID="u13">
    <w>mummie<mor type="mor"><mw><pos><c>n</c></pos><stem>mum</stem><mk type="sfxf">dadj</mk><mk type="sfx">DIM</mk></mw><gra type="gra" index="1" head="0" relation="INCROOT"/></mor></w>
    <t type="p"><mor type="mor"><mt type="p"/><gra type="gra" index="2" head="1" relation="PUNCT"/></mor></t>

    <a type="extension" flavor="pho">mʌ:mi:</a>
    <a type="comments">double stress</a>
  </u>
  <u who="CHI" uID="u14">
    <w>milk<mor type="mor"><mw><pos><c>n</c></pos><stem>milk</stem></mw><gra type="gra" index="1" head="0" relation="INCROOT"/></mor></w>
    <t type="p"><mor type="mor"><mt type="p"/><gra type="gra" index="2" head="1" relation="PUNCT"/></mor></t>

    <a type="extension" flavor="pho">mʌ</a>
  </u>
  <u who="CHI" uID="u15">
    <w>Daddy<mor type="mor"><mw><pos><c>n</c><s>prop</s></pos><stem>Daddy</stem></mw><gra type="gra" index="1" head="0" relation="INCROOT"/></mor></w>
    <t type="p"><mor type="mor"><mt type="p"/><gra type="gra" index="2" head="1" relation="PUNCT"/></mor></t>

    <a type="extension" flavor="pho">dədi</a>
  </u>
  <u who="CHI" uID="u16">
    <w>Daddy<mor type="mor"><mw><pos><c>n</c><s>prop</s></pos><stem>Daddy</stem></mw><gra type="gra" index="1" head="0" relation="INCROOT"/></mor></w>
    <t type="p"><mor type="mor"><mt type="p"/><gra type="gra" index="2" head="1" relation="PUNCT"/></mor></t>

    <a type="extension" flavor="pho">dædi</a>
    <a type="comments">two separate renditions</a>
  </u>
  <u who="CHI" uID="u17">
    <w>toast<mor type="mor"><mw><pos><c>n</c></pos><stem>toast</stem></mw><gra type="gra" index="1" head="0" relation="INCROOT"/></mor></w>
    <t type="p"><mor type="mor"><mt type="p"/><gra type="gra" index="2" head="1" relation="PUNCT"/></mor></t>

    <a type="extension" flavor="pho">təʊ</a>
  </u>
  <u who="CHI" uID="u18">
    <g><w>crispies<mor type="mor"><mw><pos><c>n</c></pos><stem>crisp</stem><mk type="sfxf">dadj</mk><mk type="sfx">DIM</mk><mk type="sfx">PL</mk></mw><gra type="gra" index="1" head="0" relation="INCROOT"/></mor></w><ga type="explanation">Rice Crispies</ga></g>
    <t type="p"><mor type="mor"><mt type="p"/><gra type="gra" index="2" head="1" relation="PUNCT"/></mor></t>

    <a type="extension" flavor="pho">pʰipʰi</a>
  </u>
  <u who="CHI" uID="u19">
    <w>lunch<mor type="mor"><mw><pos><c>n</c></pos><stem>lunch</stem></mw><gra type="gra" index="1" head="0" relation="INCROOT"/></mor></w>
    <t type="p"><mor type="mor"><mt type="p"/><gra type="gra" index="2" head="1" relation="PUNCT"/></mor></t>

    <a type="extension" flavor="pho">lʌn</a>
  </u>
  <u who="CHI" uID="u20">
    <w>lounge<mor type="mor"><mw><pos><c>n</c></pos><stem>lounge</stem></mw><gra type="gra" index="1" head="0" relation="INCROOT"/></mor></w>
    <t type="p"><mor type="mor"><mt type="p"/><gra type="gra" index="2" head="1" relation="PUNCT"/></mor></t>

    <a type="extension" flavor="pho">lʌn</a>
  </u>
  <u who="CHI" uID="u21">
    <w>sweetie<mor type="mor"><mw><pos><c>co</c></pos><stem>sweetie</stem></mw><gra type="gra" index="1" head="0" relation="INCROOT"/></mor></w>
    <t type="p"><mor type="mor"><mt type="p"/><gra type="gra" index="2" head="1" relation="PUNCT"/></mor></t>

    <a type="extension" flavor="pho">pʰipʰi</a>
  </u>
  <u who="CHI" uID="u22">
    <w>no<mor type="mor"><mw><pos><c>co</c></pos><stem>no</stem></mw><gra type="gra" index="1" head="0" relation="INCROOT"/></mor></w>
    <t type="p"><mor type="mor"><mt type="p"/><gra type="gra" index="2" head="1" relation="PUNCT"/></mor></t>

    <a type="extension" flavor="pho">noʊ</a>
    <a type="comments">imit</a>
  </u>
  <u who="CHI" uID="u23">
    <w>banana<mor type="mor"><mw><pos><c>n</c></pos><stem>banana</stem></mw><gra type="gra" index="1" head="0" relation="INCROOT"/></mor></w>
    <t type="p"><mor type="mor"><mt type="p"/><gra type="gra" index="2" head="1" relation="PUNCT"/></mor></t>

    <a type="extension" flavor="pho">nɑ:nɑ:</a>
  </u>
  <u who="CHI" uID="u24">
    <g><w>gone<mor type="mor"><mw><pos><c>part</c></pos><stem>go</stem><mk type="sfxf">PASTP</mk></mw><gra type="gra" index="1" head="0" relation="INCROOT"/></mor></w><ga type="explanation">take it away , I don't like it</ga></g>
    <t type="p"><mor type="mor"><mt type="p"/><gra type="gra" index="2" head="1" relation="PUNCT"/></mor></t>

    <a type="extension" flavor="pho">ɡɒn:</a>
  </u>
  <comment type="Date">03-JAN-1969</comment>
  <u who="CHI" uID="u25">
    <w>crocodile<mor type="mor"><mw><pos><c>n</c></pos><stem>crocodile</stem></mw><gra type="gra" index="1" head="0" relation="INCROOT"/></mor></w>
    <t type="p"><mor type="mor"><mt type="p"/><gra type="gra" index="2" head="1" relation="PUNCT"/></mor></t>

    <a type="extension" flavor="pho">kaka</a>
  </u>
  <u who="CHI" uID="u26">
    <w>supper<mor type="mor"><mw><pos><c>n</c></pos><stem>supper</stem></mw><gra type="gra" index="1" head="0" relation="INCROOT"/></mor></w>
    <t type="p"><mor type="mor"><mt type="p"/><gra type="gra" index="2" head="1" relation="PUNCT"/></mor></t>

    <a type="extension" flavor="pho">papa</a>
  </u>
  <u who="CHI" uID="u27">
    <w>ready<mor type="mor"><mw><pos><c>adj</c></pos><stem>ready</stem></mw><gra type="gra" index="1" head="0" relation="INCROOT"/></mor></w>
    <t type="p"><mor type="mor"><mt type="p"/><gra type="gra" index="2" head="1" relation="PUNCT"/></mor></t>

    <a type="extension" flavor="pho">ʋe̝ʋi</a>
  </u>
  <u who="CHI" uID="u28">
    <w>pepper<mor type="mor"><mw><pos><c>n</c></pos><stem>pepper</stem></mw><gra type="gra" index="1" head="0" relation="INCROOT"/></mor></w>
    <t type="p"><mor type="mor"><mt type="p"/><gra type="gra" index="2" head="1" relation="PUNCT"/></mor></t>

    <a type="extension" flavor="pho">papa</a>
  </u>
  <u who="CHI" uID="u29">
    <w>water<mor type="mor"><mw><pos><c>n</c></pos><stem>water</stem></mw><gra type="gra" index="1" head="0" relation="INCROOT"/></mor></w>
    <t type="p"><mor type="mor"><mt type="p"/><gra type="gra" index="2" head="1" relation="PUNCT"/></mor></t>

    <a type="extension" flavor="pho">wɔwə</a>
  </u>
  <u who="CHI" uID="u30">
    <w>lunch<wk type="cmp"/>time<mor type="mor"><mwc><pos><c>n</c></pos><mw><pos><c>n</c></pos><stem>lunch</stem></mw><mw><pos><c>n</c></pos><stem>time</stem></mw></mwc><gra type="gra" index="1" head="0" relation="INCROOT"/></mor></w>
    <t type="p"><mor type="mor"><mt type="p"/><gra type="gra" index="2" head="1" relation="PUNCT"/></mor></t>

    <a type="extension" flavor="pho">tə:tʌm</a>
  </u>
  <u who="CHI" uID="u31">
    <w>tree<mor type="mor"><mw><pos><c>n</c></pos><stem>tree</stem></mw><gra type="gra" index="1" head="0" relation="INCROOT"/></mor></w>
    <t type="p"><mor type="mor"><mt type="p"/><gra type="gra" index="2" head="1" relation="PUNCT"/></mor></t>

    <a type="extension" flavor="pho">tıi</a>
  </u>
  <u who="CHI" uID="u32">
    <w>birdie<mor type="mor"><mw><pos><c>n</c></pos><stem>bird</stem><mk type="sfx">DIM</mk></mw><gra type="gra" index="1" head="0" relation="INCROOT"/></mor></w>
    <t type="p"><mor type="mor"><mt type="p"/><gra type="gra" index="2" head="1" relation="PUNCT"/></mor></t>

    <a type="extension" flavor="pho">bə:bi</a>
  </u>
  <u who="CHI" uID="u33">
    <w>pen<mor type="mor"><mw><pos><c>n</c></pos><stem>pen</stem></mw><gra type="gra" index="1" head="0" relation="INCROOT"/></mor></w>
    <t type="p"><mor type="mor"><mt type="p"/><gra type="gra" index="2" head="1" relation="PUNCT"/></mor></t>

    <a type="extension" flavor="pho">pəm</a>
  </u>
  <u who="CHI" uID="u34">
    <w>gone<mor type="mor"><mw><pos><c>part</c></pos><stem>go</stem><mk type="sfxf">PASTP</mk></mw><gra type="gra" index="1" head="0" relation="INCROOT"/></mor></w>
    <t type="p"><mor type="mor"><mt type="p"/><gra type="gra" index="2" head="1" relation="PUNCT"/></mor></t>

    <a type="extension" flavor="pho">ɡɒm</a>
  </u>
  <comment type="Date">11-JAN-1969</comment>
  <u who="CHI" uID="u35">
    <w>beer<mor type="mor"><mw><pos><c>n</c></pos><stem>beer</stem></mw><gra type="gra" index="1" head="0" relation="INCROOT"/></mor></w>
    <t type="p"><mor type="mor"><mt type="p"/><gra type="gra" index="2" head="1" relation="PUNCT"/></mor></t>

    <a type="extension" flavor="pho">beə</a>
  </u>
  <comment type="Generic">1. Words with nuclear stress are generally imitated. 2. Two word sentences seem to be occurring almost by accident , such as "Daddy , bye-bye" , usually with a separate intonation group on each.</comment>
</CHAT>